date,gdelt_crisis_score,economic_risk_score,trend_risk_score,disaster_risk_score,gdelt_crisis_score_ma3,disaster_risk_score_ma3,economic_risk_score_ma3,gdelt_crisis_score_slope3m,disaster_risk_score_slope3m,economic_risk_score_slope3m,gdelt_crisis_score_zscore,disaster_risk_score_zscore,external_risk_avg,external_risk_max,external_risk_range
2009-01-01,0.0753966650656452,0.5205591919771302,0.7864735500714863,0.089348567062079,0.0753966650656452,0.089348567062079,0.5205591919771302,,,,,,0.3679444935440852,0.7864735500714863,0.7110768850058411
2009-02-01,0.0971967121585549,0.5205591919771302,0.7386088145707714,0.0927016473135443,0.08629668861210005,0.09102510718781165,0.5205591919771302,,,,,,0.3622665915050002,0.7386088145707714,0.6459071672572272
2009-03-01,0.3219804669306175,0.5205591919771302,0.7021818859949027,0.0370397911317429,0.16485794805160586,0.07303000183578873,0.5205591919771302,0.12329190093248614,-0.02615438796516805,0.0,,,0.3954403340085983,0.7021818859949027,0.6651420948631598
2009-04-01,0.1950175081498602,0.5205591919771302,0.701311618076708,0.0263238092142292,0.20473156241301085,0.0520217492198388,0.5205591919771302,0.04891039799565265,-0.03318891904965755,0.0,,,0.3608030318544819,0.701311618076708,0.6749878088624789
2009-05-01,0.0394479697439374,0.5205591919771302,0.6519549947162306,0.0337001865927551,0.18548198160813834,0.0323545956462424,0.5205591919771302,-0.14126624859334003,-0.0016698022694938974,0.0,,,0.3114155857575133,0.6519549947162306,0.6182548081234756
2009-06-01,0.0758848894710881,0.5205591919771302,0.608068626841549,0.0210859450161951,0.1034501224549619,0.0270366469410598,0.5205591919771302,-0.05956630933938605,-0.0026189320990170507,0.0,-0.5497777456567938,-0.8974502109483209,0.3063996633264906,0.608068626841549,0.586982681825354
2009-07-01,0.0940315602664158,0.5205591919771302,0.5900416485360851,0.0359002071081429,0.0697881398271471,0.030228779572364372,0.5205591919771302,0.027291795261239205,0.0011000102576938994,0.0,-0.3511638720315962,-0.4048099075520216,0.31013315197194347,0.5900416485360851,0.5541414414279422
2009-08-01,0.0836260714468498,0.5205591919771302,0.6355442282588426,0.0302999213301042,0.08451417372811791,0.0290953578181474,0.5205591919771302,0.0038705909878808537,0.004606988156954551,0.0,-0.4258579256043226,-0.5456891332434174,0.3175073532532317,0.6355442282588426,0.6052443069287384
2009-09-01,0.1033561567391636,0.5205591919771302,0.7006899981351402,0.0463945967937614,0.0936712628174764,0.03753157507733617,0.5205591919771302,0.004662298236373895,0.00524719484280925,0.0,-0.20040968870870238,0.019891074616972194,0.34274998591129885,0.7006899981351402,0.6542954013413789
2009-10-01,0.0191961925103701,0.5205591919771302,0.6972710884565176,0.0379068755375418,0.06872614023212784,0.03820046455380247,0.5205591919771302,-0.03221493946823985,0.0038034771037188,0.0,-1.043643615661992,-0.2845130458677844,0.3187333371203899,0.6972710884565176,0.6780748959461476
2009-11-01,0.014094458232939,0.5205591919771302,0.6708522409398894,0.1970487917750699,0.0455489358274909,0.09378342136879103,0.5205591919771302,-0.044630849253112295,0.07532709749065425,0.0,-0.9966086864169172,2.673691761528248,0.3506386707312571,0.6708522409398894,0.6567577827069504
2009-12-01,0.120252554042335,0.5205591919771302,0.7336358550382297,0.1269910008310394,0.05118106826188137,0.12064888938121703,0.5205591919771302,0.05052818076598245,0.044542062646748794,0.0,0.20186479980446095,1.176852798117546,0.37535965047218356,0.7336358550382297,0.6133833009958947
2010-01-01,0.1066857869704213,0.0123869783469557,0.6091875427363711,0.1653241942909732,0.08034426641523176,0.16312132896569417,0.35116845410040537,0.04629566436874115,-0.01586229874204835,-0.25408610681508725,0.00943246970572847,1.565724355045706,0.22339612558618033,0.6091875427363711,0.5968005643894154
2010-02-01,0.0757734370372237,0.0123869783469557,0.6456766333063965,0.184744853185574,0.10090392601665998,0.15902001610252886,0.18177771622368052,-0.02223955850255565,0.028876926177267295,-0.25408610681508725,-0.33736988239096655,1.5474282077303414,0.22964547546903746,0.6456766333063965,0.6332896549594408
2010-03-01,0.0767107610852589,0.0123869783469557,0.5940821781562753,0.1175154216335545,0.08638999503096796,0.15586148970336725,0.0123869783469557,-0.014987512942581202,-0.02390438632870935,0.0,-0.14352299734881702,0.4733556208884693,0.2001738348055111,0.5940821781562753,0.5816951998093196
2010-04-01,0.2035590273206973,0.0123869783469557,0.5810281593833531,0.1500041910002841,0.11868107514772663,0.1507548219398042,0.0123869783469557,0.0638927951417368,-0.01737033109264495,0.0,2.3682550872603163,0.8033892950731646,0.23674458901282253,0.5810281593833531,0.5686411810363974
2010-05-01,0.0557315428077711,0.0123869783469557,0.5253931746130418,0.1773796714090252,0.11200044373790909,0.14829976134762127,0.0123869783469557,-0.010489609138743899,0.029932124887735344,0.0,-0.6098821095019606,1.019264104402217,0.19272284179419846,0.5253931746130418,0.5130061962660861
2010-06-01,0.0751592972889079,0.0123869783469557,0.5670417106980792,0.1422397026847601,0.11148328913912543,0.1565411883646898,0.0123869783469557,-0.0641998650158947,-0.003882244157761991,0.0,-0.21377520786337853,0.3882712850899173,0.19920692225467573,0.5670417106980792,0.5546547323511235
2010-07-01,0.077563330265661,0.0123869783469557,0.5350282837073413,0.1593777572176062,0.06948472345411334,0.1596657104371305,0.0123869783469557,0.010915893728944952,-0.0090009570957095,0.0,-0.13711924902890718,0.5354970293810534,0.19608908738439104,0.5350282837073413,0.5226413053603857
2010-08-01,0.0775931107244978,0.0123869783469557,0.4488095978118976,0.1250331284389611,0.0767719127596889,0.14221686278044246,0.0123869783469557,0.0012169067177949522,-0.008603287122899497,0.0,-0.12619608246191566,-0.21534760017367946,0.16595570383057803,0.4488095978118976,0.43642261946494193
2010-09-01,0.0678441090807799,0.0123869783469557,0.5757443898800274,0.1819543919976921,0.0743335166903129,0.1554550925514198,0.0123869783469557,-0.004859610592440555,0.011288317390042948,0.0,-0.2652598337640896,0.8117587225010037,0.20948246732636377,0.5757443898800274,0.5633574115330717
2010-10-01,0.0774757512931985,0.0123869783469557,0.6094361907129981,0.1366254379443316,0.07430432369949207,0.14787098612699492,0.0123869783469557,-5.867971564964963e-05,0.005796154752685245,0.0,-0.1824958448768528,-0.7116650737369368,0.20898108957437098,0.6094361907129981,0.5970492123660425
2010-11-01,0.0261814558425226,0.0123869783469557,0.6040280972213589,0.1349709678305538,0.05716710540550033,0.1511835992575258,0.0123869783469557,-0.02083132661912865,-0.023491712083569146,0.0,-1.393240627837864,-0.652668325045264,0.19439187481034775,0.6040280972213589,0.5916411188744032
2010-12-01,0.0426566620537423,0.0123869783469557,0.6534468825759931,0.0913658575960993,0.048771289729821136,0.12098742112366156,0.0123869783469557,-0.0174095446197281,-0.02262979017411615,0.0,-0.8587135604712754,-1.9756793843854417,0.1999640951431976,0.6534468825759931,0.6410599042290375
2011-01-01,0.3112764958685816,0.2024484325926596,0.4537825573444396,0.1065849012967505,0.1267048712549488,0.11097390890780119,0.075740796428857,0.1425475200130295,-0.014193033266901647,0.09503072712285195,2.677358966564887,-1.1956579589467444,0.2685230967756078,0.4537825573444396,0.34719765604768915
2011-02-01,0.093771617383568,0.2024484325926596,0.5406228631814509,0.1018396622419667,0.14923492510196396,0.09993014037827215,0.1390946145107583,0.02555747766491285,0.005236902322933695,0.09503072712285195,-0.06304986226945807,-1.1677701905546256,0.2346706438499113,0.5406228631814509,0.44685124579788293
2011-03-01,0.0555907303782043,0.2024484325926596,0.5424877230061541,0.0990287795312694,0.15354628121011799,0.10248444768999554,0.2024484325926596,-0.12784288274518862,-0.0037780608827405466,0.0,-0.5153756681422151,-1.151772400436842,0.22488891637707187,0.5424877230061541,0.48689699262794983
2011-04-01,0.1131227178453484,0.2024484325926596,0.4650960402809722,0.020598821678156,0.08749502186904023,0.07382242115046403,0.2024484325926596,0.0096755502308902,-0.04062042028190535,0.0,0.32161514070415465,-2.3323788614606538,0.20031650309928403,0.4650960402809722,0.44449721860281616
2011-05-01,0.0342990925085833,0.2024484325926596,0.5234039908000248,0.0832826037444669,0.067670846910712,0.06763673498463077,0.2024484325926596,-0.010645818934810501,-0.00787308789340125,0.0,-0.7159219269524271,-0.7662444835898495,0.21085852991143364,0.5234039908000248,0.48910489829144144
2011-06-01,0.0473162366976156,0.2024484325926596,0.4501771616833467,0.0270832581302484,0.06491268235051577,0.04365489451762377,0.2024484325926596,-0.0329032405738664,0.0032422182260462003,0.0,-0.5045682328997778,-1.6455031345199846,0.18175627227596755,0.4501771616833467,0.4230939035530983
2011-07-01,0.0453158919528217,0.2024484325926596,0.4309069434947473,0.0402751279810184,0.04231040705300687,0.05021366328524457,0.2024484325926596,0.005508399722119202,-0.02150373788172425,0.0,-0.4897967644012846,-1.1566149053917119,0.17973659900531175,0.4309069434947473,0.3906318155137289
2011-08-01,0.0713429935191172,0.2024484325926596,0.4458258220923727,0.0350682163961388,0.05465837405651817,0.03414220083580186,0.2024484325926596,0.012013378410750798,0.0039924791329452,0.0,-0.14189626940920166,-1.0645926138631208,0.18867136615007207,0.4458258220923727,0.4107576056962339
2011-09-01,0.1059813178686348,0.2024484325926596,0.4607447006899982,0.0295762141455625,0.07421340111352456,0.034973186174239904,0.2024484325926596,0.030332712957906547,-0.00534945691772795,0.0,0.2694245974452039,-1.0737919865856196,0.19968766632421378,0.4607447006899982,0.4311684865444357
2011-10-01,0.0751387799741754,0.2024484325926596,0.5795984335177473,0.0346883171057951,0.08415436378730913,0.033110915882498794,0.2024484325926596,0.0018978932275290972,-0.0001899496451718517,0.0,-0.13097450662389906,-0.8176500206082281,0.22296849079759437,0.5795984335177473,0.5449101164119522
2011-11-01,0.0488767490108039,0.2024484325926596,0.5636228010194566,0.0497799907272064,0.07666561561787137,0.03801484065952133,0.2024484325926596,-0.02855228442891545,0.010101888290821951,0.0,-0.5074575269742277,-0.3037238514910481,0.21618199333753163,0.5636228010194566,0.5147460520086528
2011-12-01,0.0187286898492627,0.2024484325926596,0.5409336731522348,0.0674401175726559,0.04758140627808066,0.0506361418018858,0.2024484325926596,-0.028205045062456347,0.016375900233430402,0.0,-0.8634721308864347,0.29639288573774714,0.20738772829170327,0.5409336731522348,0.5222049833029722
2012-01-01,0.0674201963512733,0.2009354752474195,0.476906819170759,0.1644962631706797,0.04500854507044663,0.09390545715684732,0.20194411347757957,0.009271723670234704,0.05735813622173665,-0.0007564786726200479,0.09309427828843643,2.3848729382226783,0.22743968848503288,0.476906819170759,0.40948662281948567
2012-02-01,0.1215839198597854,0.2009354752474195,0.4831230185864362,0.0557556158941209,0.0692442686867738,0.09589733221248549,0.20143979436249956,0.05142761500526134,-0.005842250839267503,-0.0007564786726200479,1.691666273272203,-0.07751954195119454,0.2153495073969405,0.4831230185864362,0.4273674026923153
2012-03-01,0.1183092874043264,0.2009354752474195,0.4868527382358427,0.1466364810986722,0.10243780120512835,0.12229612005449093,0.2009354752474195,0.025444545526526547,-0.008929891036003751,0.0,1.309154383515818,1.7833458167377356,0.2381834954965652,0.4868527382358427,0.3685434508315163
2012-04-01,0.0946905379413408,0.2009354752474195,0.4990364890905701,0.0188409483416095,0.1115279150684842,0.07374434844480086,0.2009354752474195,-0.013446690959222296,-0.018457333776255698,0.0,0.7130275613173546,-0.9319831239968612,0.20337586265523497,0.4990364890905701,0.4801955407489606
2012-05-01,0.0420671531930411,0.2009354752474195,0.4309069434947473,0.0344711842599796,0.08502232617956944,0.06664953790008708,0.2009354752474195,-0.038121067105642656,-0.056082648419346286,0.0,-0.8921443846308538,-0.511956118732845,0.1770951890487969,0.4309069434947473,0.3964357592347677
2012-06-01,0.1732954304723321,0.2009354752474195,0.4585690308945112,0.025237624148338,0.10335104053557133,0.026183252249975694,0.2009354752474195,0.039302446265495644,0.0031983379033642487,0.0,2.123946271658692,-0.7022943351104571,0.21450939019065018,0.4585690308945112,0.43333140674617315
2012-07-01,0.0523829738633374,0.2009354752474195,0.4182258966867657,0.0359443700579899,0.08924851917623687,0.03188439282210249,0.2009354752474195,0.0051579103351481505,0.0007365928990051492,0.0,-0.7077429095470997,-0.46711674241543966,0.1768721789638781,0.4182258966867657,0.3822815266287758
2012-08-01,0.0977532135665426,0.2009354752474195,0.3376639522595885,0.0260656451227193,0.10781053930073736,0.029082546443015722,0.2009354752474195,-0.03777110845289475,0.00041401048719065005,0.0,0.30684656479393146,-0.6526504944598327,0.16560457154906746,0.3376639522595885,0.3115983071368692
2012-09-01,0.1768103414682827,0.2009354752474195,0.3824205880524647,0.0358542692689337,0.10898217629938756,0.032621428149880956,0.2009354752474195,0.06221368380247265,-4.505039452809903e-05,0.0,1.7224068908331733,-0.46259774597580994,0.19900516850927513,0.3824205880524647,0.346566318783531
2012-10-01,0.0506770815892083,0.2009354752474195,0.461055510660782,0.0173706376700074,0.10841354554134452,0.026430184020553457,0.2009354752474195,-0.02353806598866715,-0.0043475037263559484,0.0,-0.7392674797267034,-0.8025026349607595,0.18250967629185427,0.461055510660782,0.4436848729907746
2012-11-01,0.1546033762498767,0.2009354752474195,0.5654876608441599,0.0167415805038489,0.12736359976912257,0.023322162480929987,0.2009354752474195,-0.011103482609203005,-0.009556344382542402,0.0,1.0830771154979086,-0.7387968471152389,0.23444202321132623,0.5654876608441599,0.548746080340311
2012-12-01,0.1923341642152226,0.2009354752474195,0.4923229937216388,0.1073118402112774,0.13253820735143587,0.047141352795044555,0.2009354752474195,0.07082854131300714,0.044970601270635,0.0,1.515233963473098,0.9600960239137647,0.24822611834888958,0.4923229937216388,0.3850111535103614
2013-01-01,0.2217493561466521,0.228276363809875,0.4187853546341766,0.1499843972871858,0.18956229887058376,0.09134593933410402,0.21004910476823802,0.0335729899483877,0.06662140839166844,0.013670444281227752,1.6263615113640206,1.8927064011279942,0.25469886796947233,0.4187853546341766,0.26880095734699083
2013-02-01,0.1410010743982419,0.228276363809875,0.4194069745757445,0.0976879746896045,0.18502819825337222,0.11832807072935587,0.21916273428905653,-0.025666544908490352,-0.004811932760836454,0.013670444281227752,0.24552409209093295,0.749175301529989,0.22159309686836648,0.4194069745757445,0.32171899988614
2013-03-01,0.165267541478933,0.228276363809875,0.3433828557220115,0.0634325429535232,0.17600599067460898,0.10370163831010448,0.228276363809875,-0.028240907333859543,-0.0432759271668313,0.0,0.576372122991001,0.25446223529236417,0.20008982599108566,0.3433828557220115,0.2799503127684883
2013-04-01,0.1908376214252218,0.228276363809875,0.3476098713246722,0.0356797460579187,0.1657020791007989,0.06560008790034878,0.228276363809875,0.02491827351348995,-0.031004114315842893,0.0,0.8481630039694814,-0.4278648447768264,0.2006009006544219,0.3476098713246722,0.3119301252667535
2013-05-01,0.2108000134151232,0.228276363809875,0.3330018026978305,0.0617311770876186,0.188968392106426,0.053614488699686824,0.228276363809875,0.0227662359680951,-0.0008506829329523005,0.0,1.023256664394431,0.13444257361359147,0.2084523392526118,0.3330018026978305,0.27127062561021187
2013-06-01,0.1698901275787087,0.228276363809875,0.2824641014483744,0.0574882309953454,0.19050925413968456,0.051633051380294226,0.228276363809875,-0.010473746923256547,0.010904242468713347,0.0,0.313308704761108,-0.03148749721101031,0.18452970595807588,0.2824641014483744,0.22497587045302903
2013-07-01,0.1730138387421829,0.228276363809875,0.2615155094175421,0.0293721065901892,0.18456799324533826,0.04953050489105105,0.228276363809875,-0.018893087336470146,-0.016179535248714697,0.0,0.2291306847724063,-0.6999760983173074,0.1730444546399473,0.2615155094175421,0.23214340282735288
2013-08-01,0.1547873745070759,0.228276363809875,0.218623733449369,0.0259644790322094,0.1658971136093225,0.03760827220591466,0.228276363809875,-0.007551376535816404,-0.015761875981568,0.0,-0.27671855011135915,-0.7823000430606996,0.15691298769963233,0.228276363809875,0.2023118847776656
2013-09-01,0.2659244075214836,0.228276363809875,0.3361720643998261,0.0290971537969632,0.19790854025691415,0.028144579806453924,0.228276363809875,0.04645528438965035,-0.00013747639661300035,0.0,1.7603066774791871,-0.6863744660487979,0.214867497382037,0.3361720643998261,0.3070749106028629
2013-10-01,0.17816831673755,0.228276363809875,0.3072045751227699,0.0266329151877699,0.19962669958870316,0.027231516005647494,0.228276363809875,0.01169047111523705,0.00033421807778024996,0.0,-0.19306691594124312,-0.7779100644086373,0.1850705427144912,0.3072045751227699,0.280571659935
2013-11-01,0.1617508465094908,0.228276363809875,0.3504071610617268,0.0865628349836752,0.20194785692284145,0.04743096798946942,0.228276363809875,-0.052086780505996404,0.028732840593355995,0.0,-0.6937618364521506,0.5673168601011336,0.20674930159119195,0.3504071610617268,0.26384432607805164
2013-12-01,0.1607040060127377,0.228276363809875,0.2414371853049046,0.1477636801978228,0.1668743897532595,0.08698647678975596,0.228276363809875,-0.008732155362406138,0.060565382505026445,0.0,-0.635449541356055,1.791865974680188,0.19454530883133503,0.2414371853049046,0.0936735051070818
2014-01-01,0.2108226953681209,0.1981141710116517,0.4097718654814447,0.1094914534312634,0.17775918263011647,0.11460598953758712,0.21822229954380057,0.024535924429315053,0.0114643092237941,-0.015081096399111647,0.8545492533387212,1.1565049818159718,0.23205004632312018,0.4097718654814447,0.3002804120501813
2014-02-01,0.1956167602908106,0.1981141710116517,0.4983527071548456,0.0838883848458205,0.1890478205572231,0.11371450615830221,0.20816823527772613,0.017456377139036444,-0.03193764767600115,-0.015081096399111647,0.2913361926896729,0.5437440436951136,0.2439930058257821,0.4983527071548456,0.4144643223090251
2014-03-01,0.1867445660201732,0.1981141710116517,0.5142040156648225,0.0749075410881709,0.1977280072263682,0.08942912645508494,0.1981141710116517,-0.012039064673973851,-0.017291956171546254,0.0,-0.04920424726956341,0.2828001028764083,0.2434925734462046,0.5142040156648225,0.43929647457665166
2014-04-01,0.2280058604004746,0.1981141710116517,0.4141232050724187,0.0256063468063532,0.20345572890381947,0.06146742424678153,0.1981141710116517,0.016194550054832002,-0.029141019019733646,0.0,1.1179432588806697,-0.9597929514230473,0.21646239582272453,0.4141232050724187,0.38851685826606547
2014-05-01,0.222313350779505,0.1981141710116517,0.3643936097470006,0.0181084411657283,0.21235459240005095,0.03954077635341747,0.1981141710116517,0.017784392379665906,-0.0283995499612213,0.0,0.8937922068470949,-1.0041459208428065,0.20073239317597139,0.3643936097470006,0.3462851685812723
2014-06-01,0.1534857621672875,0.1981141710116517,0.3985827065332257,0.0249461911187141,0.20126832444908904,0.0228869930302652,0.1981141710116517,-0.03726004911659356,-0.0003300778438195505,0.0,-1.0742064428638713,-0.7510528985166788,0.19378220770771976,0.3985827065332257,0.3736365154145116
2014-07-01,0.1952496094988571,0.1981141710116517,0.3233666936035309,0.0288480300406739,0.1903495741485499,0.0239675541083721,0.1981141710116517,-0.013531870640323948,0.0053697944374728,0.0,0.07123264178024777,-0.6577242372557677,0.1863946260386784,0.3233666936035309,0.294518663562857
2014-08-01,0.2001557220144447,0.1981141710116517,0.2919127245602039,0.0304942865904256,0.18296369789352976,0.028096169249937866,0.1981141710116517,0.023334979923578608,0.0027740477358557496,0.0,0.11078114375265835,-0.6320441491146686,0.18016922604418148,0.2919127245602039,0.2614184379697783
2014-09-01,0.2250717654486546,0.1981141710116517,0.4125691552184994,0.0203123702180417,0.2068256989873188,0.02655156228304707,0.1981141710116517,0.01491107797489874,-0.0042678299113161,0.0,1.2353599126831936,-0.8436885006068399,0.21401686547421184,0.4125691552184994,0.3922567850004577
2014-10-01,0.1812369866772039,0.1981141710116517,0.4299745135823958,0.0278267037675688,0.20215482471343438,0.026211120192012032,0.1981141710116517,-0.009459367668620405,-0.0013337914114283991,0.0,-0.47492504075799563,-0.6718060909288808,0.20928809375970506,0.4299745135823958,0.402147809814827
2014-11-01,0.1776055685429848,0.1981141710116517,0.4319015354012556,0.0277394369573097,0.19463810688961444,0.0252928369809734,0.1981141710116517,-0.0237330984528349,0.0037135333696340003,0.0,-0.7066233450877215,-0.5642816063838788,0.20884017797830046,0.4319015354012556,0.4041620984439459
2014-12-01,0.6754301623167859,0.1981141710116517,0.3867719276434389,0.1819566762020095,0.34475757251232486,0.07917427230896266,0.1981141710116517,0.24709658781979096,0.07706498621722035,0.0,3.136575578129098,2.552978851462149,0.3605682342934715,0.6754301623167859,0.49347348611477637
2015-01-01,0.192300672183347,0.2263888123083119,0.3917448871759806,0.0680638212117442,0.3484454676810393,0.09258664479035446,0.20753905144387177,0.007347551820181111,0.020162192127217253,0.014137320648330093,-0.31286317544614667,0.3608471318742809,0.2196245482198459,0.3917448871759806,0.3236810659642364
2015-02-01,0.3240424370992011,0.2263888123083119,0.4396096226766954,0.0718993909426475,0.397257757199778,0.10730662945213372,0.21696393187609184,-0.17569386260879238,-0.055028642629681004,0.014137320648330093,0.5457659146514373,0.4697796125379209,0.265485065756714,0.4396096226766954,0.36771023173404793
2015-03-01,0.4844229667889022,0.2263888123083119,0.4154907689438678,0.0446098247022491,0.33358869202381675,0.06152434561888026,0.2263888123083119,0.14606114730277758,-0.01172699825474755,0.0,1.3690663455757797,-0.06380224627701345,0.2927280931858327,0.4844229667889022,0.43981314208665306
2015-04-01,0.5190332438916487,0.2263888123083119,0.368123329396407,0.0841688196551831,0.4424995492599173,0.06689267843335989,0.2263888123083119,0.09749540339622381,0.0061347143562677986,0.0,1.3124615877342947,0.6843071782030934,0.29942855131288765,0.5190332438916487,0.43486442423646565
2015-05-01,0.4491403300870034,0.2263888123083119,0.3518368869273327,0.0300152962567757,0.484198846922518,0.05293131353806929,0.2263888123083119,-0.017641318350949398,-0.0072972642227366975,0.0,0.7736571218935423,-0.5115599456584502,0.26434533139485594,0.4491403300870034,0.4191250338302277
2015-06-01,0.4151686772625276,0.2263888123083119,0.3560017405358364,0.0295913240396123,0.4611140837470599,0.04792514665052369,0.2263888123083119,-0.05193228331456057,-0.027288747807785393,0.0,0.468031648521298,-0.5321351359755253,0.25678763853657205,0.4151686772625276,0.3855773532229153
2015-07-01,0.4241710419142583,0.2263888123083119,0.3180829241002051,0.0286878430554812,0.42949334975459647,0.029431487783956392,0.2263888123083119,-0.012484644086372537,-0.0006637266006472506,0.0,0.4194631787405071,-0.5516091252141849,0.24933265534456414,0.4241710419142583,0.3954831988587771
2015-08-01,0.4076460137916798,0.2263888123083119,0.2936532603965934,0.0277161569193772,0.41566191098948857,0.028665108004823556,0.2263888123083119,-0.003761331735423895,-0.0009375835601175501,0.0,0.2221535443294276,-0.5661857608942469,0.23885106085399058,0.4076460137916798,0.37992985687230263
2015-09-01,0.4226838087527013,0.2263888123083119,0.3671908994840555,0.0273652248518314,0.4181669548195465,0.027923074942229925,0.2263888123083119,-0.0007436165807785111,-0.0006613091018248998,0.0,0.22259493935580524,-0.5922575510648075,0.26090718634922505,0.4226838087527013,0.3953185839008699
2015-10-01,0.4471479891050333,0.2263888123083119,0.3662584695717039,0.0282500173195899,0.42582593721647144,0.02777713303026616,0.2263888123083119,0.01975098765667674,0.00026693020010634845,0.0,0.26391847160433435,-0.5737462345833767,0.26701132207615974,0.4471479891050333,0.4188979717854434
2015-11-01,0.4319464718873154,0.2263888123083119,0.4731770995213528,0.0198530327649373,0.43392608991501663,0.02515609164545286,0.2263888123083119,0.004631331567307051,-0.0037560960434470498,0.0,-0.007215369433190152,-0.7373148821648321,0.28784135412047934,0.4731770995213528,0.45332406675641546
2015-12-01,0.4660193079456493,0.2263888123083119,0.3100018648598247,0.0652894289178232,0.448371256312666,0.03779749300078345,0.2263888123083119,0.009435659420307996,0.018519705799116652,0.0,0.5991419170506049,0.9671265691469054,0.26692485350790224,0.4660193079456493,0.4007298790278261
2016-01-01,0.4855283765946645,0.2256406595122108,0.321999129732082,0.0967950495038427,0.4611647188092098,0.06064583706220106,0.22613942804294487,0.02679095235367457,0.0384710083694527,-0.00037407639805055176,0.9270439978506473,1.9271168769047557,0.2824908038357,0.4855283765946645,0.3887333270908218
2016-02-01,0.4174115511167475,0.2256406595122108,0.3292720830484241,0.1937878632450291,0.4563197452190204,0.11862411388889833,0.22589004377757785,-0.024303878414450888,0.06424921716360296,-0.00037407639805055176,-0.8689134924759685,2.750225082025895,0.2915280392306029,0.4174115511167475,0.22362368787171838
2016-03-01,0.3944705574324348,0.2256406595122108,0.2960154161745508,0.013092845633921,0.4324701617146156,0.10122525279426427,0.2256406595122108,-0.04552890958111486,-0.041851101934960847,0.0,-1.277416449750586,-0.7895308454515522,0.23230486968827935,0.3944705574324348,0.3813777117985138
2016-04-01,0.4033392317597629,0.2256406595122108,0.2465966308199166,0.0240472813966226,0.40507378010298173,0.07697599675852422,0.2256406595122108,-0.007036159678492304,-0.08487029092420326,0.0,-1.0041826178961597,-0.4821556422713543,0.22490595087212822,0.4033392317597629,0.3792919503631403
2016-05-01,0.4300691408673918,0.2256406595122108,0.20936159632001,0.0238877354968018,0.4092929766865298,0.020342620842448457,0.2256406595122108,0.017799291717478488,0.005397444931440401,0.0,0.048276242736219145,-0.47312998753261787,0.2222397830491036,0.4300691408673918,0.40618140537059
2016-06-01,0.4440793838918725,0.2256406595122108,0.2136507739168273,0.0441128707517468,0.4258292521730091,0.03068262921505706,0.2256406595122108,0.020370076066054815,0.010032794677562101,0.0,0.490335362255915,-0.1036629720525878,0.23187092201816434,0.4440793838918725,0.3999665131401257
2016-07-01,0.4331976532399765,0.2256406595122108,0.1628644246907439,0.057111464907483,0.4357820593330803,0.04170402371867719,0.2256406595122108,0.0015642561862923563,0.0166118647053406,0.0,0.047255266350229516,0.10528038956983078,0.21970355058760355,0.4331976532399765,0.3760861883324935
2016-08-01,0.4900975163790237,0.2256406595122108,0.2562317399142165,0.0278083336589493,0.4557915178369576,0.04301088977272636,0.2256406595122108,0.0230090662435756,-0.008152268546398752,0.0,1.722123373010104,-0.4730957533896491,0.24994456236610005,0.4900975163790237,0.4622891827200744
2016-09-01,0.4721558666930914,0.2256406595122108,0.2276372226021011,0.0457885699584522,0.46515034543736383,0.043569456174961496,0.2256406595122108,0.01947910672655745,-0.005661447474515399,0.0,0.9499661708059417,-0.1501632907136569,0.24280557969146385,0.4721558666930914,0.4263672967346392
2016-10-01,0.4558719694065026,0.2256406595122108,0.3205072418723192,0.0820635349065367,0.4727084508262059,0.051886812841312725,0.2256406595122108,-0.017112773486260557,0.0271276006237937,0.0,0.3938620723991737,0.4841723312236948,0.2710208514243923,0.4558719694065026,0.3738084344999659
2016-11-01,0.4742049805857583,0.2256406595122108,0.3264747933113695,0.0595322541899385,0.4674109388951175,0.062461453018309125,0.2256406595122108,0.001024556946333438,0.006871842115743151,0.0,0.8468950144869253,-0.03241694549919448,0.27146317189981933,0.4742049805857583,0.41467272639581976
2016-12-01,0.4395125546462374,0.2256406595122108,0.279542487723006,0.1773571229544052,0.45652983487949944,0.10631763735029347,0.2256406595122108,-0.0081797073801326,0.04764679402393425,0.0,-0.17473798077475444,1.8071130396360273,0.2805132062089648,0.4395125546462374,0.2621554316918322
2017-01-01,0.4328018778697511,0.2104808347940785,0.1914589420028593,0.1019393064554823,0.44883980436724896,0.11294289453327533,0.2205873846061667,-0.020701551358003584,0.021203526132771898,-0.007579912359066146,-0.2711269986060303,0.5230483777356143,0.2341702402805428,0.4328018778697511,0.3308625714142688
2017-02-01,0.3787884873089653,0.2104808347940785,0.2627587493006776,0.1259338178123221,0.417034306608318,0.13507674907406986,0.21553410970012263,-0.030362033668636046,-0.025711652571041545,-0.007579912359066146,-1.7550495040991354,1.2407954321926717,0.2444904723040109,0.3787884873089653,0.2528546694966432
2017-03-01,0.3936974745712605,0.2104808347940785,0.2509479704108907,0.0459635598797064,0.4017626132499923,0.09127889471583693,0.2104808347940785,-0.019552201649245315,-0.02798787328788795,0.0,-1.3030049131908632,-0.47196711385782913,0.225272459913984,0.3936974745712605,0.34773391469155407
2017-04-01,0.3847804064095103,0.2104808347940785,0.1655995524336422,0.0636302503215199,0.38575545609657863,0.07850920933784945,0.2104808347940785,0.0029959595502724863,-0.031151783745401104,0.0,-1.4342011599160438,-0.17117793408139848,0.20612276098968774,0.3847804064095103,0.32115015608799036
2017-05-01,0.4455437053150823,0.2104808347940785,0.1493131099645677,0.0297279862023531,0.408007195431951,0.04644059880119312,0.2104808347940785,0.025923115371910915,-0.008117786838676649,0.0,0.2382211133203078,-0.9541034123180137,0.2087664090690204,0.4455437053150823,0.4158157191127292
2017-06-01,0.439217454176889,0.2104808347940785,0.0750295269472244,0.0407360355590509,0.4231805219671605,0.04469809069430795,0.2104808347940785,0.027218523883689366,-0.011447107381234497,0.0,0.07205884682358561,-0.6945617493649405,0.1913659628693107,0.439217454176889,0.3984814186178381
2017-07-01,0.4235758277327218,0.2104808347940785,0.0236215577795736,0.083143057872385,0.43611232907489766,0.051202359877929655,0.2104808347940785,-0.010983938791180259,0.026707535835015946,0.0,-0.3435210690186144,0.2155270994608739,0.18520531954468972,0.4235758277327218,0.3999542699531482
2017-08-01,0.4904162812771173,0.2104808347940785,0.0666376577360602,0.0517806359734716,0.451069854395576,0.05855324313496916,0.2104808347940785,0.025599413550114136,0.00552230020721035,0.0,1.523930261976086,-0.5631165047756213,0.2048288524451819,0.4904162812771173,0.4386356453036457
2017-09-01,0.4661429059309422,0.2104808347940785,0.1117051034997201,0.3272120289776398,0.4600450049802604,0.15404524094116545,0.2104808347940785,0.02128353909911021,0.12203448555262737,0.0,0.8722136688015851,2.752910872219847,0.27888521830059515,0.4661429059309422,0.35443780243122214
2017-10-01,0.3970307655534583,0.2104808347940785,0.2593398396220552,0.3415047105783017,0.4511966509205059,0.2401657918431377,0.2104808347940785,-0.0466927578618295,0.14486203730241504,0.0,-0.9228982347856214,2.043630162629569,0.3020890376369734,0.3970307655534583,0.18654993075937978
2017-11-01,0.4621505047939557,0.2104808347940785,0.239137191521104,0.4147334199263486,0.4417747254261187,0.3611500531607634,0.2104808347940785,-0.001996200568493256,0.043760695474354405,0.0,0.9319512009540699,1.9581056314104415,0.3316254877588717,0.4621505047939557,0.25166966999987717
2017-12-01,0.4403227013120151,0.2104808347940785,0.286939765027662,0.3485699417362294,0.433167990553143,0.3682693574136266,0.2104808347940785,0.021645967879278416,0.003532615578963866,0.0,0.30734097136493027,1.2542218930368079,0.32157831071749626,0.4403227013120151,0.22984186651793662
2018-01-01,0.3835382115770049,0.2492401681359459,0.1104618636165848,0.435051433353263,0.42867047256099194,0.3994515983386136,0.22340061257470098,-0.039306146608475395,0.010159006713457208,0.0193796666709337,-1.1180633445390495,1.477825259935929,0.29457291917069967,0.435051433353263,0.3245895697366782
2018-02-01,0.4085574547851452,0.2492401681359459,0.1807049170137379,0.3930768025603067,0.4108061225580551,0.39223272588326635,0.23632039035532346,-0.015882623263434953,0.022253430412038644,0.0193796666709337,-0.5529462858904203,1.0357121893374042,0.30789483562378395,0.4085574547851452,0.22785253777140732
2018-03-01,0.3853750429562545,0.2492401681359459,0.0859078759246596,0.2592221542828795,0.39249023643946823,0.36245013006548304,0.2492401681359459,0.0009184156896248075,-0.08791463953519177,0.0,-1.168241076945194,0.16359927939751753,0.24493631032493485,0.3853750429562545,0.2994671670315949
2018-04-01,0.4018356243483869,0.2492401681359459,0.0850376080064648,0.2152831269963949,0.39858937402992883,0.289194027946527,0.2492401681359459,-0.003360915218379168,-0.0888968377819559,0.0,-0.7818035611476608,-0.19100029682855088,0.23784913187179813,0.4018356243483869,0.31679801634192206
2018-05-01,0.5303010030948634,0.2492401681359459,0.0663268477652764,0.2305824393612775,0.43917055679983497,0.23502924021351726,0.2492401681359459,0.07246298006930443,-0.014319857460800986,0.0,2.0970659034251202,-0.22192635069019084,0.2691126145893408,0.5303010030948634,0.46397415532958697
2018-06-01,0.4244907614602251,0.2492401681359459,0.0277864113880773,0.258347671187264,0.4522091296344917,0.2347377458483121,0.2492401681359459,0.011327568555919099,0.02153227209543454,0.0,-0.22093622575292232,-0.17627698704217032,0.23996625304287805,0.4244907614602251,0.39670435007214777
2018-07-01,0.3604126323842967,0.2492401681359459,0.0,0.2822176561011392,0.4384014656464617,0.25704925554989355,0.2492401681359459,-0.08494418535528334,0.025817608369930842,0.0,-1.3757280398420233,-0.1352531527613102,0.22296761415534544,0.3604126323842967,0.3604126323842967
2018-08-01,0.450526861379944,0.2492401681359459,0.044570149810406,0.4704366811131178,0.4118100850748219,0.3370006694671736,0.2492401681359459,0.013018049959859473,0.1060445049629269,0.0,0.5264678965565943,1.653263368004055,0.30369346510985346,0.4704366811131178,0.4258665313027118
2018-09-01,0.3538451332385354,0.2492401681359459,0.1467023062099831,0.2299425372312455,0.38826154233425864,0.3275322914818341,0.2492401681359459,-0.003283749572880662,-0.026137559434946844,0.0,-1.2745915242315808,-1.0471813953903308,0.24493253620392744,0.3538451332385354,0.2071428270285523
2018-10-01,0.3161057789443114,0.2492401681359459,0.2105426742089886,0.2276642431750933,0.373492591187597,0.30934782050648546,0.2492401681359459,-0.0672105412178163,-0.12138621896901225,0.0,-1.6429103845639146,-0.9261936989450613,0.2508882161160848,0.3161057789443114,0.10556310473532282
2018-11-01,0.4121051977865423,0.2492401681359459,0.2487723006154037,0.2981588949355231,0.36068536998979633,0.2519218917806206,0.2492401681359459,0.02913003227400346,0.03410817885213881,0.0,0.11875964648379114,-0.06738348152133956,0.30206914036835375,0.4121051977865423,0.1633328971711386
2018-12-01,0.3802961382929498,0.2492401681359459,0.1534158015789146,0.2823631218953133,0.36950237167460115,0.2693954200019765,0.2492401681359459,0.032095179674319185,0.027349439360110014,0.0,-0.3769815646396097,-0.18713238873758828,0.2663288074757809,0.3802961382929498,0.22688033671403518
2019-01-01,0.4648607310204812,0.3515558934904531,0.3006775657363087,0.3843866189987551,0.41908735569999117,0.3216362119431971,0.28334540992078167,0.026377766616969445,0.04311386203161599,0.05115786267725358,1.0152789349675966,1.12433147850137,0.37537020231149953,0.4648607310204812,0.16418316528417248
2019-02-01,0.5362968447403946,0.3515558934904531,0.2969478460869024,0.2592215476437244,0.46048457135127513,0.30865709617926423,0.3174506517056173,0.07800035322372242,-0.011570787125794457,0.05115786267725358,1.745391911466468,-0.3224383987826566,0.36100553299036864,0.5362968447403946,0.2770752970966702
2019-03-01,0.4466335291941194,0.3515558934904531,0.2369615217256169,0.3291341895885199,0.4825970349849984,0.3242474520769998,0.3515558934904531,-0.009113600913180891,-0.027626214705117582,0.0,0.34864962472924654,0.5360607101714204,0.3410712834996773,0.4466335291941194,0.2096720074685025
2019-04-01,0.4051309723472475,0.3515558934904531,0.1751103375396282,0.297853917234232,0.4626871154272538,0.2954032181554921,0.3515558934904531,-0.06558293619657357,0.019316184795253794,0.0,-0.27175536585551874,0.028006345181389614,0.3074127801528902,0.4051309723472475,0.23002063480761928
2019-05-01,0.3772436833680793,0.3515558934904531,0.1629887486790576,0.2392596202641061,0.4096693949698154,0.288749242362286,0.3515558934904531,-0.034694922913020065,-0.04493728466220691,0.0,-0.5644273815602571,-0.8125768964727877,0.28276198645042405,0.3772436833680793,0.21425493468902168
2019-06-01,0.3599648228136301,0.3515558934904531,0.1094051097159197,0.2723617215021616,0.38077982617631895,0.2698250863334999,0.3515558934904531,-0.02258307476680868,-0.0127460978660352,0.0,-0.7460377751563219,-0.36285978599936936,0.2733218868805411,0.3599648228136301,0.2505597130977104
2019-07-01,0.3972599651219471,0.3515558934904531,0.0685025175607633,0.2439847686377685,0.37815615710121886,0.25186870346801205,0.3515558934904531,0.010008140876933913,0.0023625741868311956,0.0,-0.18747760747251443,-0.7065062567885688,0.265325786202733,0.3972599651219471,0.3287574475611838
2019-08-01,0.3700883287978361,0.3515558934904531,0.1263131721265618,0.2564409411130369,0.3757710389111378,0.2575958104176556,0.3515558934904531,0.005061752992102986,-0.00796039019456235,0.0,-0.539320843821511,-0.44292512150730273,0.276099583881972,0.3700883287978361,0.2437751566712743
2019-09-01,0.4423590750205916,0.3515558934904531,0.1531671536022876,0.2477191565381704,0.4032357896467916,0.2493816220963252,0.3515558934904531,0.02254955494932223,0.0018671939502009488,0.0,0.5794349047436881,-0.6863954784109769,0.2987003196628757,0.4423590750205916,0.28919192141830397
2019-10-01,0.4589091031160647,0.3515558934904531,0.2158264437123142,0.2234477625470085,0.4237855023114974,0.24253595339940523,0.3515558934904531,0.0444103871591143,-0.0164965892830142,0.0,0.745493308681186,-1.2125325004957066,0.3124348007164601,0.4589091031160647,0.2430826594037505
2019-11-01,0.3838463691939255,0.3515558934904531,0.2083670044135015,0.2373469050702393,0.4283715157768606,0.23617127471847268,0.3515558934904531,-0.029256352913333034,-0.005186125733965541,0.0,-0.6674219232444744,-0.7739517166843143,0.29527904304202984,0.3838463691939255,0.175479364780424
2019-12-01,0.41443518965729,0.3515558934904531,0.1429725865605768,0.2888083883062676,0.4190635539890934,0.24986768530783843,0.3515558934904531,-0.022236956729387358,0.03268031287962955,0.0,-0.13784426547146186,0.3367750118420938,0.29944301450364685,0.41443518965729,0.2714626030967132
2020-01-01,0.4257422319662954,1.0,0.1247591222726425,0.2652899692554147,0.40800793027250365,0.2638150875439738,0.5677039289936353,0.020947931386184948,0.013971532092587696,0.3242220532547735,0.1552590640363481,0.06317898760886789,0.45394783087358814,1.0,0.8752408777273575
2020-02-01,0.4597201870461346,1.0,0.3096910548890409,0.3275154759632018,0.4332992028899067,0.293871277841628,0.7838519644968177,0.02264249869442231,0.0193535438284671,0.3242220532547735,1.3673824986224121,1.668307705864347,0.5242316794745943,1.0,0.6903089451109591
2020-03-01,0.3829339711130832,1.0,0.7509168894138125,0.3218912394772672,0.42279879670850445,0.30489889489862787,1.0,-0.021404130426606105,0.02830063511092626,0.0,-0.6899122277127524,1.5736094795999684,0.6139355250010408,1.0,0.6781087605227327
2020-04-01,0.4676097103652307,1.0,0.959283893827314,0.269917470494542,0.43675462284148286,0.3064413953116703,1.0,0.003944761659548046,-0.028799002734329893,0.0,1.4569590538144208,0.1148483677191366,0.6742027686717716,1.0,0.730082529505458
2020-05-01,0.4002423326371077,1.0,0.959283893827314,0.3151653439810749,0.41692867137180717,0.30232468465096135,1.0,0.008654180762012242,-0.003362947748096173,0.0,-0.36016879656977935,1.2443137222627663,0.6686728926113741,1.0,0.6848346560189251
2020-06-01,0.4539013284906478,1.0,0.9543109342947722,0.2597366127445361,0.4405844571643287,0.28160647574005093,1.0,-0.006854190937291449,-0.005090428875002967,0.0,0.9402445773744852,-0.3392581117168272,0.666987218882489,1.0,0.7402633872554639
2020-07-01,0.462199423196277,1.0,0.9468514949959594,0.228843702414576,0.43878102810801084,0.26791521971339566,1.0,0.030978545279584657,-0.04316082078324944,0.0,0.9965503333293317,-1.153293024972251,0.6594736551517032,1.0,0.771156297585424
2020-08-01,0.3809383880996503,1.0,0.9364082799776215,0.1431568245077455,0.4323463799288583,0.21057904655561913,1.0,-0.036481470195498744,-0.05828989411839529,0.0,-1.3755927534029455,-2.289773268386673,0.6151258731462543,1.0,0.8568431754922545
2020-09-01,0.4863334958502231,1.0,0.9602163237396656,0.1429636379374935,0.44315710238205014,0.1716547216199383,1.0,0.012067036326973063,-0.042940032238541245,0.0,1.449897209817478,-1.7690953257370288,0.6473783643818456,1.0,0.8570363620625066
2020-10-01,0.3902157276787845,1.0,0.961770373593585,0.1391347952298051,0.41916253720955265,0.14175175255834802,1.0,0.00463866978956709,-0.0020110146389702016,0.0,-0.9201750263901066,-1.5230957028607266,0.6227802241255436,1.0,0.8608652047701949
2020-11-01,0.4530997792836033,1.0,0.923478585193013,0.1678470907919604,0.4432163342708703,0.14998184131975298,1.0,-0.016616858283309915,0.012441726427233443,0.0,0.5875438483413888,-0.9773439004374349,0.6361063638171441,1.0,0.8321529092080396
2020-12-01,0.442892248755462,1.0,0.8679057624168584,0.2159098278062068,0.42873591857261656,0.1742972379426574,1.0,0.026338260538338765,0.03838751628820085,0.0,0.24808944974334887,-0.2405909522458574,0.6316769597446318,1.0,0.7840901721937932
2021-01-01,0.504579312455671,0.0,0.9630136134767204,0.2952969538724937,0.4668571134982454,0.22635129082355357,0.6666666666666666,0.025739766586033858,0.06372493154026666,-0.5,1.5389846221428487,0.8148777920300613,0.4407224699512213,0.9630136134767204,0.9630136134767204
2021-02-01,0.432760102823282,0.0,0.9648784733014236,0.2133717019006594,0.460077221344805,0.24152616119311995,0.3333333333333333,-0.005066072966090018,-0.0012690629527736946,-0.5,-0.13032301958178114,-0.18889294692085346,0.40275256950634125,0.9648784733014236,0.9648784733014236
2021-03-01,0.4315944643085975,0.0,0.9306893765151988,0.2053320522497774,0.4563112931958501,0.2380002360076435,0.0,-0.036492424073536756,-0.044982450811358154,0.0,-0.28192579053580946,-0.18315697262548525,0.39190397326839344,0.9306893765151988,0.9306893765151988
2021-04-01,0.3879581650900288,0.0,0.959594703798098,0.1513478200581177,0.4174375774073027,0.19001719140285145,0.0,-0.022400968866626597,-0.031011940921270853,0.0,-1.1994237145915745,-0.9114820647773668,0.3747251722365611,0.959594703798098,0.959594703798098
2021-05-01,0.3583450398854543,0.0,0.9431217753465532,0.123157384800613,0.39263255642802686,0.15994575236950268,0.0,-0.0366247122115716,-0.0410873337245822,0.0,-1.652482647886005,-1.2418356088935532,0.3561560500081551,0.9431217753465532,0.9431217753465532
2021-06-01,0.3299731995067721,0.0,0.9120407782681668,0.1412976892160897,0.358758801494085,0.13860096469160677,0.0,-0.02899248279162833,-0.005025065421013997,0.0,-1.7410159103219294,-0.7686385932592331,0.34582791674775715,0.9120407782681668,0.9120407782681668
2021-07-01,0.4162596586806034,0.0,1.0,0.1343956238578593,0.3681926326909432,0.13295023262485398,0.0,0.028957309397574543,0.005619119528623151,0.0,-0.03231372197897817,-0.7620958469347089,0.3876638206346157,1.0,1.0
2021-08-01,0.5225964157836971,0.0,0.9876297631628024,0.1450943843357684,0.42294309132369085,0.14026256580323912,0.0,0.09631160813846247,0.0018983475598393499,0.0,1.6080366310869187,-0.5539239476151411,0.41383014082056696,0.9876297631628024,0.9876297631628024
2021-09-01,0.4019954348744524,0.0,0.96860819295083,0.1563763145114858,0.44695050311291756,0.1452887742350378,0.0,-0.0071321119030755,0.010990345326813242,0.0,-0.3740471248677841,-0.3557669579324076,0.38174498558419206,0.96860819295083,0.96860819295083
2021-10-01,0.4257502829608199,0.0,0.907067818735625,0.1160327936670967,0.45011404453965637,0.13916783083811693,0.0,-0.048423066411438585,-0.014530795334335848,0.0,0.0018381499963223788,-1.0879046438678903,0.3622127238408854,0.907067818735625,0.907067818735625
2021-11-01,0.4521520213607222,0.0,0.8890408404301611,0.2061531907403377,0.4266325797319981,0.1595207663063067,0.0,0.0250782932431349,0.02488843811442595,0.0,0.4892665747121124,0.5880188316853137,0.38683651313280526,0.8890408404301611,0.8890408404301611
2021-12-01,0.3126288585431989,0.0,0.884689500839187,0.1851099768328558,0.3968437209549136,0.16909865374676336,0.0,-0.05656071220881051,0.034538591582879544,0.0,-1.6232365373481712,0.24234653079280283,0.34560708405381035,0.884689500839187,0.884689500839187
2022-01-01,0.4199962008905347,0.2048010844294228,0.8652949586622739,0.1943121142086816,0.39492569359815183,0.1951917605939583,0.06826702814314094,-0.01607791023509375,-0.005920538265828043,0.10240054221471138,0.21898886273233703,0.8647271440353415,0.4211010895477283,0.8652949586622739,0.6709828444535924
2022-02-01,0.4235152420335931,0.2048010844294228,0.862000372971965,0.186265648268947,0.38538010048910887,0.18856257977016144,0.13653405628628187,0.0554431917451971,0.0005778357180456078,0.10240054221471138,0.2968262284348707,0.7569209364354551,0.41914558692598197,0.862000372971965,0.675734724703018
2022-03-01,0.3606790947347881,0.2048010844294228,0.7137440169080624,0.1517007752263901,0.40139684588630525,0.17742617923467288,0.2048010844294228,-0.029658553077873295,-0.02130566949114575,0.0,-0.7086829414537128,-0.20373639832624538,0.35773124282466584,0.7137440169080624,0.5620432416816723
2022-04-01,0.321214460168188,0.2048010844294228,0.6347982843289612,0.1443725402211741,0.3684695989788564,0.16077965457217036,0.2048010844294228,-0.051150390932702544,-0.020946554023886454,0.0,-1.209535865861622,-0.4335218619311345,0.3262965922869365,0.6347982843289612,0.49042574410778716
2022-05-01,0.375071027588772,0.2048010844294228,0.5549822838316654,0.133216357298416,0.3523215274972493,0.14309655758199338,0.2048010844294228,0.00719596642699194,-0.009242208963987059,0.0,-0.35875483167176236,-0.8724394779590008,0.31701768828706905,0.5549822838316654,0.4217659265332494
2022-06-01,0.2796134500549943,0.2048010844294228,0.4893392180021135,0.1388618024255675,0.325299645937318,0.13881689998171917,0.2048010844294228,-0.020800505056596863,-0.002755368897803298,0.0,-1.6849442042805558,-0.6621561735467361,0.2781538887280245,0.4893392180021135,0.350477415576546
2022-07-01,0.3632346773414114,0.2048010844294228,0.4696960278485734,0.125486925127012,0.3393063849950592,0.1325216949503318,0.2048010844294228,-0.005918175123680286,-0.0038647160857019913,0.0,-0.3720209302803507,-1.0779532226047681,0.2908046786866049,0.4696960278485734,0.34420910272156136
2022-08-01,0.3429263495074653,0.2048010844294228,0.4455150121215889,0.1299665306557709,0.32859149230129026,0.13143841940278345,0.2048010844294228,0.03165644972623552,-0.004447635884898299,0.0,-0.5722338439029271,-0.8554939519745803,0.280802244178562,0.4455150121215889,0.315548481465818
2022-09-01,0.2961064072070654,0.2048010844294228,0.4964878473301424,0.1339669115684223,0.334089144685314,0.12980678911706836,0.2048010844294228,-0.03356413506717301,0.004239993220705146,0.0,-1.2101888004050847,-0.6462793881418004,0.2828405626337632,0.4964878473301424,0.36252093576172006
2022-10-01,0.3241263824212131,0.2048010844294228,0.5239012867532791,0.1841382550856392,0.32105304637858123,0.14935723243661078,0.2048010844294228,-0.0093999835431261,0.027085862214934142,0.0,-0.5894750054321473,0.8416474375096258,0.30924175217238853,0.5239012867532791,0.3397630316676399
2022-11-01,0.3046212074960153,0.2048010844294228,0.5344066637657736,0.2380006018147918,0.3082846657080979,0.18536858948961774,0.2048010844294228,0.004257400144474954,0.052016845123184746,0.0,-0.8424930589517626,2.1775192766354015,0.32045738937650087,0.5344066637657736,0.3296055793363508
2022-12-01,0.3730827095738144,0.2048010844294228,0.4846770684403556,0.2021354318489436,0.33394343316368086,0.2080914295831248,0.2048010844294228,0.024478163576300643,0.008998588381652198,0.0,0.5313148279853668,1.0665717088187976,0.3161740735731341,0.4846770684403556,0.28254163659141196
2023-01-01,0.4064284673173509,0.2709387348127107,0.4304096475414932,0.1899188249982662,0.36137746146239347,0.21001828622066718,0.22684696789051875,0.05090362991066779,-0.02404088840826279,0.03306882519164395,1.333814055768392,0.7456960917554681,0.32442391866745524,0.4304096475414932,0.24049082254322698
2023-02-01,0.443251912438616,0.2709387348127107,0.4800149188785977,0.2231668571655815,0.40758769644326037,0.20507370467093042,0.24889285135161474,0.0350846014324008,0.010515712658318951,0.03306882519164395,1.9813043649374293,1.4433979462350999,0.3543431058238765,0.4800149188785977,0.2568480617130162
2023-03-01,0.3168404816087308,0.2709387348127107,0.4672717100764593,0.1875757378663913,0.3888402871215659,0.20022047334341297,0.2709387348127107,-0.044793992854310044,-0.0011715435659374468,0.0,-0.59562725648432,0.46325697399814275,0.310656666091073,0.4672717100764593,0.279695972210068
2023-04-01,0.4813225810189142,0.2709387348127107,0.4095232175048175,0.4481906250864791,0.4138049916887536,0.2863110733728173,0.2709387348127107,0.019035334290149086,0.11251188396044881,0.0,1.9993442740912732,2.8561143236973168,0.4024937896057304,0.4813225810189142,0.21038384620620348
2023-05-01,0.4416067748668485,0.2709387348127107,0.4122583452477156,0.1518201472981976,0.4132566124981645,0.262528836750356,0.2709387348127107,0.06238314662905886,-0.01787779528409686,0.0,1.1749004646306205,-0.5043881013178367,0.31915600055636806,0.4416067748668485,0.2897866275686509
2023-06-01,0.3949562039005817,0.2709387348127107,0.3600422701560266,0.1201667805319525,0.43929518659544814,0.24005918430554304,0.2709387348127107,-0.043183188559166225,-0.1640119222772633,0.0,0.34641967201899554,-0.8351523358994217,0.28652599735031786,0.3949562039005817,0.2747894233686292
2023-07-01,0.3171105382234238,0.2709387348127107,0.3463666314415369,0.1616808650663554,0.38455783899695134,0.1445559309655018,0.2709387348127107,-0.06224811832171237,0.004930358884078903,0.0,-0.8486992458736351,-0.4119434842173384,0.27402419238600667,0.3463666314415369,0.1846857663751815
2023-08-01,0.326008123770898,0.2709387348127107,0.3855286877603033,0.5241085538091195,0.3460249552983011,0.2686520664691424,0.2709387348127107,-0.034474040064841865,0.20197088663858348,0.0,-0.6746911085479916,2.3449059158548624,0.37664602503825784,0.5241085538091195,0.2531698189964088
2023-09-01,0.312616646348427,0.2709387348127107,0.4277988437869087,0.1208900921390752,0.3185784361142496,0.26889317033818333,0.2709387348127107,-0.0022469459374983847,-0.0203953864636401,0.0,-0.930488183616831,-0.859024539406891,0.28306107927178037,0.4277988437869087,0.3069087516478335
2023-10-01,0.2992409708991941,0.2709387348127107,0.5107229439920433,0.1226869429970118,0.31262191367283965,0.2558951963150688,0.2709387348127107,-0.013383576435851946,-0.20071080540605385,0.0,-1.077230798208472,-0.7842991632184777,0.30089739817523997,0.5107229439920433,0.38803600099503155
2023-11-01,0.3038425145727647,0.2709387348127107,0.560825511282402,0.1286453676874144,0.3052333772734619,0.12407413427450042,0.2709387348127107,-0.004387065887831165,0.003877637774169606,0.0,-1.0031101543829093,-0.6539060794573411,0.3160630320888229,0.560825511282402,0.4321801435949876
2023-12-01,0.2739920002611549,0.2709387348127107,0.4388636787468144,0.1400001850056595,0.2923584952443712,0.13044416523002852,0.2709387348127107,-0.012624485319019607,0.00865662100432385,0.0,-1.2353581186454474,-0.52189060698408,0.2809486497065849,0.4388636787468144,0.29886349374115495
2024-01-01,0.4431887312418051,0.3604372692945864,0.6531360726052092,0.1901749236469191,0.3403410820252415,0.15294015877999764,0.3007715796400026,0.0696731083345202,0.030764777979752342,0.04474926724093786,1.10950280984145,-0.14745856619077372,0.4117342491971299,0.6531360726052092,0.4629611489582901
2024-02-01,0.2625740726152294,0.3604372692945864,0.6755143905016473,0.1928225037983297,0.32658493470606315,0.17433253748363606,0.3306044244672945,-0.005708963822962737,0.026411159396335093,0.04474926724093786,-1.1676724474210018,-0.10880131241793625,0.37283705905244824,0.6755143905016473,0.48269188670331764
2024-03-01,0.3417032012829847,0.3604372692945864,0.6601603779449244,0.2870761410674716,0.349155335046673,0.22335785617090675,0.3604372692945864,-0.05074276497941019,0.04845060871027624,0.0,-0.11254579397143886,0.5261306828258985,0.4123442473974918,0.6601603779449244,0.37308423687745285
2024-04-01,0.3980460387971034,0.3604372692945864,0.6428793435693417,0.1654100379934244,0.33410777089843907,0.21510289428640852,0.3604372692945864,0.06773598309093698,-0.013706232902452637,0.0,0.8917771916852464,-0.23321999845801278,0.391693172413614,0.6428793435693417,0.4774693055759173
2024-05-01,0.285159461852817,0.3604372692945864,0.6195685957605521,0.1216329101968992,0.34163623397763493,0.19137302975259837,0.3604372692945864,-0.02827186971508386,-0.0827216154352862,0.0,-0.8088980927505733,-0.5868418450104821,0.34669955927621365,0.6195685957605521,0.4979356855636529
2024-06-01,0.4712651757071802,0.3604372692945864,0.6009821595076771,0.1328819007555488,0.3848235587857001,0.1399749496486241,0.3604372692945864,0.036609568455038405,-0.01626406861893781,0.0,2.025777602526869,-0.5016315344849382,0.39139162631624813,0.6009821595076771,0.4681002587521283
2024-07-01,0.3278335314210064,0.3604372692945864,0.5887984086529496,0.1460651771138267,0.36141938966033454,0.1335266626887582,0.3604372692945864,0.02133703478409471,0.012216133458463741,0.0,-0.139787502141183,-0.3744471958168763,0.3557835966205923,0.5887984086529496,0.4427332315391229
2024-08-01,0.3003661733961876,0.3604372692945864,0.6220550755268229,0.1203141341396198,0.3664882935081247,0.13308707066966505,0.3604372692945864,-0.0854495011554963,-0.006283883307964491,0.0,-0.5148016455225938,-0.7250336330289889,0.3507931630893042,0.6220550755268229,0.5017409413872032
2024-09-01,0.3401222763656047,0.3604372692945864,0.664138745570958,0.1189039307179578,0.3227739937275995,0.12842774732380138,0.3604372692945864,0.006144372472299153,-0.013580623197934445,0.0,0.042527614526094173,-0.7485015218458362,0.37090055548727674,0.664138745570958,0.5452348148530002
2024-10-01,0.3342521561634654,0.3604372692945864,0.7081494374339529,0.1240663528580943,0.3249135353084192,0.12109480590522392,0.3604372692945864,0.01694299138363889,0.001876109359237245,0.0,-0.09028297224409507,-0.6465004765098428,0.3817263039375247,0.7081494374339529,0.5840830845758586
2024-11-01,0.3682692778569494,0.3604372692945864,0.7267980356809847,0.1482454063876844,0.3475479034620064,0.13040522998791212,0.3604372692945864,0.014073500745672346,0.014670737834863307,0.0,0.3481306219834954,-0.18778057744054485,0.4009374973050512,0.7267980356809847,0.5785526292933003
2024-12-01,0.3483546857001987,0.3604372692945864,0.6817927519114814,0.2007230608035121,0.35029203990687113,0.15767827334976356,0.3604372692945864,0.007051264768366649,0.0383283539727089,0.0,-0.05565301508934864,0.7764718338201959,0.3978269419274446,0.6817927519114814,0.48106969110796927
2025-01-01,0.4330218880035825,0.3604372692945864,0.6789333001802698,0.2135151262224667,0.3832152838535768,0.1874945311378877,0.3604372692945864,0.03237630507331654,0.03263485991739115,0.0,1.3710709137479624,0.9642586762119355,0.4214768959252263,0.6789333001802698,0.46541817395780305
2025-02-01,0.4389794418951862,0.3604372692945864,0.7224466960900106,0.2079045274030498,0.4067853385329891,0.20738090480967616,0.3604372692945864,0.04531237809749375,0.003590733299768847,0.0,1.268277983253812,0.8146387837912475,0.4324419836707082,0.7224466960900106,0.5145421686869608
2025-03-01,0.3751984960191914,0.3604372692945864,0.7218250761484428,0.1767314364466999,0.41573327530598664,0.19938369669073874,0.3604372692945864,-0.028911695992195532,-0.01839184488788341,0.0,0.11835383421883768,0.5695768361541153,0.4085480694772301,0.7218250761484428,0.545093639701743
2025-04-01,0.4075797686587893,0.3604372692945864,0.6568657922546156,0.1223455593575419,0.40725256885772226,0.16899384106909712,0.3604372692945864,-0.01569983661819843,-0.042779484022753944,0.0,0.6628009398104211,-0.8245464231201286,0.38680709739138336,0.6568657922546156,0.5345202328970737
2025-05-01,0.5355965839541188,0.3604372692945864,0.6540685025175608,0.2225716099271513,0.4394582828773665,0.17388286857713098,0.3604372692945864,0.08019904396746369,0.022920086740225706,0.0,2.110888181651929,1.5159055576357494,0.44316849142335435,0.6540685025175608,0.43149689259040946
2025-06-01,0.4764906798027619,0.3604372692945864,0.6392739479082489,0.1292004793864701,0.4732223441385566,0.15803921622372105,0.3604372692945864,0.03445545557198629,0.0034274600144641038,0.0,1.2369391429925596,-0.7776665023982832,0.40135059409801677,0.6392739479082489,0.5100734685217787
2025-07-01,0.4162152397178102,0.3604372692945864,0.5570957916329957,0.1630710540134464,0.4761008344915636,0.17161438110902258,0.3604372692945864,-0.05969067211815429,-0.02975027795685245,0.0,0.2741950024697347,0.019066554748417,0.37420483866470966,0.5570957916329957,0.3940247376195493
2025-08-01,0.440493211025105,0.3604372692945864,0.1255672281966807,0.147080728918871,0.44439971018189234,0.14645075410626243,0.3604372692945864,-0.01799873438882843,0.008940124766200444,0.0,0.5137460574627654,-0.4515356208918915,0.26839460935881077,0.440493211025105,0.3149259828284243
2025-09-01,0.484310213171876,0.3604372692945864,0.356934170448188,0.1846240419374795,0.4470062213049304,0.16492527495659892,0.3604372692945864,0.034047486727032894,0.010776493962016548,0.0,1.054501845071187,0.40415610577516214,0.34657642371303254,0.484310213171876,0.2996861712343965
2025-10-01,0.4518821579334699,0.3604372692945864,0.4868527382358427,0.1323240780186339,0.4588951940434836,0.15467628295832808,0.3604372692945864,0.005694473454182447,-0.007378325450118545,0.0,0.38590413546854413,-1.0875444670788146,0.3578740608706332,0.4868527382358427,0.35452866021720875
2025-11-01,0.4790376764841992,0.3604372692945864,0.3911232672344129,0.1977168440480678,0.471743349196515,0.17155498800139368,0.3604372692945864,-0.0026362683438383994,0.0065464010552941515,0.0,0.757081539545252,0.648514982089386,0.3570787642653166,0.4790376764841992,0.2813208324361314
2025-12-01,0.4765192840723544,0.3604372692945864,0.3339342326101823,0.1500841145785977,0.4691463728300078,0.16004167888176643,0.3604372692945864,0.012318563069442234,0.008880018279981888,0.0,0.5953803050547847,-0.5868109280267509,0.33024372513893013,0.4765192840723544,0.3264351694937567
