date,gdelt_crisis_score,avg_tone,risk_ratio,trend_composite,trend_risk_score,trend_drop_flag,economic_index,economic_risk_score,eq_count,eq_max_magnitude,eq_seismic_energy,eq_risk_score,wx_precip_sum,wx_humidity_mean,bmkg_max_magnitude_30d,bmkg_seismic_energy,earthquake_count,earthquake_count_m5_plus,pvmbg_volcano_status,volcano_status_agung,volcano_status_batur,bmkg_extreme_weather_days,weather_max_rain,weather_max_wind_speed,weather_max_wind_gust,weather_max_temperature,eq_count_log,eq_m5plus_log,rain_log,disaster_risk_score
2009-01-01,0.07539666506564528,4.881555085742967,0.0036900369003690036,15.73913043478261,0.7864735500714863,0,1.4694684816648116,0.5205591919771302,6,5.1,163829098.13736707,0.013507831489492035,361.1,90.70967741935483,5.1,44668359.21509626,6,4,0,0,0,6,29.0,20.1,45.0,28.4,1.9459101490553132,1.6094379124341003,3.4011973816621555,0.08934856706207908
2009-02-01,0.09719671215855497,4.760496439573035,0.007712082262210797,17.41304347826087,0.7386088145707714,0,1.4694684816648116,0.5205591919771302,1,4.0,1000000.0,0.0,375.6,91.78571428571429,4.0,1000000.0,1,0,0,0,0,4,23.6,24.2,56.9,28.8,0.6931471805599453,0.0,3.202746442938317,0.09270164731354438
2009-03-01,0.3219804669306175,5.302634352971298,0.06885245901639345,18.686956521739134,0.7021818859949027,0,1.4694684816648116,0.5205591919771302,1,4.9,22387211.385683425,0.0002928573394257445,223.2,89.0,4.9,22387211.385683425,1,0,0,0,0,2,23.8,15.8,33.8,28.9,0.6931471805599453,0.0,3.2108436531709366,0.037039791131742904
2009-04-01,0.19501750814986024,4.192748371266925,0.025490196078431372,18.717391304347824,0.701311618076708,0,1.4694684816648116,0.5205591919771302,2,4.8,18667314.85587556,0.0024975595019608786,114.1,88.46666666666667,4.8,15848931.924611108,2,0,0,0,0,1,21.2,15.9,32.8,29.3,1.0986122886681096,0.0,3.100092288878234,0.02632380921422922
2009-05-01,0.03944796974393744,5.349025549104786,0.0,20.44347826086956,0.6519549947162306,0,1.4694684816648116,0.5205591919771302,1,4.6,7943282.347242805,9.507509690844575e-05,200.4,90.45161290322581,4.6,7943282.347242805,1,0,0,0,0,1,26.5,16.4,34.9,28.3,0.6931471805599453,0.0,3.3141860046725258,0.03370018659275519
2009-06-01,0.07588488947108815,4.534744850892329,0.0,21.97826086956522,0.608068626841549,0,1.4694684816648116,0.5205591919771302,6,5.5,266209069.43000278,0.014909731225860461,26.599999999999998,86.2,5.5,177827941.00389227,6,2,0,0,0,0,9.6,17.2,37.4,28.5,1.9459101490553132,1.0986122886681096,2.3608540011180215,0.02108594501619519
2009-07-01,0.09403156026641585,4.129208821060464,0.0,22.608695652173914,0.5900416485360851,0,1.4694684816648116,0.5205591919771302,11,5.9,855691261.021507,0.034259768487460894,48.4,82.87096774193549,5.9,707945784.3841403,11,3,0,0,0,0,13.7,20.5,41.4,28.2,2.4849066497880004,1.3862943611198906,2.6878474937846906,0.03590020710814294
2009-08-01,0.08362607144684989,4.604814876029191,0.0026702269692923898,21.017391304347825,0.6355442282588426,0,1.4694684816648116,0.5205591919771302,5,4.5,18566628.368508425,0.009263098084511454,13.8,80.6774193548387,4.5,5623413.251903491,5,0,0,0,0,0,2.3,21.6,46.1,29.2,1.791759469228055,0.0,1.1939224684724346,0.03029992133010421
2009-09-01,0.10335615673916365,4.111063484782685,0.0020898641588296763,18.73913043478261,0.7006899981351402,0,1.4694684816648116,0.5205591919771302,8,5.7,452976478.44548637,0.02197843523574628,107.9,82.56666666666666,5.7,354813389.23357606,8,2,0,0,0,1,27.0,18.1,40.0,29.8,2.1972245773362196,1.0986122886681096,3.332204510175204,0.04639459679376147
2009-10-01,0.01919619251037014,5.801605828373136,0.0,18.858695652173914,0.6972710884565176,0,1.4694684816648116,0.5205591919771302,3,5.6,288434833.00454444,0.008447153655547171,74.0,80.38709677419355,5.6,251188643.1509572,3,2,0,0,0,1,21.8,17.7,37.8,31.4,1.3862943611198906,1.0986122886681096,3.126760535960395,0.03790687553754182
2009-11-01,0.014094458232939002,6.230596235833883,0.0034602076124567475,19.782608695652172,0.6708522409398894,0,1.4694684816648116,0.5205591919771302,21,6.6,9150929924.132622,0.17040373668436734,98.2,81.6,6.6,7943282347.242789,21,4,1,0,1,0,14.2,17.7,39.2,31.4,3.091042453358316,1.6094379124341003,2.7212954278522306,0.19704879177506993
2009-12-01,0.12025255404233501,4.011244672707029,0.005141388174807198,17.58695652173913,0.7336358550382297,0,1.4694684816648116,0.5205591919771302,7,5.0,80471423.35035424,0.01462204516161114,129.6,85.09677419354838,5.0,31622776.60168379,8,1,1,0,1,0,17.2,17.6,38.5,30.4,2.1972245773362196,0.6931471805599453,2.9014215940827497,0.1269910008310394
2010-01-01,0.10668578697042137,4.855977498053343,0.011090573012939002,21.93913043478261,0.6091875427363711,0,5.627735386354515,0.01238697834695579,5,4.9,44049788.55652787,0.009612041682544955,313.4,90.61290322580645,4.9,22387211.385683425,5,0,1,0,1,3,26.2,18.9,44.6,29.7,1.791759469228055,0.0,3.3032169733019514,0.16532419429097325
2010-02-01,0.07577343703722378,4.537235554451909,0.0,20.66304347826087,0.6456766333063965,0,5.627735386354515,0.01238697834695579,7,5.8,577883240.9459237,0.021433157600396588,343.2,90.64285714285714,5.8,501187233.6272715,7,2,1,0,1,6,52.5,13.4,31.3,30.1,2.0794415416798357,1.0986122886681096,3.979681653901961,0.184744853185574
2010-03-01,0.0767107610852589,4.516288534615964,0.0,22.467391304347824,0.5940821781562753,0,5.627735386354515,0.01238697834695579,9,5.0,69580887.23883003,0.018984198098410177,229.3,89.03225806451613,5.0,31622776.60168379,9,1,1,0,1,0,16.6,12.0,33.5,29.6,2.302585092994046,0.6931471805599453,2.8678989020441064,0.11751542163355454
2010-04-01,0.20355902732069736,5.191630941517128,0.038560411311053984,22.92391304347826,0.5810281593833531,0,5.627735386354515,0.01238697834695579,4,4.4,9384133.880095497,0.00688172212202706,348.4,91.66666666666667,4.4,3981071.7055349774,4,0,1,0,1,4,25.0,15.2,32.8,29.3,1.6094379124341003,0.0,3.258096538021482,0.15000419100028417
2010-05-01,0.05573154280777118,4.985125435069297,0.0,24.8695652173913,0.5253931746130418,0,5.627735386354515,0.01238697834695579,13,5.9,832195310.1371913,0.038449314151336594,358.7,92.41935483870968,5.9,707945784.3841403,13,2,1,0,1,5,45.4,15.8,32.8,29.5,2.639057329615259,1.0986122886681096,3.8372994592322094,0.17737967140902522
2010-06-01,0.07515929728890795,4.550960154302922,0.0,23.41304347826087,0.5670417106980792,0,5.627735386354515,0.01238697834695579,7,5.1,129781693.07598509,0.015297255881596859,128.3,89.8,5.1,44668359.21509626,7,2,1,0,1,1,21.3,21.1,41.4,28.6,2.0794415416798357,1.0986122886681096,3.104586678466073,0.14223970268476016
2010-07-01,0.07756333026566109,4.497235589617021,0.0,24.532608695652176,0.5350282837073413,0,5.627735386354515,0.01238697834695579,6,5.1,146203213.42911425,0.013266478392653092,167.5,89.54838709677419,5.1,44668359.21509626,6,3,1,0,1,1,41.5,21.6,43.2,28.2,1.9459101490553132,1.3862943611198906,3.7495040759303713,0.15937775721760628
2010-08-01,0.07759311072449784,4.961477002750272,0.005107252298263534,27.547826086956526,0.44880959781189766,0,5.627735386354515,0.01238697834695579,5,5.3,170204198.26837236,0.011339487309690493,92.5,88.38709677419355,5.3,89125093.8133744,5,2,1,0,1,0,13.6,18.8,38.5,28.9,1.791759469228055,1.0986122886681096,2.681021528714291,0.1250331284389611
2010-09-01,0.06784410908077997,5.021276233426174,0.0033707865168539327,23.108695652173914,0.5757443898800274,0,5.627735386354515,0.01238697834695579,4,4.9,50868865.39793694,0.007449776922628085,330.9,90.03333333333333,4.9,22387211.385683425,4,0,1,0,1,5,44.9,18.1,38.9,28.9,1.6094379124341003,0.0,3.8264651170664994,0.1819543919976921
2010-10-01,0.07747575129319852,5.1600187536747,0.007259528130671506,21.930434782608693,0.6094361907129981,0,5.627735386354515,0.01238697834695579,5,5.3,100729578.77081287,0.010388164023229176,237.3,89.90322580645162,5.3,89125093.8133744,5,1,1,0,1,1,20.2,17.2,38.5,29.8,1.791759469228055,0.6931471805599453,3.054001181677967,0.13662543794433168
2010-11-01,0.026181455842522676,5.645501384147443,0.0,22.119565217391305,0.6040280972213589,0,5.627735386354515,0.01238697834695579,8,4.8,36171610.46691829,0.01627108225294405,261.7,89.2,4.8,15848931.924611108,8,0,1,0,1,1,35.9,14.1,32.0,29.7,2.1972245773362196,0.0,3.6082115510464816,0.1349709678305538
2010-12-01,0.04265666205374237,5.27731871345726,0.0,20.391304347826086,0.6534468825759931,0,5.627735386354515,0.01238697834695579,6,5.6,406517699.1232094,0.016830992078873324,355.9,90.87096774193549,5.6,251188643.1509572,6,2,0,0,0,6,30.3,20.1,44.6,29.0,1.9459101490553132,1.0986122886681096,3.4436180975461075,0.09136585759609936
2011-01-01,0.3112764958685816,4.767403999696248,0.0603448275862069,27.37391304347826,0.4537825573444396,0,4.0725022707905225,0.20244843259265966,7,4.6,31137268.438855767,0.01394650737925816,380.7,91.54838709677419,4.6,7943282.347242805,7,0,0,0,0,5,25.0,21.3,60.1,29.3,2.0794415416798357,0.0,3.258096538021482,0.10658490129675054
2011-02-01,0.09377161738356803,4.878717111370354,0.008169934640522876,24.33695652173913,0.5406228631814509,0,4.0725022707905225,0.20244843259265966,9,5.2,114322178.56919618,0.019596845315721274,321.0,89.96428571428571,5.2,63095734.44801943,9,1,0,0,0,6,38.5,23.6,48.2,29.1,2.302585092994046,0.6931471805599453,3.676300671907076,0.10183966224196671
2011-03-01,0.05559073037820436,4.988272266478847,0.0,24.27173913043478,0.5424877230061541,0,4.0725022707905225,0.20244843259265966,12,6.5,5698252896.583476,0.10282511440117603,295.9,90.83870967741936,6.5,5623413251.903491,12,1,0,0,0,1,22.8,18.8,44.6,28.6,2.5649493574615367,0.6931471805599453,3.169685580677429,0.09902877953126943
2011-04-01,0.11312271784534843,5.525745810569651,0.020028612303290415,26.97826086956522,0.4650960402809722,0,4.0725022707905225,0.20244843259265966,5,4.8,32004206.45327609,0.009447100257364387,268.8,91.93333333333334,4.8,15848931.924611108,5,0,0,0,0,0,17.6,15.9,34.9,28.8,1.791759469228055,0.0,2.9231615807191558,0.020598821678156066
2011-05-01,0.034299092508583394,5.781264464330286,0.003484320557491289,24.939130434782616,0.5234039908000248,0,4.0725022707905225,0.20244843259265966,7,5.7,432553840.8975943,0.019443146809790035,244.5,89.64516129032258,5.7,354813389.23357606,7,2,0,0,0,3,64.9,20.3,38.2,28.4,2.0794415416798357,1.0986122886681096,4.188138441508461,0.08328260374446697
2011-06-01,0.04731623669761565,5.285154537682743,0.0012300123001230013,27.5,0.45017716168334676,0,4.0725022707905225,0.20244843259265966,9,4.7,35669527.85818658,0.01851984628061436,44.0,85.33333333333333,4.7,11220184.543019652,9,0,0,0,0,0,8.1,20.2,42.1,28.1,2.302585092994046,0.0,2.2082744135228043,0.02708325813024843
2011-07-01,0.04531589195282173,5.473769594591743,0.0028109627547434997,28.17391304347826,0.43090694349474734,0,4.0725022707905225,0.20244843259265966,5,4.6,20955567.164272908,0.009295810075203557,34.5,83.80645161290323,4.6,7943282.347242805,5,0,0,0,0,0,6.5,24.0,50.0,27.9,1.791759469228055,0.0,2.0149030205422647,0.04027512798101844
2011-08-01,0.07134299351911721,4.978030847883389,0.0037546933667083854,27.652173913043477,0.44582582209237276,0,4.0725022707905225,0.20244843259265966,2,4.5,8441796.18316794,0.0023575403971447164,8.8,78.0,4.5,5623413.251903491,2,0,0,0,0,0,3.7,22.8,48.2,30.1,1.0986122886681096,0.0,1.547562508716013,0.03506821639613886
2011-09-01,0.1059813178686348,4.762161482860689,0.009887005649717515,27.130434782608695,0.4607447006899982,0,4.0725022707905225,0.20244843259265966,5,5.2,91869020.42540832,0.010266835464023053,27.9,78.46666666666667,5.2,63095734.44801943,5,1,0,0,0,0,3.4,21.5,45.0,29.9,1.791759469228055,0.6931471805599453,1.4816045409242156,0.029576214145562597
2011-10-01,0.07513877997417545,4.551418668729799,0.0,22.97391304347826,0.5795984335177473,0,4.0725022707905225,0.20244843259265966,5,6.1,1449552740.4110444,0.028857741723209276,68.3,80.96774193548387,6.1,1412537544.6227496,5,1,0,0,0,0,7.5,17.9,39.6,31.0,1.791759469228055,0.6931471805599453,2.1400661634962708,0.034688317105795174
2011-11-01,0.04887674901080395,5.681033191224366,0.005962059620596206,23.532608695652176,0.5636228010194566,0,4.0725022707905225,0.20244843259265966,10,5.8,597692350.507469,0.028471323118467,266.9,90.0,5.8,501187233.6272715,10,3,0,0,0,2,39.8,13.9,32.4,29.6,2.3978952727983707,1.3862943611198906,3.708682081410116,0.04977999072720643
2011-12-01,0.01872868984926276,5.812053429217371,0.0,24.32608695652174,0.5409336731522348,0,4.0725022707905225,0.20244843259265966,4,4.7,30059044.652911678,0.007164825854094004,320.2,90.93548387096774,4.7,11220184.543019652,4,0,0,0,0,4,33.4,17.4,39.2,30.0,1.6094379124341003,0.0,3.5380565643793527,0.06744011757265593
2012-01-01,0.06742019635127335,4.72391112167951,0.0,26.565217391304348,0.47690681917075906,0,4.084882484206712,0.2009354752474195,6,5.7,421057752.88355756,0.01703009056733794,583.6,92.12903225806451,5.7,354813389.23357606,6,2,0,0,0,12,63.2,23.4,48.6,29.3,1.9459101490553132,1.0986122886681096,4.162003210695915,0.16449626317067978
2012-02-01,0.12158391985978546,3.846916196661153,0.003663003663003663,26.347826086956523,0.48312301858643625,0,4.084882484206712,0.2009354752474195,4,4.8,32234010.455021854,0.007194607890034152,317.4,90.51724137931035,4.8,15848931.924611108,4,0,0,0,0,3,30.3,16.6,37.8,29.3,1.6094379124341003,0.0,3.4436180975461075,0.0557556158941209
2012-03-01,0.11830928740432642,3.7017385232467928,0.0012642225031605564,26.217391304347824,0.48685273823584274,0,4.084882484206712,0.2009354752474195,6,4.8,40681315.09139153,0.011821555918139855,472.6,91.87096774193549,4.8,15848931.924611108,6,0,0,0,0,7,74.0,22.7,55.8,28.9,1.9459101490553132,0.0,4.31748811353631,0.14663648109867222
2012-04-01,0.0946905379413408,5.285808389291224,0.012867647058823529,25.791304347826088,0.4990364890905701,0,4.084882484206712,0.2009354752474195,7,4.9,42022909.45461702,0.014095565608885684,118.7,88.53333333333333,4.9,22387211.385683425,7,0,0,0,0,0,13.9,17.7,35.3,29.0,2.0794415416798357,0.0,2.7013612129514133,0.01884094834160959
2012-05-01,0.042067153193041176,5.290492870062394,0.0,28.17391304347826,0.43090694349474734,0,4.084882484206712,0.2009354752474195,3,4.7,20824669.50045812,0.004782739484209385,111.60000000000001,88.48387096774194,4.7,11220184.543019652,3,0,0,0,0,0,17.8,22.0,42.5,28.5,1.3862943611198906,0.0,2.9338568698359033,0.03447118425997967
2012-06-01,0.1732954304723321,5.472898299894683,0.034220532319391636,27.206521739130434,0.4585690308945112,0,4.084882484206712,0.2009354752474195,7,4.8,49764588.723318584,0.014201573238979855,24.3,85.03333333333333,4.8,15848931.924611108,7,0,0,0,0,0,7.2,20.7,41.4,28.5,2.0794415416798357,0.0,2.1041341542702074,0.025237624148338005
2012-07-01,0.05238297386333747,5.626057557033729,0.006218905472636816,28.617391304347827,0.4182258966867657,0,4.084882484206712,0.2009354752474195,7,4.7,23838022.11108353,0.013846558030050556,44.5,84.83870967741936,4.7,11220184.543019652,7,0,0,0,0,0,11.5,21.7,45.7,27.4,2.0794415416798357,0.0,2.5257286443082556,0.0359443700579899
2012-08-01,0.09775321356654267,5.860565639170163,0.019933554817275746,31.434782608695652,0.33766395225958856,0,4.084882484206712,0.2009354752474195,9,5.3,129755510.49197513,0.01980817555620344,10.3,80.16129032258064,5.3,89125093.8133744,9,1,0,0,0,0,2.7,21.5,43.2,28.5,2.302585092994046,0.6931471805599453,1.308332819650179,0.026065645122719396
2012-09-01,0.17681034146828278,5.699451346823854,0.03757225433526012,29.869565217391305,0.3824205880524647,0,4.084882484206712,0.2009354752474195,74,6.1,2860389861.560014,0.20381558085053242,16.7,78.63333333333334,6.1,1412537544.6227496,74,10,0,0,0,0,2.6,20.7,42.1,30.7,4.31748811353631,2.3978952727983707,1.2809338454620645,0.03585426926893371
2012-10-01,0.05067708158920836,5.452278508561923,0.0038910505836575876,27.119565217391305,0.461055510660782,0,4.084882484206712,0.2009354752474195,17,4.8,80834898.52311678,0.037183413242900726,39.2,78.64516129032258,4.8,15848931.924611108,17,0,0,0,0,0,3.4,17.1,38.5,31.5,2.8903717578961645,0.0,1.4816045409242156,0.01737063767000744
2012-11-01,0.1546033762498767,2.916335286226356,0.0015463917525773195,23.467391304347824,0.5654876608441599,0,4.084882484206712,0.2009354752474195,12,5.4,298634405.3546562,0.028887569354332884,146.7,86.23333333333333,5.4,125892541.17941713,12,3,0,0,0,0,15.3,14.8,33.1,30.7,2.5649493574615367,1.3862943611198906,2.791165107812717,0.016741580503848903
2012-12-01,0.1923341642152226,2.40577723053051,0.005200594353640416,26.026086956521734,0.4923229937216388,0,4.084882484206712,0.2009354752474195,7,4.5,20468271.60963195,0.013800415681308248,506.2,91.7741935483871,4.5,5623413.251903491,7,0,0,0,0,10,42.0,14.5,34.6,29.4,2.0794415416798357,0.0,3.7612001156935624,0.10731184021127743
2013-01-01,0.22174935614665212,2.321319919109362,0.011494252873563218,28.597826086956523,0.41878535463417665,0,3.8611577133423074,0.22827636380987504,6,4.6,33932845.83509202,0.01172914841741635,397.0,91.6774193548387,4.6,7943282.347242805,6,0,0,0,0,8,49.7,28.3,63.0,29.2,1.9459101490553132,0.0,3.9259259105971376,0.14998439728718588
2013-02-01,0.1410010743982419,3.079549051563973,0.0,28.57608695652174,0.4194069745757445,0,3.8611577133423074,0.22827636380987504,7,4.8,49781777.75970313,0.01420180861026656,264.0,89.60714285714286,4.8,15848931.924611108,7,0,0,0,0,3,25.9,21.8,62.6,29.6,2.0794415416798357,0.0,3.292126286607793,0.09768797468960458
2013-03-01,0.16526754147893308,2.7775897687282907,0.0026402640264026403,31.234782608695657,0.34338285572201155,0,3.8611577133423074,0.22827636380987504,10,5.1,92217602.19905555,0.021549804119707194,281.8,90.2258064516129,5.1,44668359.21509626,10,1,0,0,0,3,22.1,23.1,45.0,28.9,2.3978952727983707,0.6931471805599453,3.139832617527748,0.06343254295352323
2013-04-01,0.1908376214252218,2.426722949159481,0.005063291139240506,31.08695652173913,0.34760987132467225,0,3.8611577133423074,0.22827636380987504,5,4.6,25989563.487849213,0.009364741117377125,229.7,89.73333333333333,4.6,7943282.347242805,5,0,0,0,0,2,22.8,15.4,33.5,29.3,1.791759469228055,0.0,3.169685580677429,0.03567974605791871
2013-05-01,0.21080001341512328,1.9013765791189423,0.0041928721174004195,31.597826086956523,0.33300180269783053,0,3.8611577133423074,0.22827636380987504,14,4.6,58725656.99445653,0.030113751775401952,295.0,90.61290322580645,4.6,7943282.347242805,14,0,0,0,0,5,32.8,15.0,32.4,29.4,2.70805020110221,0.0,3.520460802488973,0.061731177087618605
2013-06-01,0.16989012757870872,2.433945675355453,0.0,33.36521739130435,0.2824641014483744,0,3.8611577133423074,0.22827636380987504,13,5.1,142956505.94281906,0.029011494569094905,311.4,91.83333333333333,5.1,44668359.21509626,13,2,0,0,0,3,49.6,14.0,31.3,28.5,2.639057329615259,1.0986122886681096,3.92395157629342,0.057488230995345474
2013-07-01,0.17301383874218293,2.455075811843859,0.000999000999000999,34.09782608695652,0.2615155094175421,0,3.8611577133423074,0.22827636380987504,8,5.7,409634051.6130954,0.021384942817427276,82.4,87.87096774193549,5.7,354813389.23357606,8,2,0,0,0,0,8.8,21.2,41.4,27.7,2.1972245773362196,1.0986122886681096,2.2823823856765264,0.02937210659018925
2013-08-01,0.15478737450707591,2.8226257090690314,0.0005621135469364812,35.59782608695652,0.21862373344936903,0,3.8611577133423074,0.22827636380987504,9,5.3,205497630.9148153,0.020845320393344094,19.3,82.2258064516129,5.3,89125093.8133744,9,3,0,0,0,0,4.4,21.4,42.5,29.3,2.302585092994046,1.3862943611198906,1.6863989535702286,0.025964479032209463
2013-09-01,0.2659244075214836,2.9394086571582085,0.02912932138284251,31.486956521739128,0.33617206439982616,0,3.8611577133423074,0.22827636380987504,8,5.2,117335874.88381729,0.017382473079215678,32.4,78.93333333333334,5.2,63095734.44801943,8,1,0,0,0,0,9.3,21.2,42.5,29.9,2.1972245773362196,0.6931471805599453,2.33214389523559,0.029097153796963274
2013-10-01,0.17816831673755004,2.623685460317872,0.004116699480937892,32.5,0.3072045751227699,0,3.8611577133423074,0.22827636380987504,10,5.1,119303402.28344747,0.0219206928347382,33.8,76.87096774193549,5.1,44668359.21509626,10,1,0,0,0,0,7.8,18.4,41.8,31.8,2.3978952727983707,0.6931471805599453,2.174751721484161,0.026632915187769966
2013-11-01,0.16175084650949084,2.730726714166764,0.0012620950778291964,30.98913043478261,0.35040716106172687,0,3.8611577133423074,0.22827636380987504,8,4.6,34703041.833346255,0.01625097298787736,288.7,87.16666666666667,4.6,7943282.347242805,8,0,0,0,0,5,45.2,16.1,41.4,31.4,2.1972245773362196,0.0,3.832979798087693,0.08656283498367522
2013-12-01,0.16070400601273774,3.223376092763259,0.006417112299465241,34.8,0.24143718530490466,0,3.8611577133423074,0.22827636380987504,8,4.5,24625384.700062864,0.016112978566703132,555.1,90.74193548387096,4.7,11220184.543019652,9,0,0,0,0,7,120.3,18.8,38.9,29.4,2.302585092994046,0.0,4.798266815950004,0.14776368019782288
2014-01-01,0.21082269536812093,2.3630985751173017,0.009270704573547589,28.91304347826087,0.40977186548144473,0,4.107968626496641,0.19811417101165174,3,4.6,11933806.97718057,0.004660995966701998,350.8,90.93548387096774,4.6,7943282.347242805,3,0,0,0,0,6,36.9,25.2,53.3,28.8,1.3862943611198906,0.0,3.6349511120883804,0.10949145343126349
2014-02-01,0.19561676029081063,2.418577260328963,0.006147091108671789,25.815217391304348,0.4983527071548456,0,4.107968626496641,0.19811417101165174,8,5.0,55315276.529221885,0.01653321848981755,309.9,90.46428571428571,5.0,31622776.60168379,8,1,0,0,0,5,24.9,19.2,47.5,29.2,2.1972245773362196,0.6931471805599453,3.254242968705492,0.08388838484582052
2014-03-01,0.18674456602017328,2.05728804334744,0.0,25.26086956521739,0.5142040156648225,0,4.107968626496641,0.19811417101165174,20,5.3,235393845.80457643,0.046066722489672536,209.7,87.7741935483871,5.3,89125093.8133744,20,3,0,0,0,2,55.1,13.8,42.5,29.3,3.044522437723423,1.3862943611198906,4.027135812528651,0.07490754108817095
2014-04-01,0.22800586040047466,1.5447062530647957,0.004498714652956298,28.76086956521739,0.41412320507241873,0,4.107968626496641,0.19811417101165174,12,5.0,75825003.73544036,0.025836616736876414,174.5,89.2,5.0,31622776.60168379,12,1,0,0,0,1,24.7,13.5,31.0,29.5,2.5649493574615367,0.6931471805599453,3.246490991901174,0.02560634680635324
2014-05-01,0.22231335077950504,1.9473031984348483,0.007523939808481532,30.5,0.36439360974700064,0,4.107968626496641,0.19811417101165174,10,5.2,142629643.86831713,0.022240101519028846,41.1,86.38709677419355,5.2,63095734.44801943,10,2,0,0,0,0,9.4,18.3,36.4,29.3,2.3978952727983707,1.0986122886681096,2.341805806147327,0.01810844116572837
2014-06-01,0.15348576216728754,2.800545218373105,0.0,29.304347826086957,0.3985827065332257,0,4.107968626496641,0.19811417101165174,13,5.1,71552239.31644234,0.0280337484211401,25.2,84.16666666666667,5.1,44668359.21509626,13,1,0,0,0,0,6.4,21.2,41.4,29.7,2.639057329615259,0.6931471805599453,2.0014800002101243,0.024946191118714173
2014-07-01,0.19524960949885717,2.380926459580798,0.0056433408577878106,31.934782608695652,0.3233666936035309,0,4.107968626496641,0.19811417101165174,13,5.5,247876250.852583,0.03044817169326031,66.6,85.09677419354838,5.5,177827941.00389227,13,2,0,0,0,0,11.4,20.6,41.0,28.5,2.639057329615259,1.0986122886681096,2.517696472610991,0.028848030040673923
2014-08-01,0.20015572201444476,1.8445222744928813,0.0009551098376313276,33.03478260869565,0.2919127245602039,0,4.107968626496641,0.19811417101165174,13,4.6,37393742.13655117,0.027566012519414214,28.9,81.16129032258064,4.6,7943282.347242805,13,0,0,0,0,0,4.4,22.7,45.4,28.9,2.639057329615259,0.0,1.6863989535702286,0.03049428659042567
2014-09-01,0.22507176544865462,1.97002125702269,0.008450704225352112,28.815217391304348,0.41256915521849946,0,4.107968626496641,0.19811417101165174,16,4.9,82948834.152473,0.03495672048850925,2.6,75.4,4.9,22387211.385683425,16,0,0,0,0,0,1.0,19.2,41.0,30.7,2.833213344056216,0.0,0.6931471805599453,0.020312370218041702
2014-10-01,0.18123698667720398,2.180369675561038,0.0,28.206521739130434,0.4299745135823958,0,4.107968626496641,0.19811417101165174,14,5.7,440489450.4025635,0.035341283631257554,7.4,73.16129032258064,5.7,354813389.23357606,14,2,0,0,0,0,1.8,19.3,43.2,32.2,2.70805020110221,1.0986122886681096,1.0296194171811583,0.027826703767568867
2014-11-01,0.17760556854298487,2.72635125780557,0.005106382978723404,28.13913043478261,0.43190153540125564,0,4.107968626496641,0.19811417101165174,5,4.7,26697931.522713836,0.009374440875530896,146.8,84.43333333333334,4.7,11220184.543019652,5,0,0,0,0,0,17.5,15.2,38.9,32.7,1.791759469228055,0.0,2.917770732084279,0.027739436957309748
2014-12-01,0.6754301623167859,2.3101387402900477,0.12275064267352186,29.717391304347824,0.38677192764343893,0,4.107968626496641,0.19811417101165174,12,4.4,24074940.83480716,0.025127997671824324,622.7,92.48387096774194,4.4,3981071.7055349774,12,0,0,0,0,6,175.7,18.0,40.7,29.1,2.5649493574615367,0.0,5.174453379325651,0.18195667620200956
2015-01-01,0.192300672183347,1.961577334721002,0.00031259768677711783,29.543478260869566,0.39174488717598066,0,3.8766031523673528,0.22638881230831198,10,4.8,50704572.9824127,0.020981361835734288,284.9,89.41935483870968,4.8,15848931.924611108,10,0,0,0,0,2,35.8,20.7,46.4,29.1,2.3978952727983707,0.0,3.6054978451748854,0.06806382121174427
2015-02-01,0.32404243709920116,-0.9190373873931325,0.0010102710894089914,27.869565217391305,0.43960962267669546,0,3.8766031523673528,0.22638881230831198,9,5.1,70678805.47036043,0.018999232008460192,296.1,90.21428571428571,5.1,44668359.21509626,9,1,0,0,0,4,28.9,21.2,43.2,28.8,2.302585092994046,0.6931471805599453,3.3978584803966405,0.07189939094264755
2015-03-01,0.4844229667889022,-3.853976254928112,0.008142018152696209,28.713043478260868,0.4154907689438678,0,3.8766031523673528,0.22638881230831198,11,5.0,58317231.00217183,0.023341241862013966,267.8,89.3225806451613,5.0,31622776.60168379,11,1,0,0,0,2,25.2,15.2,37.4,29.0,2.4849066497880004,0.6931471805599453,3.265759410767051,0.044609824702249105
2015-04-01,0.5190332438916487,-4.583767550244518,0.00862173649058895,30.369565217391305,0.368123329396407,0,3.8766031523673528,0.22638881230831198,7,4.3,14035090.3520583,0.013712325452378368,368.1,91.53333333333333,4.3,2818382.9312644494,7,0,0,0,0,8,31.8,12.7,33.5,29.6,2.0794415416798357,0.0,3.4904285153900982,0.08416881965518316
2015-05-01,0.44914033008700344,-3.5614353624497883,0.0026938042502244837,30.93913043478261,0.3518368869273327,0,3.8766031523673528,0.22638881230831198,9,5.0,47650368.502289236,0.018683901194171928,47.9,85.38709677419355,5.0,31622776.60168379,9,1,0,0,0,0,18.7,19.6,39.6,29.1,2.302585092994046,0.6931471805599453,2.9806186357439426,0.0300152962567757
2015-06-01,0.41516867726252765,-2.9228781931763064,0.0013686131386861315,30.793478260869566,0.35600174053583644,0,3.8766031523673528,0.22638881230831198,10,4.9,62038479.12636241,0.02113655820700315,23.2,82.26666666666667,4.9,22387211.385683425,10,0,0,0,0,0,5.8,22.4,44.3,28.9,2.3978952727983707,0.0,1.916922612182061,0.02959132403961238
2015-07-01,0.4241710419142583,-2.844968066501336,0.004434589800443459,32.119565217391305,0.3180829241002051,0,3.8766031523673528,0.22638881230831198,12,5.9,775766634.9158202,0.0354209912569701,9.5,77.70967741935483,5.9,707945784.3841403,12,2,0,0,0,0,3.2,19.4,41.4,30.0,2.5649493574615367,1.0986122886681096,1.4350845252893227,0.02868784305548124
2015-08-01,0.40764601379167986,-2.6033352206550657,0.0030321406913280777,32.97391304347826,0.29365326039659345,0,3.8766031523673528,0.22638881230831198,10,5.3,156934514.5020423,0.02243597962015551,5.800000000000001,75.96774193548387,5.3,89125093.8133744,10,2,0,0,0,0,2.2,22.0,44.3,30.2,2.3978952727983707,1.0986122886681096,1.1631508098056809,0.027716156919377267
2015-09-01,0.4226838087527013,-2.7171653364987085,0.005473453749315818,30.402173913043477,0.3671908994840555,0,3.8766031523673528,0.22638881230831198,7,4.8,25487652.260089945,0.013869146589529513,13.9,74.1,4.8,15848931.924611108,7,0,0,0,0,0,3.7,20.8,43.9,31.2,2.0794415416798357,0.0,1.547562508716013,0.027365224851831436
2015-10-01,0.4471479891050333,-3.610864021537461,0.001661681621801263,30.434782608695652,0.36625846957170394,0,3.8766031523673528,0.22638881230831198,7,4.9,39624562.51942817,0.014062724791548952,5.2,71.29032258064517,4.9,22387211.385683425,7,0,0,0,0,0,2.0,19.4,45.0,33.1,2.0794415416798357,0.0,1.0986122886681096,0.02825001731958998
2015-11-01,0.4319464718873154,-3.211324970438628,0.002318840579710145,26.695652173913043,0.4731770995213528,0,3.8766031523673528,0.22638881230831198,10,5.0,74628980.84240144,0.02130896127386874,65.2,79.76666666666667,5.0,31622776.60168379,10,1,0,0,0,0,7.6,16.5,38.2,32.4,2.3978952727983707,0.6931471805599453,2.151762203259462,0.0198530327649373
2015-12-01,0.46601930794564933,-3.838301172750279,0.003796095444685466,32.40217391304348,0.3100018648598247,0,3.8766031523673528,0.22638881230831198,11,4.8,56988010.74775294,0.023323040708988448,308.6,89.58064516129032,4.8,15848931.924611108,11,0,0,0,0,4,21.5,20.1,42.5,31.0,2.4849066497880004,0.0,3.1135153092103742,0.06528942891782327
2016-01-01,0.4855283765946645,-4.223590412066429,0.004352987732489117,31.98260869565217,0.321999129732082,0,3.8827251301698276,0.2256406595122108,5,5.4,135276675.05951262,0.010861221053505043,289.3,88.70967741935483,5.4,125892541.17941713,5,1,0,0,0,7,32.2,14.4,43.6,30.0,1.791759469228055,0.6931471805599453,3.502549875922443,0.0967950495038427
2016-02-01,0.41741155111674755,-2.755156400778674,0.003761755485893417,31.72826086956522,0.32927208304842415,0,3.8827251301698276,0.2256406595122108,14,6.3,2902994705.7131815,0.06906062760683199,696.5,92.89655172413794,6.3,2818382931.264449,14,2,0,0,0,17,51.9,18.0,37.4,29.5,2.70805020110221,1.0986122886681096,3.9684033388642534,0.19378786324502914
2016-03-01,0.3944705574324348,-2.1416743426416214,0.004869141813755326,32.891304347826086,0.29601541617455085,0,3.8827251301698276,0.2256406595122108,4,5.1,52467813.85189568,0.007471671492315591,225.0,89.74193548387096,5.1,44668359.21509626,4,1,0,0,0,0,18.7,12.1,30.2,29.9,1.6094379124341003,0.6931471805599453,2.9806186357439426,0.01309284563392108
2016-04-01,0.40333923175976294,-2.196291480229525,0.0064464141821112,34.619565217391305,0.24659663081991667,0,3.8827251301698276,0.2256406595122108,5,4.6,15341606.836772207,0.009218937524803926,174.5,89.2,4.6,7943282.347242805,5,0,0,0,0,1,20.1,13.0,32.0,29.7,1.791759469228055,0.0,3.0492730404820207,0.02404728139662268
2016-05-01,0.4300691408673918,-2.240216979534235,0.012526096033402923,35.92173913043478,0.20936159632001006,0,3.8827251301698276,0.2256406595122108,7,4.9,46704676.420049995,0.014159673537338005,134.9,89.38709677419355,4.9,22387211.385683425,7,0,0,0,0,0,19.4,15.6,36.0,29.8,2.0794415416798357,0.0,3.0155349008501706,0.02388773549680184
2016-06-01,0.44407938389187257,-1.4526024998486458,0.02461799660441426,35.77173913043478,0.2136507739168273,0,3.8827251301698276,0.2256406595122108,15,6.1,1503729203.0036907,0.05215597671239727,110.60000000000001,88.73333333333333,6.1,1412537544.6227496,15,1,0,0,0,1,21.5,17.4,35.6,29.0,2.772588722239781,0.6931471805599453,3.1135153092103742,0.04411287075174682
2016-07-01,0.4331976532399765,-3.3728299087694995,0.0008517887563884157,37.547826086956526,0.16286442469074391,0,3.8827251301698276,0.2256406595122108,10,5.6,315322996.52158815,0.02460480979644379,153.7,88.80645161290323,5.6,251188643.1509572,10,2,0,0,0,3,23.4,19.9,40.0,28.8,2.3978952727983707,1.0986122886681096,3.1945831322991562,0.05711146490748308
2016-08-01,0.4900975163790237,-4.697116705664651,0.00027277686852154935,34.28260869565217,0.25623173991421655,0,3.8827251301698276,0.2256406595122108,8,4.7,29295963.376635313,0.016176933292736992,68.2,86.03225806451613,4.7,11220184.543019652,8,0,0,0,0,0,8.1,20.7,42.5,29.7,2.1972245773362196,0.0,2.2082744135228043,0.027808333658949334
2016-09-01,0.4721558666930914,-3.591733197621062,0.008011310084825637,35.28260869565217,0.22763722260210117,0,3.8827251301698276,0.2256406595122108,23,5.2,187471723.2548482,0.0521774371084914,182.2,86.13333333333334,5.2,63095734.44801943,23,1,0,0,0,2,20.7,19.4,39.6,29.7,3.1780538303479458,0.6931471805599453,3.077312260546414,0.04578856995845222
2016-10-01,0.4558719694065026,-3.1681987469715964,0.008666345690900338,32.03478260869565,0.32050724187231927,0,3.8827251301698276,0.2256406595122108,14,4.6,45504450.943095624,0.02993271240760513,305.1,88.87096774193549,4.6,7943282.347242805,14,0,0,0,0,7,30.5,15.0,36.7,29.7,2.70805020110221,0.0,3.449987545831587,0.0820635349065367
2016-11-01,0.4742049805857583,-3.435328646650738,0.010232558139534883,31.82608695652174,0.3264747933113695,0,3.8827251301698276,0.2256406595122108,12,5.7,428707799.11425054,0.03066867804305195,281.6,90.03333333333333,5.7,354813389.23357606,12,2,0,0,0,4,27.7,15.8,35.3,30.0,2.5649493574615367,1.0986122886681096,3.3568971227655755,0.05953225418993855
2016-12-01,0.43951255464623745,-3.026094468960287,0.006211180124223602,33.46739130434783,0.27954248772300605,0,3.8827251301698276,0.2256406595122108,8,6.3,2860092821.1924396,0.054939332994347403,533.8,91.51612903225806,6.3,2818382931.264449,8,1,0,0,0,12,53.5,20.8,47.2,29.7,2.1972245773362196,0.6931471805599453,3.9982007016691985,0.17735712295440528
2017-01-01,0.43280187786975116,-2.299584457040616,0.012544802867383513,36.547826086956526,0.1914589420028593,0,4.006774804110054,0.21048083479407853,5,4.8,52273868.284107424,0.009724654872960998,403.9,86.7741935483871,4.8,15848931.924611108,5,0,0,0,0,6,41.9,16.2,47.2,28.6,1.791759469228055,0.0,3.758871825933971,0.10193930645548235
2017-02-01,0.3787884873089653,-1.929275348491604,0.003352490421455939,34.05434782608695,0.26275874930067766,0,4.006774804110054,0.21048083479407853,17,5.2,258691041.53883603,0.03961881615283666,338.5,87.07142857142857,5.2,63095734.44801943,17,3,0,0,0,7,44.3,20.5,55.4,27.6,2.8903717578961645,1.3862943611198906,3.8133070324889884,0.12593381781232219
2017-03-01,0.3936974745712605,-1.8955551080132291,0.007383100902378999,34.46739130434783,0.2509479704108907,0,4.006774804110054,0.21048083479407853,7,5.6,445583279.7539958,0.019621560289176616,252.3,86.48387096774194,5.6,251188643.1509572,7,2,0,0,0,2,25.1,14.1,37.1,28.6,2.0794415416798357,1.0986122886681096,3.261935314328648,0.0459635598797064
2017-04-01,0.38478040640951033,-1.5156253564035296,0.00936768149882904,37.452173913043474,0.16559955243364222,0,4.006774804110054,0.21048083479407853,25,5.5,298587756.8764669,0.05821023886248161,222.6,86.86666666666666,5.5,177827941.00389227,25,1,0,0,0,3,51.0,12.9,33.5,27.0,3.258096538021482,0.6931471805599453,3.9512437185814275,0.06363025032151995
2017-05-01,0.44554370531508236,-2.7395874190772247,0.010839269123567669,38.02173913043478,0.1493131099645677,0,4.006774804110054,0.21048083479407853,12,5.4,184320726.8421205,0.027322260107351722,141.5,89.16129032258064,5.4,125892541.17941713,12,1,0,0,0,0,18.9,15.9,38.9,26.4,2.5649493574615367,0.6931471805599453,2.990719731730447,0.029727986202353198
2017-06-01,0.439217454176889,-2.54015432829812,0.011477045908183632,40.619565217391305,0.07502952694722442,0,4.006774804110054,0.21048083479407853,10,4.7,35611865.555114135,0.020774695802365926,174.9,91.46666666666667,4.7,11220184.543019652,10,0,0,0,0,1,27.2,15.8,38.5,25.8,2.3978952727983707,0.0,3.339321977944068,0.04073603555905095
2017-07-01,0.42357582773272184,-1.0394720483327378,0.02412280701754386,42.417391304347824,0.023621557779573643,0,4.006774804110054,0.21048083479407853,15,5.2,100966086.14473952,0.03294779352106862,321.6,92.6774193548387,5.2,63095734.44801943,15,1,0,0,0,3,68.5,15.4,38.2,26.2,2.772588722239781,0.6931471805599453,4.241326752570746,0.08314305787238509
2017-08-01,0.49041628127711734,-1.7557691024537567,0.032663316582914576,40.91304347826087,0.06663765773606023,0,4.006774804110054,0.21048083479407853,11,5.2,100347006.45956656,0.02391676000671952,212.3,92.12903225806451,5.2,63095734.44801943,11,1,0,0,0,3,26.8,15.1,36.7,25.1,2.4849066497880004,0.6931471805599453,3.3250360206965914,0.05178063597347161
2017-09-01,0.46614290593094226,-3.4725326802545124,0.007844602166604408,39.33695652173913,0.11170510349972018,0,4.006774804110054,0.21048083479407853,13,5.7,498194087.15474135,0.033875800205845685,145.6,90.0,5.7,354813389.23357606,13,2,3,3,0,0,14.1,14.8,38.2,26.9,2.639057329615259,1.0986122886681096,2.714694743820879,0.3272120289776398
2017-10-01,0.3970307655534583,-2.370879200495321,0.0029797377830750892,34.17391304347826,0.2593398396220552,0,4.006774804110054,0.21048083479407853,18,5.5,312933608.33501494,0.042617204434150874,189.2,89.96774193548387,5.5,177827941.00389227,18,2,3,3,0,1,33.8,14.3,35.6,27.4,2.9444389791664403,1.0986122886681096,3.5496173867804286,0.34150471057830173
2017-11-01,0.46215050479395575,-3.25900679090108,0.009210159084566006,34.880434782608695,0.23913719152110402,0,4.006774804110054,0.21048083479407853,11,4.9,87890640.72204104,0.02374619367794383,499.6,90.6,4.9,22387211.385683425,11,0,3,3,0,8,70.5,11.7,35.6,27.6,2.4849066497880004,0.0,4.269697449699962,0.41473341992634866
2017-12-01,0.4403227013120151,-3.1816824472667617,0.004700854700854701,33.208695652173915,0.28693976502766205,0,4.006774804110054,0.21048083479407853,4,4.6,15914878.682715548,0.006971148298861133,304.7,89.3225806451613,4.6,7943282.347242805,4,0,3,3,0,1,27.3,17.3,42.8,28.5,1.6094379124341003,0.0,3.342861804649192,0.3485699417362294
2018-01-01,0.38353821157700496,-2.05730920398853,0.0031120331950207467,39.380434782608695,0.11046186361658483,0,3.6896152885749975,0.24924016813594596,4,5.1,60230317.12921143,0.007577964267754284,482.0,88.3225806451613,5.1,44668359.21509626,4,1,3,3,0,9,39.9,20.2,54.4,27.4,1.6094379124341003,0.6931471805599453,3.7111300630487563,0.435051433353263
2018-02-01,0.40855745478514527,-2.489368266261057,0.004507888805409466,36.92391304347826,0.18070491701373792,0,3.6896152885749975,0.24924016813594596,8,4.9,80809801.44478239,0.01688231770626296,333.7,88.10714285714286,4.9,22387211.385683425,8,0,3,3,0,3,54.2,17.3,49.3,27.5,2.1972245773362196,0.0,4.01096295328305,0.39307680256030675
2018-03-01,0.3853750429562545,-1.596008832417764,0.00863060989643268,40.23913043478261,0.08590787592465965,0,3.6896152885749975,0.24924016813594596,7,4.6,25700142.71008107,0.013872056243654847,269.1,86.38709677419355,4.6,7943282.347242805,7,0,2,2,0,5,27.3,13.4,33.1,27.8,2.0794415416798357,0.0,3.342861804649192,0.25922215428287954
2018-04-01,0.4018356243483869,-1.6813642514807503,0.011734028683181226,40.2695652173913,0.08503760800646487,0,3.6896152885749975,0.24924016813594596,15,5.0,124777084.65825795,0.03327384003307005,88.0,84.1,5.0,31622776.60168379,15,1,2,2,0,0,8.6,14.1,35.3,27.5,2.772588722239781,0.6931471805599453,2.2617630984737906,0.2152831269963949
2018-05-01,0.5303010030948634,-4.685174815916166,0.010273972602739725,40.92391304347826,0.06632684776527642,0,3.6896152885749975,0.24924016813594596,14,5.1,107541800.89095101,0.030782196378335156,109.2,85.54838709677419,5.1,44668359.21509626,14,1,2,2,0,0,18.3,15.1,40.0,27.6,2.70805020110221,0.6931471805599453,2.9601050959108397,0.23058243936127756
2018-06-01,0.42449076146022513,-2.13887082363911,0.012269938650306749,42.27173913043478,0.02778641138807736,0,3.6896152885749975,0.24924016813594596,8,4.8,48389284.98368684,0.016438380157679105,229.4,91.33333333333333,4.8,15848931.924611108,8,0,2,2,0,4,26.7,15.6,36.7,27.4,2.1972245773362196,0.0,3.3214324131932926,0.25834767118726404
2018-07-01,0.3604126323842967,-1.2326947288289043,0.006493506493506494,43.243478260869566,0.0,0,3.6896152885749975,0.24924016813594596,44,6.4,4697041800.740317,0.16129587647956495,224.9,92.29032258064517,6.4,3981071705.5349855,44,5,2,2,0,2,21.6,16.7,40.0,25.2,3.8066624897703196,1.791759469228055,3.1179499062782403,0.28221765610113925
2018-08-01,0.450526861379944,-3.094109222285564,0.008168028004667444,41.68478260869565,0.04457014981040608,0,3.6896152885749975,0.24924016813594596,134,6.9,51121617292.141945,1.0,318.3,92.12903225806451,6.9,22387211385.683468,134,22,2,2,0,4,44.6,15.5,36.4,24.4,4.90527477843843,3.1354942159291497,3.8199077165203406,0.4704366811131178
2018-09-01,0.3538451332385354,-0.2901572651561339,0.015235457063711912,38.11304347826087,0.14670230620998315,0,3.6896152885749975,0.24924016813594596,24,5.3,288956372.41062415,0.05582271620222937,112.39999999999999,87.23333333333333,5.3,89125093.8133744,24,5,2,2,0,0,18.9,14.3,39.2,27.0,3.2188758248682006,1.791759469228055,2.990719731730447,0.2299425372312455
2018-10-01,0.3161057789443114,-0.7472537611857486,0.0009489466691971911,35.880434782608695,0.21054267420898864,0,3.6896152885749975,0.24924016813594596,19,6.0,1125914046.840221,0.05600507035344267,92.5,86.64516129032258,6.0,1000000000.0,19,2,2,2,0,0,14.0,13.3,35.3,27.4,2.995732273553991,1.0986122886681096,2.70805020110221,0.2276642431750933
2018-11-01,0.4121051977865423,-2.405855549914288,0.006296296296296296,34.54347826086956,0.24877230061540379,0,3.6896152885749975,0.24924016813594596,7,5.0,62139687.50031892,0.014371026770700644,393.8,91.4,5.0,31622776.60168379,7,1,2,2,0,8,51.0,13.1,33.8,28.2,2.0794415416798357,0.6931471805599453,3.9512437185814275,0.29815889493552317
2018-12-01,0.38029613829294984,-1.3323310900876648,0.010280373831775701,37.87826086956522,0.15341580157891466,0,3.6896152885749975,0.24924016813594596,15,5.5,313654471.7547859,0.03586015799969392,329.8,91.48387096774194,5.5,177827941.00389227,15,2,2,2,0,4,35.8,19.2,45.7,27.8,2.772588722239781,1.0986122886681096,3.6054978451748854,0.2823631218953133
2019-01-01,0.46486073102048125,-3.4464538471173536,0.007816316560820713,32.72826086956522,0.30067756573630877,0,2.8523871144257584,0.35155589349045313,26,6.3,4272872076.055136,0.11488617197832474,418.1,87.90322580645162,6.3,2818382931.264449,26,6,2,2,0,6,96.1,23.5,58.3,28.0,3.295836866004329,1.9459101490553132,4.575741375297279,0.38438661899875515
2019-02-01,0.5362968447403946,-4.152439427123558,0.017598343685300208,32.858695652173914,0.2969478460869024,0,2.8523871144257584,0.35155589349045313,14,5.7,411138583.0712767,0.0349393791117075,291.5,87.85714285714286,5.7,354813389.23357606,14,1,2,2,0,2,28.8,15.8,42.5,27.4,2.70805020110221,0.6931471805599453,3.3945083935113587,0.25922154764372446
2019-03-01,0.4466335291941194,-1.878570745021944,0.02056555269922879,34.95652173913044,0.2369615217256169,0,2.8523871144257584,0.35155589349045313,7,5.6,431584105.9248807,0.019429868126611773,527.6,89.38709677419355,5.6,251188643.1509572,7,4,2,2,0,9,72.4,16.4,37.8,28.0,2.0794415416798357,1.6094379124341003,4.29592393562047,0.3291341895885199
2019-04-01,0.4051309723472475,-1.0170153826298982,0.01984126984126984,37.119565217391305,0.17511033753962824,0,2.8523871144257584,0.35155589349045313,16,4.9,114522296.20253143,0.03538905923177474,345.8,89.6,4.9,22387211.385683425,16,0,2,2,0,3,88.6,15.5,38.9,28.4,2.833213344056216,0.0,4.4953553199808844,0.29785391723423205
2019-05-01,0.37724368336807934,-1.659466424862913,0.005937234944868533,37.54347826086956,0.16298874867905766,0,2.8523871144257584,0.35155589349045313,15,5.4,189363669.00322253,0.034158230939054374,104.1,89.03225806451613,5.4,125892541.17941713,15,1,2,2,0,1,22.5,16.1,38.9,26.5,2.772588722239781,0.6931471805599453,3.157000421150113,0.2392596202641061
2019-06-01,0.3599648228136301,-1.285774031048004,0.00580046403712297,39.417391304347824,0.10940510971591977,0,2.8523871144257584,0.35155589349045313,9,5.1,126010784.91562031,0.019756898634243205,174.20000000000002,91.46666666666667,5.1,44668359.21509626,9,1,2,2,0,3,54.1,16.1,37.8,25.7,2.302585092994046,0.6931471805599453,4.009149716158869,0.2723617215021616
2019-07-01,0.39725996512194717,-2.086634835111141,0.006158583525789068,40.84782608695652,0.06850251756076331,0,2.8523871144257584,0.35155589349045313,15,5.7,633157797.9709837,0.04023515071688315,143.9,91.35483870967742,5.7,354813389.23357606,15,5,2,2,0,1,22.7,15.0,40.3,24.8,2.772588722239781,1.791759469228055,3.1654750481410856,0.24398476863776852
2019-08-01,0.3700883287978361,-1.9001909268539916,0.0015360983102918587,38.82608695652174,0.1263131721265618,0,2.8523871144257584,0.35155589349045313,14,5.0,151058875.9303521,0.0313780802729583,169.6,90.96774193548387,5.0,31622776.60168379,14,1,2,2,0,1,33.7,19.0,44.6,25.4,2.70805020110221,0.6931471805599453,3.5467396869528134,0.25644094111303695
2019-09-01,0.4423590750205916,-3.177262383971807,0.005249343832020997,37.88695652173913,0.1531671536022876,0,2.8523871144257584,0.35155589349045313,10,6.1,2406666106.796404,0.05324179140459433,125.3,90.86666666666666,6.1,1412537544.6227496,10,3,2,2,0,1,22.0,15.1,37.4,25.4,2.3978952727983707,1.3862943611198906,3.1354942159291497,0.24771915653817048
2019-10-01,0.45890910311606475,-3.074266304501272,0.010443864229765013,35.69565217391305,0.2158264437123142,0,2.8523871144257584,0.35155589349045313,10,4.8,46677693.88050186,0.02092622135581346,70.0,84.74193548387096,4.8,15848931.924611108,10,0,2,2,0,0,10.4,13.8,39.2,28.5,2.3978952727983707,0.0,2.4336133554004498,0.2234477625470085
2019-11-01,0.3838463691939255,-2.266995177173937,0.0008841732979664014,35.95652173913044,0.20836700441350153,0,2.8523871144257584,0.35155589349045313,10,5.0,77004268.18865666,0.021341486333824038,124.0,86.2,5.0,31622776.60168379,10,1,2,2,0,1,22.0,12.4,38.5,29.4,2.3978952727983707,0.6931471805599453,3.1354942159291497,0.23734690507023937
2019-12-01,0.41443518965729004,-2.8454859814461977,0.0020387359836901123,38.243478260869566,0.14297258656057688,0,2.8523871144257584,0.35155589349045313,3,4.5,8035950.796526244,0.004607622211239201,382.8,86.25806451612904,4.5,5623413.251903491,3,0,2,2,0,5,67.5,12.8,34.2,29.7,1.3862943611198906,0.0,4.22683374526818,0.2888083883062676
2020-01-01,0.42574223196629546,-1.4918507288952951,0.01968503937007874,38.880434782608695,0.12475912227264252,0,-2.4536953421055205,1.0,16,5.3,166486138.85838774,0.03610060560554458,183.5,87.16129032258064,5.3,89125093.8133744,16,1,2,2,0,0,18.9,18.6,58.7,28.6,2.833213344056216,0.6931471805599453,2.990719731730447,0.2652899692554147
2020-02-01,0.45972018704613465,-2.952416962057717,0.011981566820276499,32.41304347826087,0.3096910548890409,0,-2.4536953421055205,1.0,13,6.2,2099072935.4210129,0.055796802986041893,423.4,88.58620689655173,6.2,1995262314.9688828,13,1,2,2,0,9,41.5,14.6,40.0,28.4,2.639057329615259,0.6931471805599453,3.7495040759303713,0.3275154759632018
2020-03-01,0.38293397111308325,-2.249619109368146,0.000851063829787234,16.98260869565217,0.7509168894138125,1,-2.4536953421055205,1.0,20,6.2,2153390534.1647887,0.07233005327418807,482.4,88.74193548387096,6.2,1995262314.9688828,20,2,2,2,0,8,55.2,14.0,35.6,28.0,3.044522437723423,1.0986122886681096,4.028916756899646,0.3218912394772672
2020-04-01,0.4676097103652307,-2.6035014377800767,0.01775147928994083,9.695652173913043,0.959283893827314,1,-2.4536953421055205,1.0,15,4.9,95376081.609117,0.03287124899985179,273.7,86.7,4.9,22387211.385683425,15,0,2,2,0,4,39.5,15.8,38.2,27.9,2.772588722239781,0.0,3.7013019741124933,0.269917470494542
2020-05-01,0.40024233263710773,-2.128874315203277,0.006426735218508998,9.695652173913045,0.9592838938273139,0,-2.4536953421055205,1.0,10,4.5,29503384.407349695,0.020691051726258645,326.3,87.74193548387096,4.5,5623413.251903491,10,0,2,2,0,6,82.4,15.7,39.2,28.1,2.3978952727983707,0.0,4.423648309364701,0.3151653439810749
2020-06-01,0.4539013284906478,-2.8721767444109534,0.011434511434511435,9.869565217391305,0.9543109342947722,0,-2.4536953421055205,1.0,13,5.7,484001444.8138767,0.0336814588585605,170.6,90.36666666666666,5.7,354813389.23357606,13,3,2,2,0,2,34.3,17.1,40.7,26.6,2.639057329615259,1.3862943611198906,3.563882963939251,0.2597366127445361
2020-07-01,0.462199423196277,-2.853526354383896,0.013676588897827836,10.130434782608695,0.9468514949959594,0,-2.4536953421055205,1.0,8,4.8,49941468.107023016,0.016459634364765965,172.2,91.51612903225806,4.8,15848931.924611108,8,0,2,2,0,0,17.2,16.5,39.6,24.9,2.1972245773362196,0.0,2.9014215940827497,0.22884370241457602
2020-08-01,0.3809383880996503,-1.5457500457746784,0.008093525179856115,10.495652173913044,0.9364082799776217,0,-2.4536953421055205,1.0,32,5.3,427725826.4275828,0.07576801374245404,180.0,91.3225806451613,5.3,89125093.8133744,32,7,1,1,0,1,21.0,16.9,41.8,26.0,3.4965075614664802,2.0794415416798357,3.091042453358316,0.1431568245077455
2020-09-01,0.4863334958502231,-3.009408321723803,0.017889087656529516,9.66304347826087,0.9602163237396656,0,-2.4536953421055205,1.0,16,4.9,101943839.02612734,0.0352168210920597,149.9,89.46666666666667,4.9,22387211.385683425,16,0,1,1,0,1,23.7,13.0,41.0,26.5,2.833213344056216,0.0,3.2068032436339315,0.14296363793749353
2020-10-01,0.3902157276787845,-2.489820790828145,0.0,9.608695652173912,0.961770373593585,0,-2.4536953421055205,1.0,12,5.0,80930957.12185758,0.025906533094694758,251.4,92.06451612903226,5.0,31622776.60168379,12,1,1,1,0,1,21.7,16.8,39.6,27.7,2.5649493574615367,0.6931471805599453,3.122364924487357,0.1391347952298051
2020-11-01,0.45309977928360334,-2.9328843418559094,0.010570824524312896,10.947826086956523,0.923478585193013,0,-2.4536953421055205,1.0,6,4.8,31096874.90255953,0.011690315168564365,243.1,89.73333333333333,4.8,15848931.924611108,6,0,1,1,0,3,35.5,13.4,42.5,27.8,1.9459101490553132,0.0,3.597312260588446,0.16784709079196045
2020-12-01,0.442892248755462,-2.0941674756717323,0.017278617710583154,12.891304347826088,0.8679057624168584,0,-2.4536953421055205,1.0,15,4.6,39879249.06782172,0.032111325023251494,357.8,89.70967741935483,4.8,15848931.924611108,17,0,1,1,0,4,82.0,19.7,47.5,28.2,2.8903717578961645,0.0,4.418840607796598,0.2159098278062068
2021-01-01,0.504579312455671,-4.943244806575932,0.0011242270938729624,9.565217391304348,0.9630136134767203,0,5.729095438572441,0.0,6,4.7,22014901.49478796,0.011565954749575112,629.9,90.38709677419355,4.7,11220184.543019652,6,0,1,1,0,9,157.6,15.1,43.2,27.7,1.9459101490553132,0.0,5.066385309200747,0.2952969538724937
2021-02-01,0.432760102823282,-3.440588961054677,0.0,9.5,0.9648784733014235,0,5.729095438572441,0.0,12,5.1,116434348.59786452,0.026392684775750946,374.0,88.89285714285714,5.1,44668359.21509626,12,1,1,1,0,5,69.5,17.4,46.8,28.5,2.5649493574615367,0.6931471805599453,4.255612709818223,0.2133717019006594
2021-03-01,0.43159446430859755,-3.1802313323600258,0.002574002574002574,10.695652173913043,0.9306893765151987,0,5.729095438572441,0.0,11,4.7,41816394.81038463,0.023115294173075816,410.3,87.93548387096774,4.7,11220184.543019652,11,0,1,1,0,8,43.5,14.8,40.7,28.1,2.4849066497880004,0.0,3.7954891891721947,0.2053320522497774
2021-04-01,0.3879581650900288,-2.310615923662329,0.0014144271570014145,9.684782608695652,0.9595947037980979,0,5.729095438572441,0.0,11,6.0,1315027945.8051994,0.040549514120051484,95.0,83.06666666666666,6.0,1000000000.0,11,4,1,1,0,1,35.3,13.9,36.4,28.0,2.4849066497880004,1.6094379124341003,3.591817741270805,0.15134782005811775
2021-05-01,0.35834503988545435,-1.6126775850695931,0.0018115942028985507,10.26086956521739,0.9431217753465532,0,5.729095438572441,0.0,8,5.8,541554758.423866,0.0231913469584378,49.6,85.61290322580645,5.8,501187233.6272715,8,1,1,1,0,0,8.4,15.0,37.4,27.2,2.1972245773362196,0.6931471805599453,2.2407096892759584,0.12315738480061303
2021-06-01,0.3299731995067721,-1.143539923254222,0.0,11.347826086956522,0.9120407782681669,0,5.729095438572441,0.0,10,5.1,63587303.43361395,0.02115776642146739,165.5,87.3,5.1,44668359.21509626,10,1,1,1,0,2,30.5,13.2,33.5,27.5,2.3978952727983707,0.6931471805599453,3.449987545831587,0.14129768921608976
2021-07-01,0.4162596586806034,-2.894051698410177,0.001953125,8.271739130434783,1.0,0,5.729095438572441,0.0,6,4.9,41846030.070912585,0.011837504483099575,123.2,88.09677419354838,4.9,22387211.385683425,6,0,1,1,0,0,18.6,17.2,42.1,26.2,1.9459101490553132,0.0,2.975529566236472,0.1343956238578593
2021-08-01,0.5225964157836971,-3.182354463777689,0.024891774891774892,8.704347826086956,0.9876297631628023,0,5.729095438572441,0.0,11,5.0,80918930.83418857,0.023650729319725936,216.8,91.80645161290323,5.0,31622776.60168379,11,1,1,1,0,2,29.6,14.5,36.0,25.9,2.4849066497880004,0.6931471805599453,3.4210000089583352,0.14509438433576846
2021-09-01,0.4019954348744524,-2.459744125957212,0.00322234156820623,9.369565217391305,0.9686081929508299,0,5.729095438572441,0.0,12,4.9,77267843.48808818,0.02585637369366513,259.0,91.8,4.9,22387211.385683425,12,0,1,1,0,2,28.2,15.1,42.8,26.0,2.5649493574615367,0.0,3.374168709274236,0.15637631451148581
2021-10-01,0.42575028296081996,-2.2315799163945043,0.011560693641618497,11.521739130434783,0.907067818735625,0,5.729095438572441,0.0,12,5.0,133173458.73364638,0.02662189517491505,203.9,90.87096774193549,5.0,31622776.60168379,12,1,1,1,0,0,18.4,11.8,32.0,27.7,2.5649493574615367,0.6931471805599453,2.9652730660692823,0.1160327936670967
2021-11-01,0.45215202136072224,-3.205238766493428,0.0073461891643709825,12.152173913043478,0.8890408404301611,0,5.729095438572441,0.0,6,4.3,11629244.965416603,0.011423742860211297,462.1,91.56666666666666,4.3,2818382.9312644494,6,0,1,1,0,12,32.2,11.6,29.9,27.8,1.9459101490553132,0.0,3.502549875922443,0.20615319074033778
2021-12-01,0.31262885854319894,-0.4579675642347319,0.0032733224222585926,12.304347826086957,0.884689500839187,0,5.729095438572441,0.0,21,5.0,168057700.19894138,0.047400320649323806,346.8,89.12903225806451,5.0,31622776.60168379,21,1,1,1,0,6,42.0,16.3,37.8,28.9,3.091042453358316,0.6931471805599453,3.7612001156935624,0.1851099768328558
2022-01-01,0.4199962008905347,-3.1553453384998247,0.0,12.982608695652175,0.8652949586622739,0,4.053251013030512,0.2048010844294228,25,5.1,186369460.17462265,0.05667362189945902,286.3,86.19354838709677,5.1,44668359.21509626,25,1,1,1,0,5,53.1,17.5,42.5,28.9,3.258096538021482,0.6931471805599453,3.9908341858524357,0.1943121142086816
2022-02-01,0.42351524203359314,-1.2993716568397669,0.021252796420581657,13.097826086956522,0.862000372971965,0,4.053251013030512,0.2048010844294228,7,4.9,55229499.83285961,0.014276404842730203,341.7,86.92857142857143,4.9,22387211.385683425,7,0,1,1,0,6,40.9,15.5,38.9,28.3,2.0794415416798357,0.0,3.735285826928092,0.186265648268947
2022-03-01,0.3606790947347881,-0.355879397657888,0.016191210485736313,18.282608695652176,0.7137440169080624,0,4.053251013030512,0.2048010844294228,7,4.8,35591601.67801547,0.014007501033728194,324.1,88.54838709677419,4.8,15848931.924611108,7,0,1,1,0,3,36.8,13.2,33.1,28.0,2.0794415416798357,0.0,3.632309102625542,0.1517007752263901
2022-04-01,0.321214460168188,-0.6360600094934374,0.003424657534246575,21.043478260869566,0.6347982843289612,0,4.053251013030512,0.2048010844294228,17,5.1,153176533.5129002,0.038173994874641556,187.7,85.93333333333334,5.1,44668359.21509626,17,1,1,1,0,3,24.7,13.5,33.5,28.0,2.8903717578961645,0.6931471805599453,3.246490991901174,0.1443725402211741
2022-05-01,0.375071027588772,-0.7914647953225246,0.014939309056956116,23.834782608695654,0.5549822838316654,0,4.053251013030512,0.2048010844294228,4,4.4,9211992.18142218,0.00687936496760573,193.9,86.38709677419355,4.4,3981071.7055349774,4,0,1,1,0,1,24.0,14.7,35.6,28.2,1.6094379124341003,0.0,3.2188758248682006,0.133216357298416
2022-06-01,0.27961345005499433,0.100875614469884,0.00130718954248366,26.130434782608695,0.48933921800211355,0,4.053251013030512,0.2048010844294228,19,5.0,123644329.29928401,0.04228088548554004,181.8,88.06666666666666,5.0,31622776.60168379,19,1,1,1,0,1,27.9,15.0,37.1,27.1,2.995732273553991,0.6931471805599453,3.3638415951183864,0.13886180242556753
2022-07-01,0.3632346773414114,-1.74670477191732,0.001539645881447267,26.817391304347826,0.46969602784857345,0,4.053251013030512,0.2048010844294228,24,5.2,300952545.8215458,0.05598698106897885,126.8,90.41935483870968,5.2,63095734.44801943,24,3,1,1,0,0,14.6,17.1,38.5,26.4,3.2188758248682006,1.3862943611198906,2.747270914255491,0.125486925127012
2022-08-01,0.34292634950746537,-1.4330128014666967,0.0,27.66304347826087,0.44551501212158895,0,4.053251013030512,0.2048010844294228,14,5.4,190118002.36460027,0.03191292100752385,160.5,89.51612903225806,5.4,125892541.17941713,14,1,1,1,0,0,17.4,17.4,39.6,27.0,2.70805020110221,0.6931471805599453,2.91235066461494,0.12996653065577096
2022-09-01,0.2961064072070654,0.1908981554535642,0.006345177664974619,25.880434782608695,0.4964878473301424,0,4.053251013030512,0.2048010844294228,9,4.9,51965353.80305132,0.018742986742636105,188.89999999999998,91.06666666666666,4.9,22387211.385683425,9,0,1,1,0,1,26.7,13.9,34.9,26.5,2.302585092994046,0.0,3.3214324131932926,0.13396691156842233
2022-10-01,0.3241263824212131,-0.278774062729151,0.008064516129032258,24.921739130434784,0.5239012867532791,0,4.053251013030512,0.2048010844294228,6,4.9,34589728.19704337,0.011738143176825028,367.6,91.54838709677419,4.9,22387211.385683425,6,0,1,1,0,6,34.9,16.6,40.0,26.6,1.9459101490553132,0.0,3.580737295494233,0.18413825508563925
2022-11-01,0.30462120749601534,-0.3176404167632086,0.002849002849002849,24.554347826086957,0.5344066637657736,0,4.053251013030512,0.2048010844294228,4,4.8,21079852.40049831,0.007041872828296807,606.5,90.36666666666666,4.8,15848931.924611108,4,0,1,1,0,10,87.6,13.1,34.2,27.4,1.6094379124341003,0.0,4.484131857611035,0.23800060181479182
2022-12-01,0.3730827095738144,-2.0655984126728875,0.00045413260672116256,26.293478260869566,0.48467706844035563,0,4.053251013030512,0.2048010844294228,29,5.9,1018402545.7359031,0.07708929501601294,305.3,87.09677419354838,5.9,707945784.3841403,29,3,1,1,0,3,53.7,19.9,51.1,27.5,3.4011973816621555,1.3862943611198906,4.001863709427935,0.20213543184894361
2023-01-01,0.40642846731735094,-0.3861050777950599,0.027090694935217905,28.191304347826087,0.43040964754149325,0,3.5120604572184404,0.2709387348127107,12,5.3,213586006.0369695,0.02772299265952971,198.9,87.19354838709677,5.3,89125093.8133744,12,3,1,1,0,2,40.8,22.0,56.2,28.0,2.5649493574615367,1.3862943611198906,3.7328963395307104,0.18991882499826626
2023-02-01,0.44325191243861606,-1.4914577062323289,0.0239880059970015,26.456521739130434,0.4800149188785977,0,3.5120604572184404,0.2709387348127107,8,4.9,60451366.349227525,0.01660354750899699,417.09999999999997,88.57142857142857,4.9,22387211.385683425,8,0,1,1,0,9,34.5,22.3,50.0,28.0,2.1972245773362196,0.0,3.56953269648137,0.2231668571655815
2023-03-01,0.3168404816087308,-0.6947149065833641,0.0017064846416382253,26.902173913043477,0.4672717100764593,0,3.5120604572184404,0.2709387348127107,11,5.2,142537484.54880854,0.024494478669498835,297.0,85.93548387096774,5.2,63095734.44801943,11,1,1,1,0,5,44.9,17.1,41.8,27.8,2.4849066497880004,0.6931471805599453,3.8264651170664994,0.18757573786639137
2023-04-01,0.48132258101891423,-2.162340929141937,0.02596439169139466,28.921739130434784,0.40952321750481757,0,3.5120604572184404,0.2709387348127107,22,7.0,32165571644.77644,0.48780129029352104,256.4,88.86666666666666,7.0,31622776601.683792,22,5,1,1,0,4,36.6,15.0,36.7,27.5,3.1354942159291497,1.791759469228055,3.6270040503958487,0.4481906250864791
2023-05-01,0.4416067748668485,-0.8862587420085035,0.030232558139534883,28.82608695652174,0.41225834524771565,0,3.5120604572184404,0.2709387348127107,10,4.6,37779542.754586406,0.020804378034702035,129.3,87.3225806451613,4.6,7943282.347242805,10,0,1,1,0,2,30.2,17.0,39.6,27.2,2.3978952727983707,0.0,3.4404180948154366,0.15182014729819768
2023-06-01,0.3949562039005817,-2.3927967298974644,0.002229654403567447,30.652173913043477,0.36004227015602663,0,3.5120604572184404,0.2709387348127107,15,5.6,313591884.97911674,0.03585930099237889,64.0,86.7,5.6,251188643.1509572,15,1,1,1,0,0,11.0,15.3,36.0,26.9,2.772588722239781,0.6931471805599453,2.4849066497880004,0.12016678053195251
2023-07-01,0.31711053822342383,0.0696271317184708,0.010169491525423728,31.130434782608692,0.3463666314415369,0,3.5120604572184404,0.2709387348127107,13,5.1,166025443.40257978,0.029327379960884074,164.6,91.06451612903226,5.1,44668359.21509626,13,2,1,1,0,3,24.3,19.8,43.2,25.0,2.639057329615259,1.0986122886681096,3.2308043957334744,0.16168086506635543
2023-08-01,0.32600812377089805,-0.061888453066409,0.01090909090909091,29.76086956521739,0.38552868776030336,0,3.5120604572184404,0.2709387348127107,21,7.1,45477316191.61002,0.6678247721526331,33.0,85.70967741935483,7.1,44668359215.09617,21,4,1,1,0,0,10.5,17.0,39.6,26.2,3.091042453358316,1.6094379124341003,2.4423470353692043,0.5241085538091195
2023-09-01,0.312616646348427,-0.3101696169498545,0.004893964110929853,28.282608695652176,0.4277988437869087,0,3.5120604572184404,0.2709387348127107,7,5.6,279516936.79797286,0.0173475963539429,35.6,83.5,5.6,251188643.1509572,7,1,1,1,0,0,4.4,15.8,38.9,27.4,2.0794415416798357,0.6931471805599453,1.6863989535702286,0.12089009213907528
2023-10-01,0.29924097089919416,-0.1313525390654936,0.0035746201966041107,25.382608695652173,0.5107229439920433,0,3.5120604572184404,0.2709387348127107,11,4.7,75555542.87522092,0.023577287883175552,99.5,81.6774193548387,4.7,11220184.543019652,11,0,1,1,0,0,11.2,13.3,38.5,28.7,2.4849066497880004,0.0,2.501435951739211,0.12268694299701181
2023-11-01,0.3038425145727647,-0.559579683690437,0.0,23.630434782608695,0.560825511282402,0,3.5120604572184404,0.2709387348127107,13,4.9,66552864.93897471,0.02796529146092328,166.2,86.9,4.9,22387211.385683425,13,0,1,1,0,1,20.8,13.6,34.2,29.1,2.639057329615259,0.0,3.0819099697950434,0.1286453676874144
2023-12-01,0.27399200026115494,0.1075101202137754,0.0,27.89565217391304,0.4388636787468144,0,3.5120604572184404,0.2709387348127107,14,5.2,167452378.73606685,0.031602558234529475,241.2,87.74193548387096,5.2,63095734.44801943,14,2,1,1,0,1,36.8,12.7,34.2,28.7,2.70805020110221,1.0986122886681096,3.632309102625542,0.1400001850056595
2024-01-01,0.44318873124180513,-3.201176925911313,0.005190311418685121,20.402173913043477,0.6531360726052092,0,2.779712674375959,0.3604372692945864,12,5.4,199292787.3206427,0.027527274109335937,304.3,87.12903225806451,5.4,125892541.17941713,12,1,1,1,0,6,39.7,16.9,41.0,29.3,2.5649493574615367,0.6931471805599453,3.7062280924485496,0.19017492364691913
