month,wisman,wisnus,usd_idr_avg,tpk_bintang,tpk_non_bintang,tpk_change_mom,tpk_ma3,inflasi_processed,indonesia_total,bali_share_pct,avg_sentiment_global,pct_negative_global,wisman_growth_mom,wisman_growth_yoy,wisman_ma3,wisman_ma6,wisman_zscore,is_anomaly,usd_volatility_3m,usd_change_mom,month_num,is_peak_season,is_covid_period,bali_share_change,crisis_component_tourism,crisis_component_economy,crisis_component_sentiment,crisis_score,crisis_score_100,crisis_level
2009-01,174541,264915.0,9275.357142857143,47.254,29.32,,,9.17,6323730,37.72,0.2275189210386494,29.2059460427555,,,,,,0,,,1,0,0,,0.42812706200780676,0.20107546575388371,0.292059460427555,0.3259946827365669,32.59946827365669,WASPADA
2009-02,147704,204419.0,9275.357142857143,44.21,24.35,-3.043999999999997,,8.6,6323730,37.72,0.2275189210386494,29.2059460427555,-0.15375756985464728,,,,,0,,0.0,2,0,0,0.0,0.5086495332788187,0.2162954657538837,0.292059460427555,0.36679579480852226,36.679579480852226,WASPADA
2009-03,168205,255203.0,9275.357142857143,48.35,32.27,4.140000000000001,46.60466666666667,7.92,6323730,37.72,0.2275189210386494,29.2059460427555,0.13879786600227484,,163483.33333333334,,,0,0.0,0.0,3,0,0,0.0,0.3554389518340354,0.1955954657538837,0.292059460427555,0.2916410331583698,29.164103315836982,AMAN
2009-04,188776,247100.0,9275.357142857143,53.426,33.41,5.0760000000000005,48.662000000000006,7.31,6323730,37.72,0.2275189210386494,29.2059460427555,0.12229719687286345,,168228.33333333334,,,0,0.0,0.0,4,0,0,0.0,0.36408031275812874,0.1702154657538837,0.292059460427555,0.2879156455742118,28.79156455742118,AMAN
2009-05,190803,289635.0,9275.357142857143,55.382000000000005,33.74,1.956000000000003,52.386,6.04,6323730,37.72,0.2275189210386494,29.2059460427555,0.010737593761918962,,182594.66666666666,,,0,0.0,0.0,5,0,0,0.0,0.4225038098581319,0.16043546575388368,0.292059460427555,0.3112722192692132,31.127221926921322,WASPADA
2009-06,200566,304213.0,9275.357142857143,57.374,32.62,1.9919999999999973,55.394000000000005,3.65,6323730,37.72,0.2275189210386494,29.2059460427555,0.051167958575074834,,193381.66666666666,178432.5,,0,0.0,0.0,6,0,0,0.0,0.4013305245868996,0.15047546575388368,0.292059460427555,0.2987562408971587,29.87562408971587,AMAN
2009-07,235198,340610.0,9275.357142857143,57.52,36.66,0.1460000000000008,56.75866666666667,2.71,6323730,37.72,0.2275189210386494,29.2059460427555,0.17267134010749574,,208855.66666666666,188542.0,,0,0.0,0.0,7,1,0,0.0,0.33769949453079173,0.1497454657538837,0.292059460427555,0.26990327737191017,26.990327737191016,AMAN
2009-08,232255,280972.0,9275.357142857143,64.154,40.85,6.633999999999993,59.68266666666667,2.75,6323730,37.72,0.2275189210386494,29.2059460427555,-0.012512861503924388,,222673.0,202633.83333333334,,0,0.0,0.0,8,1,0,0.0,0.4346800176243686,0.1373454657538837,0.292059460427555,0.30982451276401973,30.982451276401974,WASPADA
2009-09,218443,352257.0,9275.357142857143,61.96,36.56,-2.1939999999999955,61.211333333333336,2.83,6323730,37.72,0.2275189210386494,29.2059460427555,-0.05946911799530685,,228632.0,211006.83333333334,,0,0.0,0.0,9,0,0,0.0,0.45927089674593613,0.1373454657538837,0.292059460427555,0.3208904083687251,32.08904083687251,WASPADA
2009-10,221282,330337.0,9275.357142857143,59.21999999999999,32.28,-2.740000000000009,61.778,2.57,6323730,37.72,0.2275189210386494,29.2059460427555,0.01299652540937446,,223993.33333333334,216424.5,,0,0.0,0.0,10,0,0,0.0,0.421320812761746,0.14124546575388375,0.292059460427555,0.30498287057583956,30.498287057583955,WASPADA
2009-11,184803,285526.0,9275.357142857143,49.444,29.14,-9.77599999999999,56.87466666666666,2.41,6323730,37.72,0.2275189210386494,29.2059460427555,-0.16485299301343992,,208176.0,215424.5,,0,0.0,0.0,11,0,0,0.0,0.5144601798270712,0.1901254657538837,0.292059460427555,0.3615595857552359,36.15595857552359,WASPADA
2009-12,222546,365948.0,9275.357142857143,54.580000000000005,33.76,5.136000000000003,54.41466666666667,2.78,6323730,37.72,0.2275189210386494,29.2059460427555,0.2042336975049106,,209543.66666666666,219087.83333333334,0.8608478672854406,0,0.0,0.0,12,1,0,0.0,0.3211703635151201,0.1644454657538837,0.292059460427555,0.2668751684148579,26.68751684148579,AMAN
2010-01,179273,349575.0,9275.357142857143,49.938,31.98,-4.642000000000003,51.320666666666675,3.72,7002944,36.79,0.2275189210386494,29.2059460427555,-0.19444519335328425,0.027111108564749742,195540.66666666666,209767.0,-0.7286539176670189,0,0.0,0.0,1,0,0,-0.9299999999999997,0.6028229360745185,0.1876554657538837,0.292059460427555,0.4005818260665872,40.05818260665872,WASPADA
2010-02,191926,238789.0,9336.725,53.016,32.84,3.077999999999996,52.51133333333333,3.81,7002944,36.79,0.2275189210386494,29.2059460427555,0.07057950723198703,0.29939608947624974,197915.0,203045.5,-0.4911437957398073,0,35.43074884101887,0.006616225790304631,2,0,0,0.0,0.44027912259624136,0.24650303995270814,0.292059460427555,0.3450913822610098,34.50913822610098,WASPADA
2010-03,192579,202995.0,9166.804347826086,55.53800000000001,34.98,2.5220000000000127,52.83066666666667,3.43,7002944,36.79,0.2275189210386494,29.2059460427555,0.003402352990214963,0.1449065128860616,187926.0,198734.83333333334,-0.6225898849907916,0,86.0452896585753,-0.018199170712847823,3,0,0,0.0,0.48860424639039646,0.15007178148862332,0.292059460427555,0.3379083104291542,33.79083104291542,WASPADA
2010-04,184907,396898.0,9027.818181818182,56.62400000000001,35.29,1.0859999999999985,55.05933333333334,3.91,7002944,36.79,0.2275189210386494,29.2059460427555,-0.03983819627269847,-0.020495190066533886,189804.0,192672.33333333334,-0.9791888202010125,0,154.71134665132567,-0.015161899472727947,4,0,0,0.0,0.5469091120520243,0.23429705503250547,0.292059460427555,0.3894130820400514,38.94130820400514,WASPADA
2010-05,203388,421369.0,9167.333333333334,59.136,35.32,2.5119999999999933,57.09933333333334,4.16,7002944,36.79,0.2275189210386494,29.2059460427555,0.09994754119638527,0.06595808242008783,193624.66666666666,195769.83333333334,-0.1127207154215745,0,80.39684039141918,0.015453916849603067,5,0,0,0.0,0.38705684547788866,0.3125627239015003,0.292059460427555,0.34095926274238875,34.09592627423888,WASPADA
2010-06,228045,455456.0,9137.431818181818,58.828,38.77,-0.30799999999999983,58.196000000000005,5.05,7002944,36.79,0.2275189210386494,29.2059460427555,0.12123134108206979,0.13700726942752017,205446.66666666666,196686.33333333334,0.9813969442656519,0,73.45489249363908,-0.00326174625316511,6,0,0,0.0,0.36463849888434263,0.2030368567294215,0.292059460427555,0.2980132466236694,29.80132466236694,AMAN
2010-07,254907,489307.0,9040.818181818182,68.034,43.73,9.206000000000003,61.99933333333333,6.22,7002944,36.79,0.2275189210386494,29.2059460427555,0.117792540945866,0.08379748127109932,228780.0,209292.0,1.931166574248771,0,66.12409911505286,-0.01057339067322971,7,1,0,0.0,0.36643939028393996,0.14888819148533622,0.292059460427555,0.2825790481802626,28.257904818026258,AMAN
2010-08,243154,377570.0,8971.977272727272,61.176,42.35,-6.858000000000004,62.67933333333334,6.44,7002944,36.79,0.2275189210386494,29.2059460427555,-0.046107011576771106,0.04692686917396838,242035.33333333334,217830.0,1.3278426161853523,0,83.11485237052199,-0.007614455650635121,8,1,0,0.0,0.4522731936004982,0.18330366804800408,0.292059460427555,0.3315289026415142,33.15289026415142,WASPADA
2010-09,240947,594662.0,8979.704545454546,63.648,31.37,2.4720000000000013,64.286,5.8,7002944,36.79,0.2275189210386494,29.2059460427555,-0.009076552308413643,0.10302000979660608,246336.0,225891.33333333334,1.0964331266615142,0,37.71307920306024,0.0008612675324939367,9,0,0,0.0,0.43288043072444937,0.18211544009546093,0.292059460427555,0.32244569096152925,32.24456909615292,WASPADA
2010-10,229904,391722.0,8927.857142857143,57.33,33.87,-6.318000000000005,60.717999999999996,5.67,7002944,36.79,0.2275189210386494,29.2059460427555,-0.045831655924331915,0.03896385607505359,238001.66666666666,233390.83333333334,0.6366836023961583,0,27.97156222447235,-0.00577384281798532,10,0,0,0.0,0.45212899050445676,0.14836868374998993,0.292059460427555,0.3209835159588913,32.09835159588913,WASPADA
2010-11,199861,361395.0,8941.90909090909,60.178,32.15,2.847999999999999,60.38533333333333,6.33,7002944,36.79,0.2275189210386494,29.2059460427555,-0.13067628227434058,0.0814813612333134,223570.66666666666,232803.0,-0.5684915339444989,0,26.814507219226023,0.001573944097345903,11,0,0,0.0,0.5534110716189973,0.17450558151236698,0.292059460427555,0.37440152178914765,37.440152178914765,WASPADA
2010-12,227251,366605.0,9022.58695652174,61.236,38.49,1.0579999999999998,59.581333333333326,6.96,7002944,36.79,0.2275189210386494,29.2059460427555,0.13704524644628013,0.021141696548129474,219005.33333333334,232670.66666666666,0.4920767854153339,0,51.12095597829003,0.00902244305913058,12,1,0,0.0,0.35635679450012336,0.2415565787948102,0.292059460427555,0.30584239627038734,30.584239627038734,WASPADA
2011-01,209093,280588.0,9034.92857142857,59.072,35.95,-2.1639999999999944,60.162,7.02,7649731,36.95,0.2275189210386494,29.2059460427555,-0.07990283871138082,0.16633848934306905,212068.33333333334,225035.0,-0.3489388204778701,0,50.52038732769451,0.001367857684974716,1,0,0,0.1600000000000037,0.5048658694188896,0.2031456139499681,0.292059460427555,0.3611481905303795,36.11481905303795,WASPADA
2011-02,207195,340508.0,8916.7,63.48,38.37,4.407999999999994,61.26266666666666,6.84,7649731,36.95,0.2275189210386494,29.2059460427555,-0.00907730053134248,0.07955670414638982,214513.0,219041.83333333334,-0.5107918283297154,0,64.99020198203341,-0.013085722869182081,2,0,0,0.0,0.48396000539997763,0.13376478558301264,0.292059460427555,0.33092630321178246,33.09263032117825,WASPADA
2011-03,207907,358313.0,8759.347826086956,64.038,33.36,0.5579999999999998,62.19666666666666,6.65,7649731,36.95,0.2275189210386494,29.2059460427555,0.0034363763604334796,0.07959330975859258,208065.0,213535.16666666666,-0.568147289996011,0,138.25245563838104,-0.0176469068055497,3,0,0,0.0,0.4831421689333794,0.1861916909958808,0.292059460427555,0.34628634842567374,34.62863484256737,WASPADA
2011-04,224704,385228.0,8648.02380952381,65.416,34.69,1.3780000000000001,64.31133333333332,6.16,7649731,36.95,0.2275189210386494,29.2059460427555,0.08079093056029851,0.21522711417090745,213268.66666666666,212668.5,0.09479789430203957,0,134.99360393967652,-0.01270916725462179,4,0,0,0.0,0.3858170450691296,0.2100954086864772,0.292059460427555,0.30966115799394023,30.96611579939402,WASPADA
2011-05,209058,463452.0,8558.045454545454,62.596,32.53,-2.8200000000000003,64.01666666666667,5.98,7649731,36.95,0.2275189210386494,29.2059460427555,-0.06962937909427513,0.02787775089975808,213889.66666666666,214201.33333333334,-0.8418550776948955,0,100.83962995488153,-0.01040449898845841,5,0,0,0.0,0.5487773089315209,0.18664257863225547,0.292059460427555,0.3759574277157498,37.59574277157498,WASPADA
2011-06,245652,568264.0,8563.727272727272,71.612,33.38,9.015999999999998,66.54133333333333,5.54,7649731,36.95,0.2275189210386494,29.2059460427555,0.17504233274976322,0.07720844570150631,226471.33333333334,217268.16666666666,1.1304184776509745,0,50.38897620575478,0.0006639154012439974,6,0,0,0.0,0.3364578113596721,0.19446570186160692,0.292059460427555,0.28276059077722326,28.276059077722326,AMAN
2011-07,283524,573103.0,8529.238095238095,69.538,44.03,-2.073999999999998,67.91533333333332,4.61,7649731,36.95,0.2275189210386494,29.2059460427555,0.15416931268623912,0.11226447292541986,246078.0,229673.33333333334,2.37621877929605,0,18.49166646550738,-0.004027355891985662,7,1,0,0.0,0.3473889620015121,0.13464178061086451,0.292059460427555,0.26973243219082854,26.973243219082853,AMAN
2011-08,258377,440751.0,8525.847826086956,63.662,36.49,-5.875999999999998,68.27066666666666,4.79,7649731,36.95,0.2275189210386494,29.2059460427555,-0.08869443151197076,0.06260641404212963,262517.6666666667,238203.66666666666,1.193215968178324,0,20.959682593848903,-0.0003974879248630492,8,1,0,0.0,0.47457612347562844,0.15737238436921852,0.292059460427555,0.3337858359816871,33.37858359816871,WASPADA
2011-09,258440,609633.0,8724.75,60.60600000000001,38.29,-3.0559999999999903,64.60199999999999,4.61,7649731,36.95,0.2275189210386494,29.2059460427555,0.00024382975264836126,0.07260102844193961,266780.3333333333,246625.83333333334,1.0823673681744235,0,113.87015530558669,0.023329313162786303,9,0,0,0.0,0.42799936895001967,0.3873813417622097,0.292059460427555,0.3818289836630605,38.18289836630605,WASPADA
2011-10,247565,526302.0,8864.47619047619,67.46,34.99,6.853999999999985,63.909333333333315,4.42,7649731,36.95,0.2275189210386494,29.2059460427555,-0.04207939947376571,0.07681902011274278,254794.0,250436.0,0.6001296331959168,0,170.17376034574727,0.01601492197211285,10,0,0,0.0,0.45016394278337346,0.40656675651962787,0.292059460427555,0.3975586663152952,39.75586663152952,WASPADA
2011-11,221603,574016.0,8998.181818181818,58.25599999999999,35.85,-9.204,62.107333333333315,4.15,7649731,36.95,0.2275189210386494,29.2059460427555,-0.10486942823096967,0.10878560599616738,242536.0,252526.83333333334,-0.4700480142652736,0,136.72695563260626,0.015083308345875901,11,0,0,0.0,0.5300517319645044,0.3746517155455965,0.292059460427555,0.4239336591545947,42.39336591545947,WASPADA
2011-12,253591,554963.0,9053.068181818182,62.044,37.24,3.788000000000004,62.58666666666665,3.79,7649731,36.95,0.2275189210386494,29.2059460427555,0.14434822633267608,0.11590708071691647,240919.66666666666,253850.0,0.70478487773296,0,97.0022740212074,0.006099717114568692,12,1,0,0.0,0.3525322414153484,0.2740225283178399,0.292059460427555,0.3138611322391475,31.38611322391475,WASPADA
2012-01,253286,333199.0,9054.545454545454,59.65400000000001,34.71,-2.3899999999999864,59.98466666666665,3.65,8044462,36.66,0.2275189210386494,29.2059460427555,-0.001202724071437844,0.21135571252983132,242826.66666666666,248810.33333333334,0.5711246623025147,0,32.12360179073025,0.0001631792335596849,1,0,0,-0.29000000000000625,0.4287569257249614,0.17404925499879345,0.292059460427555,0.3181702581827594,31.81702581827594,WASPADA
2012-02,225993,305934.0,8997.619047619048,56.338,32.96,-3.3160000000000096,59.345333333333315,3.56,8044462,36.66,0.2275189210386494,29.2059460427555,-0.10775565961008504,0.09072612756099319,244290.0,243413.0,-0.6468387042648114,0,32.448432483160865,-0.006287052973799945,2,0,0,0.0,0.5492423134286966,0.15523306327331968,0.292059460427555,0.3667438251317981,36.67438251317981,WASPADA
2012-03,230957,307616.0,9141.65909090909,57.65599999999999,32.55,1.3179999999999907,57.88266666666666,3.97,8044462,36.66,0.2275189210386494,29.2059460427555,0.021965282110507856,0.11086687797909645,236745.33333333334,238832.5,-0.567050698422884,0,72.54531401938998,0.016008684356130676,3,0,0,0.0,0.47332896618888537,0.3147095243787289,0.292059460427555,0.38042575720550587,38.04257572055059,WASPADA
2012-04,225488,331378.0,9162.90476190476,59.128,35.25,1.4720000000000084,57.70733333333332,4.5,8044462,36.66,0.2275189210386494,29.2059460427555,-0.02367973259091516,0.003489034463115992,227479.33333333334,235153.0,-0.8360787699034962,0,89.92430145588685,0.002324049801506689,4,0,0,0.0,0.5241359582719374,0.2499548287100362,0.292059460427555,0.3838624949422714,38.386249494227144,WASPADA
2012-05,220700,525076.0,9252.673913043478,57.928,37.09,-1.2000000000000028,58.23733333333331,4.45,8044462,36.66,0.2275189210386494,29.2059460427555,-0.021233945930603793,0.05568789522524842,225715.0,235002.5,-1.201745532344945,0,58.926747981042105,0.009797018900811638,5,0,0,0.0,0.5594217818967535,0.26448715740989365,0.292059460427555,0.404100814183396,40.4100814183396,WASPADA
2012-06,244080,569635.0,9405.833333333334,64.466,40.26,6.537999999999997,60.507333333333314,4.53,8044462,36.66,0.2275189210386494,29.2059460427555,0.10593565926597193,-0.00639929656587368,230089.33333333334,233417.33333333334,0.02326597971741605,0,122.83498370848692,0.016552990165788373,6,0,0,0.0,0.37264881083692875,0.35934168201817795,0.292059460427555,0.3485093345889601,34.85093345889601,WASPADA
2012-07,271512,524334.0,9432.272727272728,58.448,40.55,-6.017999999999994,60.280666666666654,4.56,8044462,36.66,0.2275189210386494,29.2059460427555,0.11238938053097347,-0.042366783764337446,245430.66666666666,236455.0,1.6873578281374373,0,96.96441241328102,0.0028109570946464046,7,1,0,0.0,0.3692690124592393,0.263519372363608,0.292059460427555,0.3182417324226289,31.824173242262887,WASPADA
2012-08,254079,661334.0,9492.217391304348,56.272000000000006,42.91,-2.175999999999995,59.72866666666665,4.58,8044462,36.66,0.2275189210386494,29.2059460427555,-0.06420710686820474,-0.016634607569559257,256557.0,241136.0,0.7027443216668251,0,44.2617400042725,0.006355272558891789,8,1,0,0.0,0.46175217017696757,0.2381430624018589,0.292059460427555,0.35224626040708185,35.22462604070819,WASPADA
2012-09,257363,572359.0,9553.55,62.208000000000006,40.15,5.936,58.97599999999999,4.31,8044462,36.66,0.2275189210386494,29.2059460427555,0.012925113842545022,-0.004167311561677711,260984.66666666666,245537.0,0.908544291542619,0,60.63996003102586,0.006461357359117903,9,0,0,0.0,0.4213582108283509,0.2374612721498558,0.292059460427555,0.3338644416246034,33.386444162460336,WASPADA
2012-10,255021,667703.0,9593.304347826086,65.378,38.01,3.1699999999999946,61.28599999999998,4.61,8044462,36.66,0.2275189210386494,29.2059460427555,-0.009099987177644042,0.0301173429200412,255487.66666666666,250459.16666666666,0.7160255426849228,0,50.92587724536024,0.004161212096664313,10,0,0,0.0,0.43289270350936737,0.21441362904736894,0.292059460427555,0.33214067040031475,33.21406704003147,WASPADA
2012-11,242781,545348.0,9617.363636363636,60.172,33.93,-5.206000000000003,62.58599999999999,4.32,8044462,36.66,0.2275189210386494,29.2059460427555,-0.04799604738433305,0.09556729827664778,251721.66666666666,254139.33333333334,-0.11394666355303867,0,32.226897983656364,0.0025079250762019,11,0,0,0.0,0.4646571434862853,0.1854210322577561,0.292059460427555,0.33773688935304397,33.7736889353044,WASPADA
2012-12,268072,719642.0,9635.52380952381,62.288,34.1,2.1159999999999997,62.612666666666655,4.3,8044462,36.66,0.2275189210386494,29.2059460427555,0.10417207277340479,0.05710376156882546,255291.33333333334,258138.0,1.313758693323249,0,21.17830729825452,0.0018882693684898477,12,1,0,0.0,0.3735723968614473,0.17026962139413604,0.292059460427555,0.2922033301127808,29.220333011278083,AMAN
2013-01,232935,426360.0,9651.934782608696,54.758,31.0,-7.529999999999994,59.072666666666656,4.57,8802129,37.25,0.2275189210386494,29.2059460427555,-0.13107299531469152,-0.08034790710895978,247929.33333333334,251708.5,-0.6493098875382333,0,17.292946921723008,0.0017031739435551252,1,0,0,0.5900000000000034,0.5617006646479585,0.1913332774802596,0.292059460427555,0.38318014744254797,38.318014744254796,WASPADA
2013-02,241868,369525.0,9680.375,54.848,29.55,0.0899999999999963,57.29799999999998,5.31,8802129,37.25,0.2275189210386494,29.2059460427555,0.03834975422328113,0.07024553857862847,247625.0,249673.33333333334,-0.21787362757306164,0,22.69285970635524,0.0029465820099146,2,0,0,0.0,0.4298307502792731,0.20350002809129525,0.292059460427555,0.3274887111599502,32.74887111599502,WASPADA
2013-03,252210,431393.0,9708.547619047618,58.432,27.14,3.584000000000003,56.012666666666654,5.9,8802129,37.25,0.2275189210386494,29.2059460427555,0.042758860204739735,0.09202145853990129,242337.66666666666,248814.5,0.32142223390671065,0,28.306523626332655,0.0029102817863582153,3,0,0,0.0,0.4057343492739088,0.19133262222402106,0.292059460427555,0.31299510894735405,31.299510894735405,WASPADA
2013-04,242369,403211.0,9722.613636363636,56.584,31.95,-1.847999999999999,56.62133333333332,5.57,8802129,37.25,0.2275189210386494,29.2059460427555,-0.03901907140874672,0.07486429433051867,245482.33333333334,246705.83333333334,-0.4366476843244766,0,21.50833834010588,0.001448828173682859,4,0,0,0.0,0.49222602473392424,0.1852647041678688,0.292059460427555,0.3500959874875153,35.00959874875153,WASPADA
2013-05,247972,456491.0,9756.5,60.202,32.22,3.617999999999995,58.405999999999985,5.47,8802129,37.25,0.2275189210386494,29.2059460427555,0.02311764293288343,0.12357045763479846,247517.0,247571.0,-0.2566323668966051,0,24.649439894067882,0.0034853142276090043,5,0,0,0.0,0.44168364443207825,0.18280024792263092,0.292059460427555,0.32661257947811323,32.66125794781132,WASPADA
2013-06,275667,785053.0,9871.125,61.026,33.85,0.8240000000000052,59.27066666666665,5.9,8802129,37.25,0.2275189210386494,29.2059460427555,0.11168599680609104,0.12941248770894798,255336.0,248836.83333333334,1.6988437692095468,0,77.82758871862733,0.01174857787116279,6,0,0,0.0,0.36963737283221404,0.2849865674131754,0.292059460427555,0.3248476531053377,32.48476531053377,WASPADA
2013-07,297878,474769.0,10071.217391304348,61.4,36.16,0.3739999999999952,60.87599999999998,8.61,8802129,37.25,0.2275189210386494,29.2059460427555,0.0805718493689851,0.09710804678982887,273839.0,259660.66666666666,2.3781293429512647,0,159.28114141991998,0.020270474875391464,7,1,0,0.0,0.38593177736458817,0.41859426944461625,0.292059460427555,0.3722624457543383,37.22624457543383,WASPADA
2013-08,309219,878278.0,10532.5,61.794,37.69,0.39399999999999835,61.406666666666645,8.79,8802129,37.25,0.2275189210386494,29.2059460427555,0.038072633762815666,0.217019116101685,294254.6666666667,270885.8333333333,2.0828870857290553,0,339.17436537564,0.045802070472029666,8,1,0,0.0,0.4081885148437471,0.6597211730189119,0.292059460427555,0.45461604869224853,45.46160486922485,WASPADA
2013-09,305629,473697.0,11327.261904761905,61.82000000000001,36.5,0.02600000000001046,61.671333333333315,8.4,8802129,37.25,0.2275189210386494,29.2059460427555,-0.011609894605441484,0.1875405555577141,304242.0,279789.0,1.539535593681778,0,635.3576355266963,0.07545804934838873,9,0,0,0.0,0.4342071360211376,0.7,0.292059460427555,0.47840807631640064,47.84080763164006,WASPADA
2013-10,266562,758351.0,11344.760869565218,59.34599999999999,35.02,-2.474000000000018,60.98666666666665,8.32,8802129,37.25,0.2275189210386494,29.2059460427555,-0.1278249119029935,0.04525509663910032,293803.3333333333,283821.1666666667,0.04865569220618425,0,463.9900177188653,0.0015448539064817357,10,0,0,0.0,0.49506866238662756,0.5491754925415244,0.292059460427555,0.4605484109433285,46.05484109433285,WASPADA
2013-11,307276,678748.0,11610.833333333334,59.228,38.91,-0.11799999999998789,60.131333333333316,8.37,8802129,37.25,0.2275189210386494,29.2059460427555,0.15273744944890866,0.2656509364406605,293155.6666666667,293705.1666666667,1.2992334287682732,0,158.9095785064196,0.023453333818777455,11,0,0,0.0,0.34813882535133583,0.43969640112494546,0.292059460427555,0.36158625685247353,36.15862568524735,WASPADA
2013-12,299013,840660.0,12086.25,60.854,37.74,1.6259999999999977,59.80933333333331,8.38,8802129,37.25,0.2275189210386494,29.2059460427555,-0.026891133703901393,0.11542048404906136,290950.3333333333,297596.1666666667,0.8793657062090043,0,375.63761203954687,0.04094595564487191,12,1,0,0.0,0.4422098843570694,0.6983933228067996,0.292059460427555,0.48152730990960985,48.15273099096098,WASPADA
2014-01,279257,517500.0,12157.782608695652,55.478,24.42,-5.375999999999998,58.51999999999999,8.22,9435411,39.92,0.2275189210386494,29.2059460427555,-0.06607070595592834,0.1988623435722412,295182.0,294492.6666666667,0.08240207183189793,0,297.29094359740327,0.005918511423779194,1,0,0,2.6700000000000017,0.46272813255816125,0.5080504040985597,0.292059460427555,0.43365764598762924,43.36576459876292,WASPADA
2014-02,275795,296581.0,11917.7,56.078,25.94,0.6000000000000014,57.46999999999999,7.75,9435411,39.92,0.2275189210386494,29.2059460427555,-0.012397182523625205,0.14027072618122283,284688.3333333333,288922.0,-0.17078300821065742,0,123.26507724175335,-0.019747236516956312,2,0,0,0.0,0.4516977376403617,0.17826847871301799,0.292059460427555,0.32975939065895693,32.975939065895695,WASPADA
2014-03,276573,255403.0,11416.40476190476,54.996,26.78,-1.0820000000000007,55.51733333333332,7.32,9435411,39.92,0.2275189210386494,29.2059460427555,0.002820935840026184,0.09659807303437606,277208.3333333333,284079.3333333333,-0.23841820885931858,0,378.28069085600794,-0.0420630858383112,3,0,0,0.0,0.4504915655470179,0.42502,0.292059460427555,0.4032420696030468,40.32420696030468,WASPADA
2014-04,280096,318800.0,11431.09090909091,60.17,28.32,5.1739999999999995,57.081333333333326,7.25,9435411,39.92,0.2275189210386494,29.2059460427555,0.012738047459441182,0.155659345873441,277488.0,286335.0,-0.2652247077659698,0,285.277936409148,0.0012864073666305487,4,0,0,0.0,0.4479786478219835,0.4470331997613068,0.292059460427555,0.40871521655517334,40.871521655517334,WASPADA
2014-05,286033,385366.0,11535.795454545454,58.596,29.64,-1.5740000000000052,57.92066666666665,7.32,9435411,39.92,0.2275189210386494,29.2059460427555,0.02119630412430018,0.153489103608472,280900.6666666667,282794.5,-0.15056052456158053,0,65.1061469792807,0.009159628445547074,5,0,0,0.0,0.4320826607333675,0.2641691206401302,0.292059460427555,0.3467027986289432,34.67027986289432,WASPADA
2014-06,330396,667201.0,11892.166666666666,61.10999999999999,28.79,2.513999999999996,59.95866666666665,6.7,9435411,39.92,0.2275189210386494,29.2059460427555,0.15509748875129792,0.19853301265657475,298841.6666666667,288025.0,2.0347998879131675,0,241.71413449613615,0.03089264312334783,6,0,0,0.0,0.3469028784180905,0.5563569092254457,0.292059460427555,0.39602823316266317,39.60282331626632,WASPADA
2014-07,361066,682941.0,11660.282608695652,59.408,33.13,-1.701999999999991,59.70466666666665,4.53,9435411,39.92,0.2275189210386494,29.2059460427555,0.0928280003389872,0.21212711244200655,325831.6666666667,301659.8333333333,2.3279545205037167,0,180.86261301418034,-0.019498890695921478,7,1,0,0.0,0.3795132604401328,0.22408129224583437,0.292059460427555,0.31102021997869883,31.102021997869883,WASPADA
2014-08,336763,843958.0,11709.92857142857,60.676,35.73,1.2680000000000007,60.39799999999999,3.99,9435411,39.92,0.2275189210386494,29.2059460427555,-0.0673090238349775,0.08907602702291895,342741.6666666667,311821.1666666667,1.2473645086809861,0,122.09672484852808,0.004257698067789084,8,1,0,0.0,0.4633766366671581,0.2904305560458367,0.292059460427555,0.3686635184208609,36.86635184208609,WASPADA
2014-09,354762,615429.0,11897.727272727272,61.138,33.57,0.4619999999999962,60.40733333333332,4.53,9435411,39.92,0.2275189210386494,29.2059460427555,0.053447082963389736,0.16076026816826938,350863.6666666667,324852.6666666667,1.5169664006614452,0,125.24179434323351,0.016037561642939346,9,0,0,0.0,0.40013695260046256,0.3590383080375358,0.292059460427555,0.36078798618835767,36.07879861883577,WASPADA
2014-10,341651,549998.0,12141.630434782608,59.98,33.14,-1.1580000000000013,60.597999999999985,4.83,9435411,39.92,0.2275189210386494,29.2059460427555,-0.036957171286665425,0.28169431501864484,344392.0,335111.8333333333,0.9536860687099099,0,216.45769544071032,0.020499979236742627,10,0,0,0.0,0.44748144414327884,0.4806061981953407,0.292059460427555,0.41856337442996644,41.85633744299665,WASPADA
2014-11,296876,468743.0,12166.825,59.248000000000005,29.45,-0.7319999999999922,60.121999999999986,6.23,9435411,39.92,0.2275189210386494,29.2059460427555,-0.13105478982938734,-0.03384579335841398,331096.3333333333,336919.0,-0.39735223533278213,0,148.62542705293703,0.002075056175751877,11,0,0,0.0,0.5364953652583395,0.3102323312463432,0.292059460427555,0.4075074788470445,40.75074788470445,WASPADA
2014-12,347370,792387.0,12431.217391304348,47.494,31.98,-11.754000000000005,55.573999999999984,8.36,9435411,39.92,0.2275189210386494,29.2059460427555,0.17008447971543683,0.16172206559581026,328632.3333333333,339748.0,0.9802688958784458,0,160.41545441092913,0.021730598681607427,12,1,0,0.0,0.33905422712573713,0.490417835640802,0.292059460427555,0.3727146180057111,37.27146180057111,WASPADA
2015-01,301748,528506.0,12572.181818181818,49.59,31.41,2.0960000000000036,52.11066666666665,6.96,10406291,38.46,0.2275189210386494,29.2059460427555,-0.13133546362668047,0.08053871523363787,315331.3333333333,329861.6666666667,-0.42892846312218014,0,205.7864816869364,0.011339551263585435,1,0,0,-1.4600000000000009,0.5397999762330503,0.47048065436075137,0.292059460427555,0.4570690507199868,45.70690507199868,WASPADA
2015-02,338991,483221.0,12760.675,53.022000000000006,25.85,3.432000000000002,50.03533333333332,6.29,10406291,38.46,0.2275189210386494,29.2059460427555,0.12342418176756764,0.22914120995667075,329369.6666666667,330233.0,0.5856461154367121,0,165.29920606976668,0.014992877492877366,2,0,0,0.0,0.36349011346652654,0.4306237644426625,0.292059460427555,0.36577254549962446,36.57725454996245,WASPADA
2015-03,305272,503311.0,13066.90909090909,49.464,27.65,-3.558000000000007,50.691999999999986,6.38,10406291,38.46,0.2275189210386494,29.2059460427555,-0.09946871745857555,0.10376645587240985,315337.0,321984.6666666667,-0.6507782658659019,0,249.6878292343137,0.02399826740427846,3,0,0,0.0,0.5452964178211804,0.5878133717306183,0.292059460427555,0.49474226464560545,49.474226464560545,WASPADA
2015-04,313763,528668.0,12946.15909090909,50.876,34.52,1.411999999999999,51.12066666666666,6.79,10406291,38.46,0.2275189210386494,29.2059460427555,0.02781453916507237,0.12019807494573298,319342.0,317336.6666666667,-0.50586383986187,0,154.25316253630214,-0.009240899983302686,4,0,0,0.0,0.4641470384151458,0.2953593394257998,0.292059460427555,0.3704888342214443,37.04888342214443,WASPADA
2015-05,295973,651089.0,13132.02380952381,49.578,35.77,-1.2979999999999947,49.97266666666665,7.15,10406291,38.46,0.2275189210386494,29.2059460427555,-0.0566988459442318,0.034751234997360436,305002.6666666667,317186.1666666667,-1.3344758309700844,0,94.30993470590933,0.01435674606727444,5,0,0,0.0,0.5912676950012197,0.3690292409497668,0.292059460427555,0.44979410014236765,44.97941001423676,WASPADA
2015-06,359702,571646.0,13306.65909090909,51.714,29.81,2.1359999999999957,50.72266666666665,7.26,10406291,38.46,0.2275189210386494,29.2059460427555,0.21532031638021043,0.08869962106078777,323146.0,319241.5,1.2017732401147254,0,180.2791470329772,0.013298428628999881,6,0,0,0.0,0.31536432774905726,0.44366224204573185,0.292059460427555,0.34802748520768406,34.802748520768404,WASPADA
2015-07,382683,799765.0,13375.217391304348,62.41400000000001,32.07,10.70000000000001,54.56866666666665,7.26,10406291,38.46,0.2275189210386494,29.2059460427555,0.06388899700307471,0.05986994067566598,346119.3333333333,332730.6666666667,1.8227045100090289,0,125.39327485702039,0.005152179816652502,7,1,0,0.0,0.39466854721352934,0.29888312573345077,0.292059460427555,0.3402806490730122,34.02806490730122,WASPADA
2015-08,303621,641684.0,13788.90476190476,61.826,34.42,-0.5880000000000081,58.65133333333332,7.18,10406291,38.46,0.2275189210386494,29.2059460427555,-0.20659919567893004,-0.09841342427760769,348668.6666666667,326835.6666666667,-0.8528089048040464,0,260.89537121892374,0.030929394154697087,8,1,0,0.0,0.6216034567121487,0.576700124038372,0.292059460427555,0.5257464578388672,52.57464578388672,SIAGA
2015-09,389060,557081.0,14409.90909090909,57.14200000000001,30.81,-4.68399999999999,60.46066666666666,6.83,10406291,38.46,0.2275189210386494,29.2059460427555,0.2814001666551391,0.09667890022042958,358454.6666666667,340800.3333333333,1.7270053520707263,0,520.7959501997285,0.04503652318493101,9,0,0,0.0,0.2807584683407317,0.7142899999999999,0.292059460427555,0.413643175860218,41.3643175860218,WASPADA
2015-10,369447,619599.0,13774.90909090909,61.04200000000001,29.64,3.8999999999999986,60.00333333333333,6.25,10406291,38.46,0.2275189210386494,29.2059460427555,-0.05041124762247473,0.08135787689776985,354042.6666666667,350081.0,1.0185040859562056,0,362.6447424702759,-0.04406689840955402,10,0,0,0.0,0.454527311714237,0.3846133595800281,0.292059460427555,0.39293616325230385,39.29361632523039,WASPADA
2015-11,270935,529381.0,13676.09523809524,55.508,23.75,-5.534000000000006,57.89733333333333,4.89,10406291,38.46,0.2275189210386494,29.2059460427555,-0.2666471780796704,-0.08737991619396646,343147.3333333333,345908.0,-1.5857308604349396,0,398.21935916625307,-0.007173466783825355,11,0,0,0.0,0.7263426369168186,0.5200573267407657,0.292059460427555,0.5558862497416868,55.588624974168674,SIAGA
2015-12,370640,733149.0,13834.478260869566,52.284000000000006,34.74,-3.2239999999999966,56.27799999999999,3.35,10406291,38.46,0.2275189210386494,29.2059460427555,0.3680033956484028,0.06698908944353277,337007.3333333333,347731.0,0.9367514444259777,0,79.9977556144769,0.011581011978707423,12,1,0,0.0,0.23540456462607717,0.32493971895200724,0.292059460427555,0.27642883487422565,27.642883487422566,AMAN
2016-01,350592,597558.0,13886.309523809525,49.968,26.87,-2.3160000000000025,52.58666666666665,4.14,11519275,42.78,0.2275189210386494,29.2059460427555,-0.054090222318152414,0.16187016981057045,330722.3333333333,342382.5,0.33769450277375523,0,109.51537764072069,0.00374652820024024,1,0,0,4.32,0.4564539819557057,0.32441465539501874,0.292059460427555,0.3757435536054619,37.57435536054619,WASPADA
2016-02,375744,513852.0,13509.52380952381,57.232000000000006,35.53,7.264000000000003,53.161333333333324,4.42,11519275,42.78,0.2275189210386494,29.2059460427555,0.07174151150054775,0.10841880757896227,365658.6666666667,354403.0,0.8747867821034447,0,204.22591647342523,-0.027133610527669494,2,0,0,0.0,0.3905562041683985,0.23043769644831524,0.292059460427555,0.31789646591716264,31.789646591716263,WASPADA
2016-03,364113,576438.0,13197.217391304348,50.534,30.45,-6.6980000000000075,52.577999999999996,4.45,11519275,42.78,0.2275189210386494,29.2059460427555,-0.030954586101175297,0.19274941691344116,363483.0,350245.1666666667,0.47642767032724337,0,345.048484619846,-0.023117500114940737,3,0,0,0.0,0.44433790465050876,0.42253266783308224,0.292059460427555,0.3997267225495424,39.97267225495424,WASPADA
2016-04,380767,534395.0,13171.714285714286,49.546,28.41,-0.9879999999999995,52.43733333333332,3.6,11519275,42.78,0.2275189210386494,29.2059460427555,0.045738548197949536,0.21354971746190587,373541.3333333333,352131.8333333333,0.7633483103523359,0,188.1050157188637,-0.0019324608236631624,4,0,0,0.0,0.4041738938045837,0.3784079205923124,0.292059460427555,0.3684154934966451,36.84154934966451,WASPADA
2016-05,394557,647790.0,13416.727272727272,52.082,35.6,2.5360000000000014,50.72066666666665,3.33,11519275,42.78,0.2275189210386494,29.2059460427555,0.03621637379289688,0.3330844367560555,379812.3333333333,372735.5,0.9656393783205282,0,134.7011261035665,0.01860145017560244,5,0,0,0.0,0.4091606337465147,0.42286716755308207,0.292059460427555,0.383997300558745,38.3997300558745,WASPADA
2016-06,405835,1035563.0,13337.977272727272,49.234,29.26,-2.847999999999999,50.28733333333332,3.45,11519275,42.78,0.2275189210386494,29.2059460427555,0.02858395618377063,0.1282533875263412,393719.6666666667,378601.3333333333,1.0973262777794173,0,125.08417642721408,-0.005869538703382471,6,0,0,0.0,0.4131577125780819,0.29131402227161285,0.292059460427555,0.3463300424485095,34.63300424485095,WASPADA
2016-07,484231,1084950.0,13114.333333333334,63.612,38.25,14.378,54.97599999999999,3.21,11519275,42.78,0.2275189210386494,29.2059460427555,0.19317210196262025,0.26535801172249607,428207.6666666667,400874.5,2.154437057629304,0,156.87588975002203,-0.016767455426036193,7,1,0,0.0,0.3269632946215863,0.2108163472693863,0.292059460427555,0.2833932518674185,28.33932518674185,AMAN
2016-08,438135,704662.0,13160.326086956522,67.05799999999999,42.19,3.445999999999991,59.96799999999999,2.79,11519275,42.78,0.2275189210386494,29.2059460427555,-0.09519423580894237,0.44303259655952654,442733.6666666667,411273.0,1.0894526935829962,0,118.10439507668976,0.003507059981942451,8,1,0,0.0,0.47798005542684796,0.2820370939528737,0.292059460427555,0.37271701823483244,37.27170182348324,WASPADA
2016-09,445716,725240.0,13109.84090909091,61.086,36.63,-5.971999999999994,63.91866666666666,3.07,11519275,42.78,0.2275189210386494,29.2059460427555,0.017302886096751013,0.14562278311828503,456027.3333333333,424873.5,1.078488018577012,0,27.941213421793496,-0.0038361646612730116,9,0,0,0.0,0.4190655819782489,0.14572316019429626,0.292059460427555,0.3053113250553896,30.53113250553896,WASPADA
2016-10,432215,685244.0,13018.214285714286,57.82600000000001,34.08,-3.259999999999991,61.98999999999999,3.31,11519275,42.78,0.2275189210386494,29.2059460427555,-0.03029058862594114,0.16989717063611298,438688.6666666667,433448.1666666667,0.7162927456363319,0,72.04160296568544,-0.0069891483818912414,10,0,0,0.0,0.4439901707621928,0.1858944375018395,0.292059460427555,0.3285787732004274,32.85787732004274,WASPADA
2016-11,413232,655962.0,13314.363636363636,56.29200000000001,30.86,-1.533999999999999,58.401333333333326,3.58,11519275,42.78,0.2275189210386494,29.2059460427555,-0.04392027116134334,0.5252071530071789,430387.6666666667,436560.6666666667,0.2170429375688506,0,151.61872244320543,0.02274884589773074,11,0,0,0.0,0.4511280028795152,0.4427403094718232,0.292059460427555,0.40884455924421753,40.88445592442175,WASPADA
2016-12,442800,882026.0,13409.113636363636,56.59,33.2,0.2979999999999947,56.90266666666667,3.02,11519275,42.78,0.2275189210386494,29.2059460427555,0.07155302590312473,0.19469026548672574,429415.6666666667,442721.5,0.8158234242303208,0,203.91350401884344,0.00711637466031223,12,1,0,0.0,0.39065491362457583,0.4100936160254627,0.292059460427555,0.3718376610455867,37.18376610455867,WASPADA
2017-01,460824,658308.0,13365.863636363636,58.038,31.69,1.4479999999999933,56.97333333333333,3.49,14039799,40.58,0.2275189210386494,29.2059460427555,0.040704607046070373,0.31441675794085433,438952.0,438820.3333333333,1.110905080740262,0,47.43482370462246,-0.003225418262002955,1,0,0,-2.200000000000003,0.4068101567356728,0.179591814167428,0.292059460427555,0.3099569798881699,30.99569798881699,WASPADA
2017-02,453985,520462.0,13337.875,59.38000000000001,32.25,1.342000000000013,58.00266666666666,3.83,14039799,40.58,0.2275189210386494,29.2059460427555,-0.014840806902418291,0.20822953926077337,452536.3333333333,441462.0,0.7832433062238444,0,35.89073598153379,-0.0020940387486438894,2,0,0,0.0,0.4358991570569696,0.16690736589357158,0.292059460427555,0.31924169555059656,31.924169555059656,WASPADA
2017-03,425499,618834.0,13343.04347826087,54.492,31.53,-4.888000000000012,57.30333333333332,3.61,14039799,40.58,0.2275189210386494,29.2059460427555,-0.06274656651651489,0.16859051997594143,446769.3333333333,438092.5,-0.20375791447277974,0,14.893155856502736,0.00038750387605746006,3,0,0,0.0,0.4813630801382785,0.18282798930077468,0.292059460427555,0.34447664795934646,34.44766479593465,WASPADA
2017-04,477464,705710.0,13301.4,56.03,33.35,1.5380000000000038,56.63399999999999,4.17,14039799,40.58,0.2275189210386494,29.2059460427555,0.12212719653865234,0.2539532049783726,452316.0,445634.0,1.3847205928906672,0,22.698451024722285,-0.0031209879761479042,4,0,0,0.0,0.3641693415262116,0.16397558703500523,0.292059460427555,0.28608374490418553,28.608374490418555,AMAN
2017-05,489376,646467.0,13322.173913043478,59.92,35.87,3.8900000000000006,56.81399999999999,4.33,14039799,40.58,0.2275189210386494,29.2059460427555,0.02494847779099585,0.24031762204193563,464113.0,458324.6666666667,1.5587267260057365,0,20.821757436627458,0.0015617839508230702,5,0,0,0.0,0.4150616039098409,0.1684824182776061,0.292059460427555,0.310337312349599,31.033731234959898,WASPADA
2017-06,504141,659718.0,13306.727272727272,61.408,36.69,1.4879999999999995,59.11933333333332,4.37,14039799,40.58,0.2275189210386494,29.2059460427555,0.03017107500163463,0.2422314487414836,490327.0,468548.1666666667,1.7308349506900467,0,10.789918089291596,-0.0011594684483950957,6,0,0,0.0,0.4123265422523806,0.1423644170015711,0.292059460427555,0.3012711342209313,30.12711342209313,WASPADA
2017-07,592046,890368.0,13346.40476190476,70.79400000000001,36.68,9.38600000000001,64.04066666666667,3.88,14039799,40.58,0.2275189210386494,29.2059460427555,0.17436590160292464,0.2226519987361404,528521.0,490418.5,2.6486228559257703,0,20.00014950094,0.0029817616581657713,7,1,0,0.0,0.3368120567320439,0.17507912671468662,0.292059460427555,0.2771040286507145,27.710402865071448,AMAN
2017-08,601884,790323.0,13343.021739130434,71.21000000000001,38.39,0.4159999999999968,67.804,3.82,14039799,40.58,0.2275189210386494,29.2059460427555,0.01661695206115743,0.37374097024889585,566023.6666666666,515068.3333333333,2.0158427008811453,0,21.996349247638328,-0.00025347820890175843,8,1,0,0.0,0.4194248039907138,0.1592698081658464,0.292059460427555,0.3095369693524639,30.953696935246388,WASPADA
2017-09,550520,832026.0,13307.547619047618,65.846,37.73,-5.364000000000004,69.28333333333333,3.72,14039799,40.58,0.2275189210386494,29.2059460427555,-0.08533870313881076,0.23513627511689061,581483.3333333334,535905.1666666666,0.9974396351667572,0,21.52415538062168,-0.0026586271667969896,9,0,0,0.0,0.4728187365594816,0.14544209249887582,0.292059460427555,0.32941592430831823,32.941592430831825,WASPADA
2017-10,465085,732720.0,13527.795454545454,67.114,38.37,1.2680000000000007,68.05666666666666,3.58,14039799,40.58,0.2275189210386494,29.2059460427555,-0.15518963888687054,0.0760501139479195,539163.0,533842.0,-0.39896452053072523,0,118.25738042135782,0.016550595331523477,10,0,0,0.0,0.5492959564560077,0.35447350282741896,0.292059460427555,0.4265400963603179,42.654009636031795,WASPADA
2017-11,361006,741649.0,13527.545454545454,54.672,28.91,-12.442000000000007,62.54399999999999,3.3,14039799,40.58,0.2275189210386494,29.2059460427555,-0.22378489953449365,-0.12638421032253067,458870.3333333333,512447.0,-1.8005128023680783,0,127.08803980216281,-1.848046866470554e-05,11,0,0,0.0,0.7253739584389084,0.2986699581686505,0.292059460427555,0.48903413385499267,48.90341338549927,WASPADA
2017-12,315909,939048.0,13559.0,53.052,29.61,-1.6199999999999974,58.27933333333332,3.61,14039799,40.58,0.2275189210386494,29.2059460427555,-0.12492036143443597,-0.28656504065040656,380666.6666666667,481075.0,-1.8863107644557504,0,18.0885534067441,0.002325221937729882,12,1,0,0.0,0.6821786327046752,0.20415384535484046,0.292059460427555,0.4412414034304447,44.12414034304447,WASPADA
2018-01,358065,743456.0,13387.41304347826,49.338,25.67,-3.7139999999999986,52.353999999999985,3.25,15806191,38.41,0.2275189210386494,29.2059460427555,0.13344349163841485,-0.2229896880370814,344993.3333333333,442078.1666666667,-1.1919522293721398,0,91.34966220423776,-0.012654838595895002,1,0,0,-2.1700000000000017,0.47743824780840616,0.21741860005925304,0.292059460427555,0.35308765663844743,35.308765663844746,WASPADA
2018-02,452423,655719.0,13601.175,61.604,30.03,12.265999999999998,54.664666666666655,3.18,15806191,38.41,0.2275189210386494,29.2059460427555,0.2635219862315501,-0.0034406423119706098,375465.6666666667,417168.0,-0.15085811194115215,0,113.2217502136935,0.01596738337926129,2,0,0,0.0,0.3052070398262415,0.34590124557542085,0.292059460427555,0.3141284067013237,31.41284067013237,WASPADA
2018-03,492678,762622.0,13759.772727272728,58.846,29.76,-2.7580000000000027,56.596,3.4,15806191,38.41,0.2275189210386494,29.2059460427555,0.08897646671367276,0.15788286223939418,434388.6666666667,407527.6666666667,0.23260117564553082,0,186.8596386180916,0.011660590152889672,3,0,0,0.0,0.381530299379984,0.40590611876372434,0.292059460427555,0.36647533545699884,36.647533545699886,WASPADA
2018-04,516777,777287.0,13808.809523809525,59.818000000000005,33.29,0.9720000000000084,60.08933333333332,3.41,15806191,38.41,0.2275189210386494,29.2059460427555,0.04891430102419836,0.08233709766600206,487292.6666666667,416143.0,0.4588891039842106,0,108.52798562856937,0.003563779541184031,4,0,0,0.0,0.4025107596515322,0.2731048389779587,0.292059460427555,0.33607615864346585,33.607615864346585,WASPADA
2018-05,528512,682521.0,14036.934782608696,64.744,28.64,4.925999999999995,61.13599999999999,3.23,15806191,38.41,0.2275189210386494,29.2059460427555,0.022708053957509744,0.07997122866671025,512655.6666666667,444060.6666666667,0.5444498556618426,0,147.91019011217546,0.016520269789066955,5,0,0,0.0,0.4162349085083548,0.3857546132486305,0.292059460427555,0.37604695791023757,37.60469579102376,WASPADA
2018-06,544550,1156151.0,14007.261904761905,65.28,32.55,0.5360000000000014,63.28066666666666,3.12,15806191,38.41,0.2275189210386494,29.2059460427555,0.030345573988859398,0.0801541632202103,529946.3333333334,482167.5,0.669023136509637,0,124.03289945738918,-0.002113914348562451,6,0,0,0.0,0.41223515755048323,0.2571789534865581,0.292059460427555,0.33567437205057366,33.56743720505737,WASPADA
2018-07,624366,906347.0,14408.613636363636,71.24,32.55,5.959999999999994,67.088,3.18,15806191,38.41,0.2275189210386494,29.2059460427555,0.1465723992287209,0.05459035277664226,565809.3333333334,526551.0,1.4306349460510657,0,223.6473647162931,0.028653118241851905,7,1,0,0.0,0.3513674473938713,0.5333079069467825,0.292059460427555,0.3911225885181656,39.11225885181656,WASPADA
2018-08,573766,770364.0,14563.978260869566,68.924,35.25,-2.3159999999999883,68.48133333333332,3.2,15806191,38.41,0.2275189210386494,29.2059460427555,-0.08104220921702976,-0.046716643074080744,580894.0,546774.8333333334,0.9650204032150134,0,287.27294807221176,0.010782760120226165,8,1,0,0.0,0.4705686729775081,0.5017683041005212,0.292059460427555,0.43530125917692375,43.530125917692374,WASPADA
2018-09,555903,774144.0,14868.075,64.154,34.71,-4.77000000000001,68.106,2.88,15806191,38.41,0.2275189210386494,29.2059460427555,-0.03113290086899534,0.009778028046210752,584678.3333333334,557312.3333333334,0.7695638175530687,0,233.70841447246954,0.020880059945398433,9,0,0,0.0,0.4444312876675698,0.5009079717564748,0.292059460427555,0.4232813360842376,42.32813360842376,WASPADA
2018-10,517889,762124.0,15175.565217391304,62.94000000000001,32.41,-1.2139999999999844,65.33933333333333,3.16,15806191,38.41,0.2275189210386494,29.2059460427555,-0.06838243362601026,0.11353623531182477,549186.0,557497.6666666666,0.3242021684667475,0,305.79504735683105,0.020681239325958778,10,0,0,0.0,0.4639387788052146,0.5762598691411387,0.292059460427555,0.45466527631157694,45.466527631157696,WASPADA
2018-11,406725,806397.0,14657.636363636364,51.592000000000006,26.74,-11.348000000000006,59.56199999999999,3.23,15806191,38.41,0.2275189210386494,29.2059460427555,-0.21464831266931717,0.12664332448768167,493505.6666666667,537199.8333333334,-0.9203170705201555,0,260.4755110104729,-0.03412913102975501,11,0,0,0.0,0.6325695765838063,0.31829482916321067,0.292059460427555,0.4531596233185648,45.31596233185648,WASPADA
2018-12,498819,960859.0,14498.92857142857,55.092000000000006,31.04,3.5,56.541333333333334,3.13,15806191,38.41,0.2275189210386494,29.2059460427555,0.2264281762861884,0.5789958500707482,474477.6666666667,529578.0,-0.09698802102012952,0,353.8539273764072,-0.010827652444805214,12,1,0,0.0,0.3192459702080876,0.4771795112293103,0.292059460427555,0.35982940506932126,35.982940506932124,WASPADA
2019-01,455570,793527.0,14165.173913043478,53.9,22.0,-1.1920000000000073,53.52799999999999,2.82,16106954,38.96,0.2275189210386494,29.2059460427555,-0.08670279199469144,0.2723108932735676,453704.6666666667,501445.3333333333,-0.9931255417598465,0,251.362818963736,-0.02301926357805406,1,0,0,0.5500000000000043,0.5728456608039617,0.30688595634355015,0.292059460427555,0.4228611993717366,42.28611993717366,WASPADA
2019-02,437456,692113.0,14029.025,52.65599999999999,29.21,-1.2440000000000069,53.88266666666666,2.57,16106954,38.96,0.2275189210386494,29.2059460427555,-0.03976117830410253,-0.033081872495430154,463948.3333333333,478727.0,-1.246716284151076,0,241.77746826273204,-0.009611524283377193,2,0,0,0.0,0.573621524321241,0.3772321435603378,0.292059460427555,0.4443141941195486,44.431419411954856,WASPADA
2019-03,449569,787616.0,14204.07142857143,52.298,30.29,-0.3579999999999899,52.95133333333332,2.48,16106954,38.96,0.2275189210386494,29.2059460427555,0.02768964192970258,-0.087499340339938,447531.6666666667,461004.6666666667,-0.9469747920428256,0,91.91553676429649,0.012477447903288308,3,0,0,0.0,0.5083235420164279,0.3424766124978162,0.292059460427555,0.4045034427636262,40.45034427636262,WASPADA
2019-04,477069,795997.0,14137.545454545454,55.63,32.52,3.3320000000000007,53.527999999999984,2.83,16106954,38.96,0.2275189210386494,29.2059460427555,0.06116969808861383,-0.07683778496334004,454698.0,454201.3333333333,-0.45302032117449736,0,88.35878227403526,-0.004683584869346613,4,0,0,0.0,0.4413946696630776,0.22695520789900692,0.292059460427555,0.33972902882497574,33.97290288249757,WASPADA
2019-05,486602,656082.0,14375.869565217392,49.58200000000001,28.72,-6.047999999999995,52.50333333333333,3.32,16106954,38.96,0.2275189210386494,29.2059460427555,0.01998243440676295,-0.07929810486800681,471080.0,467514.1666666667,-0.24880454731471752,0,122.9760726739979,0.01685753099349463,5,0,0,0.0,0.4425427636740178,0.4132687770067135,0.292059460427555,0.39613974186221085,39.613974186221085,WASPADA
2019-06,549516,1287877.0,14233.725,56.75,36.4,7.167999999999992,53.98733333333333,3.28,16106954,38.96,0.2275189210386494,29.2059460427555,0.12929252243106282,0.009119456431916362,504395.6666666667,475963.6666666667,0.734535937218927,0,119.89854329909974,-0.009887719457424171,6,0,0,0.0,0.3604168775085734,0.2259695323201611,0.292059460427555,0.3029933196817951,30.29933196817951,WASPADA
2019-07,604323,935930.0,14031.391304347826,56.076,37.9,-0.6739999999999995,54.135999999999996,3.32,16106954,38.96,0.2275189210386494,29.2059460427555,0.09973685934531473,-0.03210136362325944,546813.6666666666,500755.8333333333,1.710826708013205,0,173.11329336018363,-0.014215090965448263,7,1,0,0.0,0.37589510751681077,0.2618000319067857,0.292059460427555,0.32070767306148934,32.07076730614894,WASPADA
2019-08,606412,925360.0,14232.0,60.82400000000001,38.37,4.748000000000012,57.883333333333326,3.49,16106954,38.96,0.2275189210386494,29.2059460427555,0.003456760705781603,0.05689775971389044,586750.3333333334,528915.1666666666,1.5905245236406471,0,116.32264668567521,0.014297134995445049,8,1,0,0.0,0.4263167647009152,0.3399351540437683,0.292059460427555,0.3668379554354311,36.683795543543106,WASPADA
2019-09,590398,812003.0,14100.357142857143,60.260000000000005,35.74,-0.5640000000000072,59.053333333333335,3.39,16106954,38.96,0.2275189210386494,29.2059460427555,-0.02640778876407457,0.06205219255877381,600377.6666666666,552386.6666666666,1.2359754118677073,0,101.92315527602807,-0.009249779169677952,9,0,0,0.0,0.44195675776910376,0.19419003872490123,0.292059460427555,0.33015241772045584,33.015241772045584,WASPADA
2019-10,567967,853007.0,14113.152173913044,59.32400000000001,34.86,-0.9359999999999928,60.136,3.13,16106954,38.96,0.2275189210386494,29.2059460427555,-0.037993014881486764,0.09669639633203264,588259.0,567536.3333333334,0.8159273869276253,0,72.59288351402232,0.0009074260266082046,10,0,0,0.0,0.4480239129543046,0.22274398830097378,0.292059460427555,0.34144882242661795,34.144882242661794,WASPADA
2019-11,497925,852626.0,14061.02380952381,56.632000000000005,32.66,-2.6920000000000073,58.73866666666667,3.0,16106954,38.96,0.2275189210386494,29.2059460427555,-0.12332054503166556,0.2242301309238428,552096.6666666666,569423.5,-0.33052120806294694,0,27.166739173620535,-0.0036936018082189825,11,0,0,0.0,0.5257618570448732,0.16253170911854767,0.292059460427555,0.358367213512646,35.8367213512646,WASPADA
2019-12,552403,1152901.0,14002.477272727272,59.074,37.72,2.441999999999993,58.34333333333333,2.72,16106954,38.96,0.2275189210386494,29.2059460427555,0.10941005171461571,0.10742173012655898,539431.6666666666,569904.6666666666,0.47120388346673175,0,55.368458374306755,-0.004163746366525722,12,1,0,0.0,0.3708292798285067,0.17762678890624456,0.292059460427555,0.29317607770159015,29.317607770159015,AMAN
2020-01,536611,879702.0,13721.478260869566,58.962,37.72,-0.11199999999999477,58.22266666666666,2.68,4052923,26.39,0.2275189210386494,29.2059460427555,-0.028587824468730205,0.1778892376583181,528979.6666666666,558619.3333333334,0.1176014875527935,0,181.5118550976938,-0.020067807030475282,1,0,0,-12.57,0.44309843724910497,0.2238475024933184,0.292059460427555,0.33956341261698153,33.95634126169816,WASPADA
2020-02,364639,721105.0,13767.125,43.276,37.72,-15.686,53.77066666666665,2.98,4052923,26.39,0.2275189210386494,29.2059460427555,-0.3204779626209675,-0.16645559782012365,484551.0,518323.8333333333,-2.2199023501311217,1,150.7949831920818,0.0033266633712933924,2,0,0,0.0,0.8179508388916338,0.3993284651103704,0.292059460427555,0.5608912821412351,56.089128214123505,SIAGA
2020-03,167461,567452.0,15179.119047619048,23.006,37.72,-20.270000000000003,41.748,2.96,4052923,26.39,0.2275189210386494,29.2059460427555,-0.5407485211400864,-0.6275076795775509,356237.0,447834.3333333333,-2.6668212984542587,1,828.7065703552468,0.10256273896104284,3,0,1,0.0,0.8666821298454259,0.8849699999999999,0.292059460427555,0.7285128235373304,72.85128235373304,KRISIS
2020-04,379,175120.0,15710.59523809524,3.2680000000000007,37.72,-19.738,23.183333333333326,2.67,4052923,26.39,0.2275189210386494,29.2059460427555,-0.997736786475657,-0.9992055656519288,177493.0,353236.3333333333,-2.4080426836171074,1,1004.429414967841,0.03501363872362262,4,0,1,0.0,0.8408042683617107,0.98366,0.292059460427555,0.7464747858696585,74.64747858696586,KRISIS
2020-05,36,101948.0,14854.6875,2.792,37.72,-0.47600000000000087,9.688666666666657,2.19,4052923,26.39,0.2275189210386494,29.2059460427555,-0.9050131926121372,-0.9999260175667177,55958.666666666664,270254.8333333333,-1.8081874397521047,0,432.1073991235691,-0.054479650523986844,5,0,1,0.0,0.7808187439752104,0.68604,0.292059460427555,0.6301952998957334,63.01952998957334,SIAGA
2020-06,45,137395.0,14105.357142857143,5.016,37.72,2.224,3.691999999999991,1.96,4052923,26.39,0.2275189210386494,29.2059460427555,0.25,-0.999918109754766,153.33333333333334,178195.16666666666,-1.4546377964830508,0,803.2085016430407,-0.05044403371951489,6,0,1,0.0,0.4426664401012277,0.67492,0.292059460427555,0.47469076315244124,47.46907631524412,WASPADA
2020-07,16,229112.0,14529.977272727272,2.756,37.72,-2.2600000000000002,3.521333333333324,1.54,4052923,26.39,0.2275189210386494,29.2059460427555,-0.6444444444444444,-0.9999735240922487,32.333333333333336,88762.66666666667,-1.2127012136510062,0,375.77363986879976,0.030103465340837188,7,1,1,0.0,0.7212701213651006,0.9847575910513877,0.292059460427555,0.6930136970366003,69.30136970366003,SIAGA
2020-08,12,355732.0,14649.166666666666,3.13,37.72,0.3740000000000001,3.63399999999999,1.32,4052923,26.39,0.2275189210386494,29.2059460427555,-0.25,-0.9999802114733878,24.333333333333332,27991.5,-1.0271975883903328,0,285.84295353209774,0.008202999337315608,8,1,1,0.0,0.6617712224017241,0.7703072421176655,0.292059460427555,0.6019040878229642,60.19040878229642,SIAGA
2020-09,8,283349.0,14785.0,4.46,37.72,1.33,3.448666666666657,1.42,4052923,26.39,0.2275189210386494,29.2059460427555,-0.33333333333333337,-0.999986449818597,12.0,82.66666666666667,-0.8736946049632203,0,127.60185310625349,0.009272427328061994,9,0,1,0.0,0.687369460496322,0.6017557654438127,0.292059460427555,0.5628578519633775,56.28578519633775,SIAGA
2020-10,63,337304.0,14686.315789473683,8.648,37.72,4.188,5.412666666666657,1.44,4052923,26.39,0.2275189210386494,29.2059460427555,6.875,-0.9998890780626339,27.666666666666668,30.0,-0.7391918916717599,0,70.20128818401228,-0.006674616876991335,10,0,1,0.0,0.07391918916717599,0.4315754557832938,0.292059460427555,0.2357511369671061,23.57511369671061,AMAN
2020-11,53,425097.0,14184.047619047618,8.392,37.72,-0.2560000000000002,7.166666666666657,1.59,4052923,26.39,0.2275189210386494,29.2059460427555,-0.15873015873015872,-0.9998935582668073,41.333333333333336,32.833333333333336,-0.612590202863773,0,322.27205189660555,-0.034199739242027016,11,0,1,0.0,0.5725126864560153,0.5998349360974458,0.292059460427555,0.5105960548413293,51.05960548413293,SIAGA
2020-12,150,382841.0,14094.473684210529,15.214,37.72,6.822000000000001,10.751333333333323,1.68,4052923,26.39,0.2275189210386494,29.2059460427555,1.8301886792452828,-0.9997284591140888,88.66666666666667,50.333333333333336,-0.4962168024449257,0,319.0020591330872,-0.006315118028566213,12,1,1,0.0,0.04962168024449257,0.6646102831469041,0.292059460427555,0.29472770616098165,29.472770616098167,AMAN
2021-01,10,282248.0,14016.604761904762,11.2325,37.72,-3.9815000000000005,11.612833333333322,1.55,1557530,0.0,0.2275189210386494,29.2059460427555,-0.9333333333333333,-0.999981364526631,71.0,49.333333333333336,-0.39731787766485327,0,83.78958693325632,-0.005524783972103875,1,0,1,-26.39,0.6397317877664853,0.43943563627521465,0.292059460427555,0.49272486048437153,49.27248604843715,WASPADA
2021-02,12,240608.0,14026.578947368422,8.072,37.72,-3.1605000000000008,11.506166666666658,1.38,1557530,0.0,0.2275189210386494,29.2059460427555,0.19999999999999996,-0.9999670907390598,57.333333333333336,49.333333333333336,-0.2899010902285334,0,42.37284650740199,0.0007115978250857857,2,0,1,0.0,0.3523776497867528,0.4458681719404141,0.292059460427555,0.36534525909305177,36.534525909305174,WASPADA
2021-03,3,305579.0,14378.863636363636,9.658,37.72,1.5860000000000003,9.654166666666656,1.37,1557530,0.0,0.2275189210386494,29.2059460427555,-0.75,-0.9999820853810738,8.333333333333334,48.5,-0.5862800683008287,0,206.33123798057375,0.025115510369070337,3,0,1,0.0,0.6586280068300828,0.747050923137597,0.292059460427555,0.593512745121705,59.351274512170505,SIAGA
2021-04,9,330593.0,14523.809523809525,9.584,37.72,-0.07399999999999984,9.104666666666658,1.42,1557530,0.0,0.2275189210386494,29.2059460427555,2.0,-0.9762532981530343,8.0,39.5,-0.6211133165987502,0,255.71861441016168,0.010080482791374745,4,0,1,0.0,0.06211133165987503,0.7164911291102655,0.292059460427555,0.31591230308691215,31.591230308691216,WASPADA
2021-05,8,363959.0,14314.411764705885,9.88,37.72,0.29600000000000115,9.707333333333324,1.68,1557530,0.0,0.2275189210386494,29.2059460427555,-0.11111111111111116,-0.7777777777777778,6.666666666666667,32.0,-0.5791015083663459,0,107.24642617551135,-0.014417550626808051,5,0,1,0.0,0.5442258357577232,0.42180119496968715,0.292059460427555,0.44445684968877036,44.44568496887704,WASPADA
2021-06,1,498852.0,14330.380952380952,14.571999999999996,37.72,4.691999999999995,11.345333333333322,1.33,1557530,0.0,0.2275189210386494,29.2059460427555,-0.875,-0.9777777777777777,6.0,7.166666666666667,-0.6472090146063955,0,116.55974770960044,0.0011156020895277674,6,0,1,0.0,0.6647209014606396,0.4942878188564813,0.292059460427555,0.520425616421121,52.0425616421121,SIAGA
2021-07,0,166718.0,14491.333333333334,4.804,37.72,-9.767999999999995,9.75199999999999,1.52,1557530,0.0,0.2275189210386494,29.2059460427555,-1.0,-1.0,3.0,5.5,-0.6295100001092676,0,97.86208436201497,0.01123154935568138,7,1,1,0.0,0.6629510000109268,0.5793498785378435,0.292059460427555,0.5451477786731588,54.51477786731588,SIAGA
2021-08,0,202187.0,14375.65,5.682,37.72,0.8780000000000001,8.352666666666655,1.59,1557530,0.0,0.2275189210386494,29.2059460427555,,-1.0,0.3333333333333333,3.5,-0.5993815875738406,0,83.00360355321473,-0.00798293232736813,8,1,1,0.0,0.4880652207651908,0.4527339527117645,0.292059460427555,0.42846440026475396,42.8464400264754,WASPADA
2021-09,0,298950.0,14249.09090909091,8.7,37.72,3.017999999999999,6.3953333333333235,1.6,1557530,0.0,0.2275189210386494,29.2059460427555,,-1.0,0.0,3.0,-0.5794835789728946,0,121.16189527853712,-0.00880371259101953,9,0,1,0.0,0.48607541990509623,0.4735658927005048,0.292059460427555,0.43381857187433354,43.381857187433354,WASPADA
2021-10,2,468826.0,14177.55,18.072,37.72,9.372,10.81799999999999,1.66,1557530,0.0,0.2275189210386494,29.2059460427555,inf,-0.9682539682539683,0.6666666666666666,1.8333333333333333,-0.4314893335380137,0,100.3152656748769,-0.005020734975118124,10,0,1,0.0,0.04314893335380138,0.4255578549947764,0.292059460427555,0.22009924161453226,22.009924161453227,AMAN
2021-11,6,513482.0,14262.636363636364,18.698,37.72,0.6260000000000012,15.156666666666657,1.75,1557530,0.0,0.2275189210386494,29.2059460427555,2.0,-0.8867924528301887,2.6666666666666665,1.5,-0.2548498566571975,0,45.71883326102577,0.006001485703549969,11,0,1,0.0,0.025484985665719752,0.4255980937841489,0.292059460427555,0.21216253679170732,21.216253679170734,AMAN
2021-12,0,629590.0,14319.782608695652,23.844,37.72,5.146000000000001,20.204666666666657,1.87,1557530,0.0,0.2275189210386494,29.2059460427555,-1.0,-1.0,2.6666666666666665,1.3333333333333333,-0.9454993211840869,0,71.57222177265491,0.004006709811727793,12,1,1,0.0,0.6945499321184087,0.41623460998404127,0.292059460427555,0.510432717555385,51.0432717555385,SIAGA
2022-01,3,527447.0,14335.190476190475,20.646,37.72,-3.1980000000000004,21.062666666666658,2.18,5889031,36.61,0.2275189210386494,29.2059460427555,inf,-0.7,3.0,1.8333333333333333,-0.16183331389299677,0,38.22563483855242,0.001075984734954405,1,0,0,36.61,0.016183331389299678,0.38061879259253073,0.292059460427555,0.19448300200983282,19.448300200983283,AMAN
2022-02,1310,389690.0,14345.777777777776,18.364,37.72,-2.282,20.951333333333324,2.06,5889031,36.61,0.2275189210386494,29.2059460427555,435.6666666666667,108.16666666666667,437.6666666666667,220.16666666666666,3.175314044434616,0,13.07186642167874,0.0007385532550046037,2,0,0,0.0,0.0,0.36348153079778056,0.292059460427555,0.1820593243462229,18.20593243462229,AMAN
2022-03,14620,547726.0,14344.818181818182,23.488,37.72,5.123999999999999,20.832666666666658,2.64,5889031,36.61,0.2275189210386494,29.2059460427555,10.16030534351145,4872.333333333333,5311.0,2656.8333333333335,3.1627041133070137,0,5.855261084266827,-6.689047986507823e-05,3,0,0,0.0,0.0,0.3257447923019301,0.292059460427555,0.17073830279746777,17.073830279746776,AMAN
2022-04,58335,500740.0,14373.052631578948,20.848,37.72,-2.6400000000000006,20.899999999999988,3.47,5889031,36.61,0.2275189210386494,29.2059460427555,2.9900820793433653,6480.666666666667,24755.0,12379.0,3.077228592840266,0,16.031337159878785,0.0019682682208237434,4,0,0,0.0,0.0,0.3610141266914785,0.292059460427555,0.1813191031143323,18.13191031143323,AMAN
2022-05,115611,960692.0,14616.466666666667,37.682,37.72,16.834000000000003,27.339333333333325,3.55,5889031,36.61,0.2275189210386494,29.2059460427555,0.9818462329647724,14450.375,62855.333333333336,31646.5,2.7991343125711423,0,149.35443077384315,0.016935444496523733,5,0,0,0.0,0.0,0.5011768251247641,0.292059460427555,0.223367912644318,22.3367912644318,AMAN
2022-06,181625,753907.0,14699.142857142857,41.348,37.72,3.665999999999997,33.292666666666655,4.35,5889031,36.61,0.2275189210386494,29.2059460427555,0.5710010293138197,181624.0,118523.66666666667,61917.333333333336,2.547700342336942,0,169.5192123609508,0.005656373209863119,6,0,0,0.0,0.1290951898072679,0.44173589644078703,0.292059460427555,0.26362846945239543,26.362846945239543,AMAN
2022-07,246504,784205.0,14977.0,38.938,37.72,-2.4099999999999966,39.322666666666656,4.94,5889031,36.61,0.2275189210386494,29.2059460427555,0.3572140399174122,inf,181246.66666666666,103000.83333333333,2.302383219943786,0,188.86689702539735,0.018902948665617147,7,1,0,0.0,0.24105492439504803,0.5477048423582637,0.292059460427555,0.3458010337921395,34.58010337921395,WASPADA
2022-08,276659,659567.0,14839.09090909091,42.934000000000005,37.72,3.996000000000002,41.07333333333332,4.69,5889031,36.61,0.2275189210386494,29.2059460427555,0.1223306721189108,inf,234929.33333333334,148892.33333333334,1.9303849094315237,0,138.9298182748704,-0.009208058416845133,8,1,0,0.0,0.36406278185190616,0.318999698864092,0.292059460427555,0.33254302659947416,33.25430265994741,WASPADA
2022-09,291162,622068.0,14983.09090909091,47.268,37.72,4.333999999999996,43.04666666666666,5.95,5889031,36.61,0.2275189210386494,29.2059460427555,0.052421934583729346,inf,271441.6666666667,194982.66666666666,1.6210288980686125,0,81.43710919894512,0.00970409851130305,9,0,0,0.0,0.4006738203529106,0.34114630004056196,0.292059460427555,0.3556619742778671,35.56619742778671,WASPADA
2022-10,305244,718066.0,15433.42857142857,47.264,37.72,-0.003999999999997783,45.821999999999996,5.71,5889031,36.61,0.2275189210386494,29.2059460427555,0.048364827827807266,152621.0,291021.6666666667,236134.16666666666,1.415043298414643,0,310.04764875523324,0.030056392574139723,10,0,0,0.0,0.402798517449164,0.6925099921442068,0.292059460427555,0.4620271956022746,46.202719560227465,WASPADA
2022-11,287398,657949.0,15661.181818181818,49.898,37.72,2.6340000000000003,48.143333333333324,5.42,5889031,36.61,0.2275189210386494,29.2059460427555,-0.05846470364691858,47898.666666666664,294601.3333333333,264765.3333333333,1.0755114298339377,0,345.08038496299486,0.014757138745883136,11,0,0,0.0,0.45874488735603264,0.6356096610962835,0.292059460427555,0.47013296274598854,47.01329627459885,WASPADA
2022-12,377276,930917.0,15597.363636363636,53.818000000000005,37.72,3.9200000000000017,50.32666666666666,5.51,5889031,36.61,0.2275189210386494,29.2059460427555,0.31273008162896043,inf,323306.0,297373.8333333333,1.4551904489612029,0,117.48688384354166,-0.0040749275858665834,12,1,0,0.0,0.2643510668658799,0.27028042419832243,0.292059460427555,0.27305697245603144,27.305697245603145,AMAN
2023-01,331785,720164.0,15250.047619047618,43.432,37.72,-10.386000000000003,49.04933333333332,5.28,11677825,45.16,0.2275189210386494,29.2059460427555,-0.12057750824330193,110594.0,332153.0,311587.3333333333,0.9610101814483556,0,221.25871203626127,-0.022267610438105434,1,0,0,8.549999999999997,0.4912732144387404,0.33146308175025574,0.292059460427555,0.39352673612939865,39.35267361293987,WASPADA
2023-02,323510,629282.0,15129.65,42.068,37.72,-1.3640000000000043,46.43933333333333,5.47,11677825,45.16,0.2275189210386494,29.2059460427555,-0.024940850249408508,245.95419847328245,344190.3333333333,319395.8333333333,0.7730081617964473,0,242.8579997296842,-0.00789490118688152,2,0,0,0.0,0.44118852558050187,0.44082993132884757,0.292059460427555,0.40379868101676886,40.379868101676884,WASPADA
2023-03,370695,665751.0,15272.619047619048,41.61,37.72,-0.4579999999999984,42.36999999999999,4.97,11677825,45.16,0.2275189210386494,29.2059460427555,0.1458532966523447,24.35533515731874,341996.6666666667,332651.3333333333,1.0841314984956996,0,76.8604846852685,0.009449593851744709,3,0,0,0.0,0.3517440396917459,0.3631722197954327,0.292059460427555,0.3402513489068042,34.02513489068042,WASPADA
2023-04,411510,900880.0,14829.285714285714,45.244,37.72,3.6340000000000003,42.97399999999999,4.33,11677825,45.16,0.2275189210386494,29.2059460427555,0.11010399384939107,6.054255592697351,368571.6666666667,350362.3333333333,1.4218059032793762,0,226.27538426783786,-0.029027983474939623,4,0,0,0.0,0.37046586399367004,0.31376289659651757,0.292059460427555,0.33385337288299555,33.38533728829955,WASPADA
2023-05,439475,943713.0,14823.772727272728,45.912,37.72,0.6679999999999993,44.25533333333332,4.0,11677825,45.16,0.2275189210386494,29.2059460427555,0.0679570362810138,2.8013251334215603,407226.6666666667,375708.5,1.6536876960560245,0,257.564832213122,-0.00037176349011036613,5,0,0,0.0,0.39253812478166555,0.47889335101673985,0.292059460427555,0.3933250265636602,39.33250265636602,WASPADA
2023-06,478198,883793.0,14935.695454545454,57.33200000000001,37.72,11.420000000000009,49.49599999999999,3.52,11677825,45.16,0.2275189210386494,29.2059460427555,0.08811195176062347,1.6328864418444597,443061.0,392528.8333333333,1.8742271246454247,0,63.08740329533358,0.007550218782483853,6,0,0,0.0,0.38198304379143694,0.25943035382726765,0.292059460427555,0.3227363409612157,32.27363409612157,WASPADA
2023-07,541353,898260.0,15032.809523809525,61.934000000000005,37.72,4.601999999999997,55.059333333333335,3.08,11677825,45.16,0.2275189210386494,29.2059460427555,0.13206872467053388,1.1961225781326066,486342.0,427456.8333333333,2.050641383263782,0,104.60578508119848,0.006502145786222213,7,1,0,0.0,0.3589629870413811,0.28431650666317304,0.292059460427555,0.31984316127446216,31.984316127446217,WASPADA
2023-08,522141,712860.0,15244.208695652173,58.92,37.72,-3.014000000000003,59.395333333333326,3.27,11677825,45.16,0.2275189210386494,29.2059460427555,-0.0354888584712747,0.887308925428054,513897.3333333333,460562.0,1.4870893370676377,0,157.74513845763224,0.014062519152379771,8,1,0,0.0,0.4467124922366772,0.3879669694553488,0.292059460427555,0.3904255774499981,39.04255774499981,WASPADA
2023-09,508350,755293.0,15360.047619047618,56.93000000000001,37.72,-1.9899999999999949,59.26133333333333,2.28,11677825,45.16,0.2275189210386494,29.2059460427555,-0.0264124058443983,0.7459352525398233,523948.0,483504.5,1.1262161682225182,0,165.92821590643828,0.007598880709923872,9,0,0,0.0,0.441959175723017,0.37078078450384405,0.292059460427555,0.38313072953339966,38.31307295333997,WASPADA
2023-10,461441,813745.0,15749.772727272728,56.036,37.72,-0.8940000000000055,57.295333333333325,2.56,11677825,45.16,0.2275189210386494,29.2059460427555,-0.09227697452542538,0.5117119419218723,497310.6666666667,491826.3333333333,0.48086847516955344,0,264.85823447712,0.025372649739823894,10,0,0,0.0,0.4764522926759531,0.5786582281058602,0.292059460427555,0.46101586524282573,46.101586524282574,WASPADA
2023-11,403154,749268.0,15589.318181818182,54.41,37.72,-1.6260000000000048,55.791999999999994,2.86,11677825,45.16,0.2275189210386494,29.2059460427555,-0.1263151735541489,0.4027724618821287,457648.3333333333,485772.8333333333,-0.37741776711459524,0,195.87254022719188,-0.010187737196785007,11,0,0,0.0,0.5320197927387793,0.3165835532885953,0.292059460427555,0.407398837825918,40.739883782591804,WASPADA
2023-12,481646,1204902.0,15496.142857142857,61.362,37.72,6.952000000000005,57.26933333333332,2.61,11677825,45.16,0.2275189210386494,29.2059460427555,0.1946948312555501,0.2766409737168545,448747.0,486347.5,0.5833124583663614,0,128.29355225845342,-0.005976869776382898,12,1,0,0.0,0.3261658449359585,0.24029309766796686,0.292059460427555,0.29187742462846017,29.187742462846018,AMAN
2024-01,420037,774529.0,15607.04347826087,54.248000000000005,37.72,-7.113999999999997,56.673333333333325,2.57,13902420,45.56,0.2275189210386494,29.2059460427555,-0.12791344680533,0.2659915306599152,434945.6666666667,466128.1666666667,-0.41495320246467726,0,59.57456815591578,0.007156659701733181,1,0,0,0.4000000000000057,0.5366103481495158,0.26894400637525506,0.292059460427555,0.3951727236867474,39.51727236867474,WASPADA
2024-02,455277,726744.0,15643.97619047619,51.0,37.72,-3.2480000000000047,55.53666666666666,2.75,13902420,45.56,0.2275189210386494,29.2059460427555,0.08389737094589278,0.40730425643720447,452320.0,454984.1666666667,-0.04848107907155112,0,76.93900987088348,0.002366413104875731,2,0,0,0.0,0.38903831758248525,0.27705763735860206,0.292059460427555,0.33119939922658775,33.11993992265877,WASPADA
2024-03,469227,612742.0,15697.190476190475,51.146,37.72,0.1460000000000008,52.13133333333332,3.05,13902420,45.56,0.2275189210386494,29.2059460427555,0.030640686878537604,0.2658034232994779,448180.3333333333,448463.6666666667,0.07440094276046676,0,45.317889533196414,0.0034015831439759836,3,0,0,0.0,0.4120806076365942,0.2485268159018383,0.292059460427555,0.33300918331390766,33.30091833139077,WASPADA
2024-04,503194,1124781.0,16082.122727272728,55.262,37.72,4.116,52.46933333333332,3.0,13902420,45.56,0.2275189210386494,29.2059460427555,0.07238927001216888,0.22279895992806975,475899.3333333333,455422.5,0.718807415398444,0,239.0874964781675,0.024522366067107226,4,0,0,0.0,0.3902169745864542,0.5504849102854057,0.292059460427555,0.41375797675641485,41.375797675641486,WASPADA
2024-05,544601,852253.0,16069.382608695652,63.424,37.72,8.161999999999999,56.61066666666665,2.84,13902420,45.56,0.2275189210386494,29.2059460427555,0.08228834207085134,0.23920814608339502,505674.0,478997.0,1.405144715319967,0,218.65579192054201,-0.0007921913539107317,5,0,0,0.0,0.3850328542455275,0.3648576557058409,0.292059460427555,0.35573694622912844,35.573694622912846,WASPADA
2024-06,520898,898335.0,16334.605,62.684000000000005,37.72,-0.7399999999999949,60.456666666666656,2.51,13902420,45.56,0.2275189210386494,29.2059460427555,-0.04352360719131987,0.08929355622566382,522897.6666666667,485539.0,0.766448556910359,0,149.58415998532413,0.016504827706375513,6,0,0,0.0,0.45092027090794035,0.3874444258707326,0.292059460427555,0.3921623147766817,39.21623147766817,WASPADA
2024-07,625665,926975.0,16238.478260869566,65.73799999999999,37.72,3.0539999999999807,63.94866666666666,2.13,13902420,45.56,0.2275189210386494,29.2059460427555,0.2011276679887426,0.15574311031803645,563721.3333333334,519810.3333333333,2.236047743278561,0,134.27372937906136,-0.005884852381213612,7,1,0,0.0,0.32279698373758453,0.2471454151673929,0.292059460427555,0.29241713233901967,29.24171323390197,AMAN
2024-08,616641,853713.0,15734.772727272728,67.87,37.72,2.132000000000019,65.43066666666665,2.12,13902420,45.56,0.2275189210386494,29.2059460427555,-0.014423053870681546,0.18098559584480056,587734.6666666666,546704.3333333334,1.6771384063612627,0,322.16930589264814,-0.03101925719299914,8,1,0,0.0,0.4356803807942581,0.3416859658542919,0.292059460427555,0.37157682622059246,37.15768262205925,WASPADA
2024-09,593909,856370.0,15318.48095238095,64.08,37.72,-3.7900000000000063,65.896,1.84,13902420,45.56,0.2275189210386494,29.2059460427555,-0.03686423705202868,0.1683072686141438,612071.6666666666,567484.6666666666,1.1593885157186514,0,460.6902708696991,-0.02645680252948479,9,0,0,0.0,0.4474327747070637,0.4,0.292059460427555,0.3943596137250674,39.43596137250674,WASPADA
2024-10,559911,828647.0,15557.608695652174,62.138,37.72,-1.9420000000000002,64.69599999999998,1.71,13902420,45.56,0.2275189210386494,29.2059460427555,-0.05724446000986683,0.2133967289425951,590153.6666666666,576937.5,0.5913476874939315,0,208.9130654696985,0.01561040836977079,10,0,0,0.0,0.45810584868430393,0.44541143827946283,0.292059460427555,0.4127859284986644,41.27859284986644,WASPADA
2024-11,472900,724560.0,15813.09523809524,58.208000000000006,37.72,-3.9299999999999926,61.47533333333333,1.55,13902420,45.56,0.2275189210386494,29.2059460427555,-0.15540148345004834,0.17300088799813462,542240.0,564987.3333333334,-0.7366767549823257,0,247.35222612139265,0.01642196737564605,11,0,0,0.0,0.5831781223917946,0.49963604461438493,0.292059460427555,0.4853358335675118,48.53358335675118,WASPADA
2024-12,551100,941137.0,16035.681818181818,61.89799999999999,37.72,3.6899999999999835,60.74799999999999,1.57,13902420,45.56,0.2275189210386494,29.2059460427555,0.16536265595263266,0.14420134289498932,527970.3333333334,570021.0,0.35425385720215713,0,239.22516223858398,0.014076091791969114,12,1,0,0.0,0.34152703492730824,0.46905816881119505,0.292059460427555,0.36741948146753595,36.74194814675359,WASPADA
