month,wisman,tpk_bintang,inflasi_processed,usd_idr_avg,avg_sentiment_monthly,bali_share_pct,wisman_zscore,wisman_growth_mom,wisman_growth_yoy,crisis_score_100,crisis_level,rf_predicted_level,rf_confidence,prob_aman,prob_waspada,prob_siaga,prob_krisis,iso_anomaly,iso_score,gdelt_crisis_score,economic_risk_score,disaster_risk_score,external_risk_avg,physical_risk_score,media_risk_score,tourist_perception_score,external_risk_score,wisman_recovery_pct,pct_negative_monthly,usd_volatility_3m
2009-01,174541,47.254,9.17,9275.357142857143,0.3105777373502177,37.72,0.0,0.0,0.0,34.13793194090209,WASPADA,WASPADA,0.7639576461896495,0.10003590647564406,0.7639576461896495,0.13600644733470577,0.0,0,0.035535441217512787,0.0753966650656452,0.5205591919771302,0.089348567062079,0.3679444935440852,0.089348567062079,0.0753966650656452,0.6535163710243083,0.3679444935440852,34.82,25.10700909577314,0.0
2009-02,147704,44.21,8.6,9275.357142857143,0.3105777373502177,37.72,0.0,-0.15375756985464728,0.0,42.67823366410439,WASPADA,WASPADA,0.6653332878600501,0.07165743232658146,0.6653332878600501,0.25137082551545126,0.0116384542979166,0,0.04728777040417087,0.0971967121585549,0.5205591919771302,0.0927016473135443,0.3622665915050002,0.0927016473135443,0.0971967121585549,0.6295840032739508,0.3622665915050002,29.47,25.10700909577314,0.0
2009-03,168205,48.35,7.92,9275.357142857143,0.3105777373502177,37.72,0.0,0.13879786600227484,0.0,26.624901422994547,AMAN,AMAN,0.6842614010950766,0.6842614010950766,0.24192699289397263,0.07381160601095156,0.0,0,0.07379080751114586,0.3219804669306175,0.5205591919771302,0.0370397911317429,0.3954403340085983,0.0370397911317429,0.3219804669306175,0.6113705389860165,0.3954403340085983,33.56,25.10700909577314,0.0
2009-04,188776,53.426,7.31,9275.357142857143,0.3105777373502177,37.72,0.0,0.12229719687286345,0.0,27.001146618033587,AMAN,AMAN,0.8656558986419403,0.8656558986419403,0.11889135738095043,0.015452743977109433,0.0,0,0.0774492875809033,0.1950175081498602,0.5205591919771302,0.0263238092142292,0.3608030318544819,0.0263238092142292,0.1950175081498602,0.6109354050269191,0.3608030318544819,37.66,25.10700909577314,0.0
2009-05,190803,55.382000000000005,6.04,9275.357142857143,-0.6684309840202332,37.72,0.0,0.010737593761918962,0.0,35.22866967718821,WASPADA,WASPADA,0.8363621273785338,0.13659887325535208,0.8363621273785338,0.022023082048945288,0.005015917317168898,0,0.026638402420108453,0.0394479697439374,0.5205591919771302,0.0337001865927551,0.3114155857575133,0.0337001865927551,0.0394479697439374,0.5862570933466804,0.3114155857575133,38.07,100.0,0.0
2009-06,200566,57.374,3.65,9275.357142857143,0.3105777373502177,37.72,0.0,0.051167958575074834,0.0,30.41632759536442,WASPADA,WASPADA,0.8744090260828282,0.10968900904817724,0.8744090260828282,0.015901964868994575,0.0,0,0.10895272557263119,0.0758848894710881,0.5205591919771302,0.0210859450161951,0.3063996633264906,0.0210859450161951,0.0758848894710881,0.5643139094093397,0.3063996633264906,40.02,25.10700909577314,0.0
2009-07,235198,57.52,2.71,9275.357142857143,0.3105777373502177,37.72,0.0,0.17267134010749574,0.0,23.893495771176777,AMAN,AMAN,0.8492919489483739,0.8492919489483739,0.12546249025940212,0.02524556079222405,0.0,0,0.05339421016398116,0.0940315602664158,0.5205591919771302,0.0359002071081429,0.3101331519719434,0.0359002071081429,0.0940315602664158,0.5553004202566076,0.3101331519719434,46.93,25.10700909577314,0.0
2009-08,232255,64.154,2.75,9275.357142857143,0.3105777373502177,37.72,0.0,-0.012512861503924388,0.0,33.56473998531938,WASPADA,WASPADA,0.8133435176176046,0.16559117933266906,0.8133435176176046,0.019045101029524305,0.00202020202020202,0,0.07671124930689788,0.0836260714468498,0.5205591919771302,0.0302999213301042,0.3175073532532317,0.0302999213301042,0.0836260714468498,0.5780517101179864,0.3175073532532317,46.34,25.10700909577314,0.0
2009-09,218443,61.96,2.83,9275.357142857143,0.0,37.72,0.0,-0.05946911799530685,0.0,36.856358795344555,WASPADA,WASPADA,0.8674300371661083,0.0355830484247418,0.8674300371661083,0.08947099709198084,0.007515917317168898,0,0.08193664294282987,0.1033561567391636,0.5205591919771302,0.0463945967937614,0.3427499859112988,0.0463945967937614,0.1033561567391636,0.6106245950561352,0.3427499859112988,43.58,0.0,0.0
2009-10,221282,59.21999999999999,2.57,9275.357142857143,0.4701136350631714,37.72,0.0,0.01299652540937446,0.0,31.877510255583392,WASPADA,WASPADA,0.8692783842854046,0.04515054521983916,0.8692783842854046,0.08557107049475618,0.0,0,0.09282559739359691,0.0191961925103701,0.5205591919771302,0.0379068755375418,0.3187333371203899,0.0379068755375418,0.0191961925103701,0.6089151402168239,0.3187333371203899,44.15,0.0,0.0
2009-11,184803,49.444,2.41,9275.357142857143,0.3105777373502177,37.72,0.0,-0.16485299301343992,0.0,42.780317752906086,WASPADA,WASPADA,0.6103169898116503,0.058636537208196865,0.6103169898116503,0.305550426363986,0.025496046616166702,0,0.0014166189493823866,0.014094458232939,0.5205591919771302,0.1970487917750699,0.3506386707312571,0.1970487917750699,0.014094458232939,0.5957057164585098,0.3506386707312571,36.87,25.10700909577314,0.0
2009-12,222546,54.580000000000005,2.78,9275.357142857143,-0.4972420036792755,37.72,0.8608478672854406,0.2042336975049106,0.0,24.51643259700838,AMAN,AMAN,0.8057525245229407,0.8057525245229407,0.1319962152942387,0.05964256453064701,0.002608695652173913,1,-0.016260287786065142,0.120252554042335,0.5205591919771302,0.1269910008310394,0.3753596504721835,0.1269910008310394,0.120252554042335,0.6270975235076799,0.3753596504721835,44.4,100.0,0.0
2010-01,179273,49.938,3.72,9275.357142857143,0.3965566158294678,36.79,-0.7286539176670189,-0.19444519335328425,0.027111108564749742,49.565957572883,SIAGA,SIAGA,0.7050300318310205,0.013807044133873502,0.2625230871189862,0.7050300318310205,0.01863983691611999,0,0.03235575397306473,0.1066857869704213,0.0123869783469557,0.1653241942909732,0.2233961255861803,0.1653241942909732,0.1066857869704213,0.3107872605416634,0.2233961255861803,35.77,0.0,0.0
2010-02,191926,53.016,3.81,9336.725,0.3105777373502177,36.79,-0.4911437957398073,0.07057950723198703,0.29939608947624974,35.00124933655697,WASPADA,WASPADA,0.8173537686052005,0.02448635774458943,0.8173537686052005,0.15600547508647575,0.0021543985637342907,0,0.05440956185845397,0.0757734370372237,0.0123869783469557,0.184744853185574,0.2296454754690374,0.184744853185574,0.0757734370372237,0.32903180582667607,0.2296454754690374,38.29,25.10700909577314,35.43074884101887
2010-03,192579,55.53800000000001,3.43,9166.804347826086,0.3105777373502177,36.79,-0.6225898849907916,0.003402352990214963,0.1449065128860616,37.477402136676154,WASPADA,WASPADA,0.8539439541683841,0.03095825167671973,0.8539439541683841,0.11062231241901423,0.004475481735881293,0,0.09704258255136611,0.0767107610852589,0.0123869783469557,0.1175154216335545,0.2001738348055111,0.1175154216335545,0.0767107610852589,0.3032345782516155,0.2001738348055111,38.42,25.10700909577314,86.0452896585753
2010-04,184907,56.62400000000001,3.91,9027.818181818182,0.3105777373502177,36.79,-0.9791888202010125,-0.03983819627269847,-0.020495190066533886,44.18046871994512,WASPADA,WASPADA,0.697579376562736,0.02165272094897474,0.697579376562736,0.2621358516574829,0.018632050830805706,0,0.06543794847214074,0.2035590273206973,0.0123869783469557,0.1500041910002841,0.2367445890128225,0.1500041910002841,0.2035590273206973,0.29670756886515437,0.2367445890128225,36.89,25.10700909577314,154.71134665132567
2010-05,203388,59.136,4.16,9167.333333333334,0.3105777373502177,36.79,-0.1127207154215745,0.09994754119638527,0.06595808242008783,31.98009514067869,WASPADA,WASPADA,0.5769191125089382,0.3922040076825911,0.5769191125089382,0.030876879808470287,0.0,0,0.10066283308953894,0.0557315428077711,0.0123869783469557,0.1773796714090252,0.1927228417941984,0.1773796714090252,0.0557315428077711,0.26889007647999874,0.1927228417941984,40.58,25.10700909577314,80.39684039141918
2010-06,228045,58.828,5.05,9137.431818181818,0.4073807299137115,36.79,0.9813969442656519,0.12123134108206979,0.13700726942752017,27.423245363664485,AMAN,AMAN,0.8825097261154209,0.8825097261154209,0.11172456570734375,0.005765708177235442,0.0,0,0.10245330784330287,0.0751592972889079,0.0123869783469557,0.1422397026847601,0.1992069222546757,0.1422397026847601,0.0751592972889079,0.28971434452251743,0.1992069222546757,45.5,0.0,73.45489249363908
2010-07,254907,68.034,6.22,9040.818181818182,0.3105777373502177,36.79,1.931166574248771,0.117792540945866,0.08379748127109932,26.711855490163895,AMAN,AMAN,0.923856393090317,0.923856393090317,0.07073168840177747,0.005411918507905574,0.0,0,0.04166150224898524,0.077563330265661,0.0123869783469557,0.1593777572176062,0.196089087384391,0.1593777572176062,0.077563330265661,0.2737076310271485,0.196089087384391,50.86,25.10700909577314,66.12409911505286
2010-08,243154,61.176,6.44,8971.977272727272,0.3105777373502177,36.79,1.3278426161853523,-0.046107011576771106,0.04692686917396838,36.202536864358194,WASPADA,WASPADA,0.822338430182826,0.1262189828684524,0.822338430182826,0.05144258694872123,0.0,0,0.070849468851087,0.0775931107244978,0.0123869783469557,0.1250331284389611,0.165955703830578,0.1250331284389611,0.0775931107244978,0.23059828807942664,0.165955703830578,48.51,25.10700909577314,83.11485237052199
2010-09,240947,63.648,5.8,8979.704545454546,0.3105777373502177,36.79,1.0964331266615142,-0.009076552308413643,0.10302000979660608,34.254282873975306,WASPADA,WASPADA,0.9130418643569883,0.06300187666466643,0.9130418643569883,0.023956258978345298,0.0,0,0.09489077843780602,0.0678441090807799,0.0123869783469557,0.1819543919976921,0.2094824673263637,0.1819543919976921,0.0678441090807799,0.29406568411349154,0.2094824673263637,48.07,25.10700909577314,37.71307920306024
2010-10,229904,57.33,5.67,8927.857142857143,0.3105777373502177,36.79,0.6366836023961583,-0.045831655924331915,0.03896385607505359,35.49829251812252,WASPADA,WASPADA,0.856550421478646,0.06555854470462949,0.856550421478646,0.0778910338167242,0.0,0,0.09390600707672764,0.0774757512931985,0.0123869783469557,0.1366254379443316,0.2089810895743709,0.1366254379443316,0.0774757512931985,0.3109115845299769,0.2089810895743709,45.87,25.10700909577314,27.97156222447235
2010-11,199861,60.178,6.33,8941.90909090909,0.3105777373502177,36.79,-0.5684915339444989,-0.13067628227434058,0.0814813612333134,44.88356253260452,WASPADA,WASPADA,0.6127648345390875,0.036941793621343984,0.6127648345390875,0.33675838704942707,0.013534984790141247,0,0.06257585789628589,0.0261814558425226,0.0123869783469557,0.1349709678305538,0.1943918748103477,0.1349709678305538,0.0261814558425226,0.30820753778415727,0.1943918748103477,39.88,25.10700909577314,26.814507219226023
2010-12,227251,61.236,6.96,9022.58695652174,0.3105777373502177,36.79,0.4920767854153339,0.13704524644628013,0.021141696548129474,27.677591644773653,AMAN,AMAN,0.8068922017288348,0.8068922017288348,0.1691751395865828,0.019135521419009885,0.004797137265572477,0,0.046014185544352104,0.0426566620537423,0.0123869783469557,0.0913658575960993,0.1999640951431976,0.0913658575960993,0.0426566620537423,0.3329169304614744,0.1999640951431976,45.34,25.10700909577314,51.12095597829003
2011-01,209093,59.072,7.02,9034.92857142857,0.8880601525306702,36.95,-0.3489388204778701,-0.07990283871138082,0.16633848934306905,39.64674049629365,WASPADA,WASPADA,0.8236299723896854,0.047564027142127485,0.8236299723896854,0.1288060004681868,0.0,1,-0.0029569710021819517,0.3112764958685816,0.2024484325926596,0.1065849012967505,0.2685230967756078,0.1065849012967505,0.3112764958685816,0.32811549496854964,0.2685230967756078,41.72,0.0,50.52038732769451
2011-02,207195,63.48,6.84,8916.7,0.4975275993347168,36.95,-0.5107918283297154,-0.00907730053134248,0.07955670414638982,36.5499758417608,WASPADA,WASPADA,0.8821453471778788,0.05063619771864458,0.8821453471778788,0.06584072835261535,0.0013777267508610794,0,0.07035227815137907,0.093771617383568,0.2024484325926596,0.1018396622419667,0.2346706438499113,0.1018396622419667,0.093771617383568,0.3715356478870553,0.2346706438499113,41.34,0.0,64.99020198203341
2011-03,207907,64.038,6.65,8759.347826086956,0.3105777373502177,36.95,-0.568147289996011,0.0034363763604334796,0.07959330975859258,37.7979039937021,WASPADA,WASPADA,0.8536447778666876,0.05586388208948255,0.8536447778666876,0.08724809680058632,0.0032432432432432435,0,0.06587016222229952,0.0555907303782043,0.2024484325926596,0.0990287795312694,0.2248889163770718,0.0990287795312694,0.0555907303782043,0.3724680777994068,0.2248889163770718,41.48,25.10700909577314,138.25245563838104
2011-04,224704,65.416,6.16,8648.02380952381,0.3105777373502177,36.95,0.09479789430203957,0.08079093056029851,0.21522711417090745,29.907670513726604,AMAN,AMAN,0.5291243290642258,0.5291243290642258,0.45059246965761457,0.017291075293907904,0.0029921259842519685,0,0.07616975221381556,0.1131227178453484,0.2024484325926596,0.020598821678156,0.200316503099284,0.020598821678156,0.1131227178453484,0.33377223643681586,0.200316503099284,44.83,25.10700909577314,134.99360393967652
2011-05,209058,62.596,5.98,8558.045454545454,0.906793773174286,36.95,-0.8418550776948955,-0.06962937909427513,0.02787775089975808,42.333439180480454,WASPADA,WASPADA,0.7077508768550816,0.02964075080706474,0.7077508768550816,0.2590762470232578,0.00353212531459537,0,0.04805378087292855,0.0342990925085833,0.2024484325926596,0.0832826037444669,0.2108585299114336,0.0832826037444669,0.0342990925085833,0.3629262116963422,0.2108585299114336,41.71,0.0,100.83962995488153
2011-06,245652,71.612,5.54,8563.727272727272,0.3105777373502177,36.95,1.1304184776509745,0.17504233274976322,0.07720844570150631,24.638659265075237,AMAN,AMAN,0.8630487654942041,0.8630487654942041,0.1291795901200332,0.0077716443857628915,0.0,0,0.057927843886358965,0.0473162366976156,0.2024484325926596,0.0270832581302484,0.1817562722759675,0.0270832581302484,0.0473162366976156,0.32631279713800315,0.1817562722759675,49.01,25.10700909577314,50.38897620575478
2011-07,283524,69.538,4.61,8529.238095238095,0.3105777373502177,36.95,2.37621877929605,0.15416931268623912,0.11226447292541986,24.523013016936126,AMAN,AMAN,0.8746043431439043,0.8746043431439043,0.11270900508388117,0.012686651772214879,0.0,0,0.0072714040864889085,0.0453158919528217,0.2024484325926596,0.0402751279810184,0.1797365990053117,0.0402751279810184,0.0453158919528217,0.31667768804370344,0.1797365990053117,56.57,25.10700909577314,18.49166646550738
2011-08,258377,63.662,4.79,8525.847826086956,0.5347232222557068,36.95,1.193215968178324,-0.08869443151197076,0.06260641404212963,37.453087339500456,WASPADA,WASPADA,0.8678174843579534,0.06842667775120853,0.8678174843579534,0.0614481455831458,0.0023076923076923075,0,0.0640022387066671,0.0713429935191172,0.2024484325926596,0.0350682163961388,0.188671366150072,0.0350682163961388,0.0713429935191172,0.32413712734251615,0.188671366150072,51.55,0.0,20.959682593848903
2011-09,258440,60.60600000000001,4.61,8724.75,0.2052076905965805,36.95,1.0823673681744235,0.00024382975264836126,0.07260102844193961,38.29590926550023,WASPADA,WASPADA,0.8810468247127416,0.05161591280332493,0.8810468247127416,0.06733726248393311,0.0,0,0.08978870019112878,0.1059813178686348,0.2024484325926596,0.0295762141455625,0.1996876663242137,0.0295762141455625,0.1059813178686348,0.33159656664132886,0.1996876663242137,51.56,0.0,113.87015530558669
2011-10,247565,67.46,4.42,8864.47619047619,0.3105777373502177,36.95,0.6001296331959168,-0.04207939947376571,0.07681902011274278,40.633637126024304,WASPADA,WASPADA,0.8697001825211625,0.07902925440389931,0.8697001825211625,0.05127056307493751,0.0,0,0.08110329842579828,0.0751387799741754,0.2024484325926596,0.0346883171057951,0.2229684907975943,0.0346883171057951,0.0751387799741754,0.3910234330552035,0.2229684907975943,49.39,25.10700909577314,170.17376034574727
2011-11,221603,58.25599999999999,4.15,8998.181818181818,-0.5229447484016418,36.95,-0.4700480142652736,-0.10486942823096967,0.10878560599616738,48.95824773564956,SIAGA,SIAGA,0.6405295869809039,0.00941684646240907,0.3125484100745183,0.6405295869809039,0.03750515648216868,0,0.012043536156776835,0.0488767490108039,0.2024484325926596,0.0497799907272064,0.2161819933375316,0.0497799907272064,0.0488767490108039,0.38303561680605813,0.2161819933375316,44.21,100.0,136.72695563260626
2011-12,253591,62.044,3.79,9053.068181818182,0.3105777373502177,36.95,0.70478487773296,0.14434822633267608,0.11590708071691647,27.917791801436532,AMAN,AMAN,0.8831491889038531,0.8831491889038531,0.10490247242414931,0.011948338671997889,0.0,0,0.07848602723370607,0.0187286898492627,0.2024484325926596,0.0674401175726559,0.2073877282917032,0.0674401175726559,0.0187286898492627,0.3716910528724472,0.2073877282917032,50.6,25.10700909577314,97.0022740212074
2012-01,253286,59.65400000000001,3.65,9054.545454545454,0.3105777373502177,36.66,0.5711246623025147,-0.001202724071437844,0.21135571252983132,33.66559886461054,WASPADA,WASPADA,0.852691780875343,0.07090378326542589,0.852691780875343,0.07366783380677981,0.002736602052451539,0,0.03769305486598473,0.0674201963512733,0.2009354752474195,0.1644962631706797,0.2274396884850328,0.1644962631706797,0.0674201963512733,0.3389211472090893,0.2274396884850328,50.54,25.10700909577314,32.12360179073025
2012-02,225993,56.338,3.56,8997.619047619048,0.3105777373502177,36.66,-0.6468387042648114,-0.10775565961008504,0.09072612756099319,43.80034456691971,WASPADA,WASPADA,0.6167383698673725,0.006485148923149561,0.6167383698673725,0.36231439431825785,0.01446208689121962,0,0.08777007125794078,0.1215839198597854,0.2009354752474195,0.0557556158941209,0.2153495073969405,0.0557556158941209,0.1215839198597854,0.3420292469169278,0.2153495073969405,45.09,25.10700909577314,32.448432483160865
2012-03,230957,57.65599999999999,3.97,9141.65909090909,0.3105777373502177,36.66,-0.567050698422884,0.021965282110507856,0.11086687797909645,39.61103729953732,WASPADA,WASPADA,0.8372255873281177,0.015640778717110043,0.8372255873281177,0.1403592181842699,0.006774415770502286,0,0.09195372428746018,0.1183092874043264,0.2009354752474195,0.1466364810986722,0.2381834954965652,0.1466364810986722,0.1183092874043264,0.3438941067416311,0.2381834954965652,46.08,25.10700909577314,72.54531401938998
2012-04,225488,59.128,4.5,9162.90476190476,0.5890141576528549,36.66,-0.8360787699034962,-0.02367973259091516,0.003489034463115992,41.98275306260222,WASPADA,WASPADA,0.7575994872170898,0.02077520356600595,0.7575994872170898,0.21599391340979834,0.005631395807105286,0,0.09641465860368853,0.0946905379413408,0.2009354752474195,0.0188409483416095,0.2033758626552349,0.0188409483416095,0.0946905379413408,0.3499859821689948,0.2033758626552349,44.99,0.0,89.92430145588685
2012-05,220700,57.928,4.45,9252.673913043478,0.3105777373502177,36.66,-1.201745532344945,-0.021233945930603793,0.05568789522524842,45.63374056140441,SIAGA,SIAGA,0.5925763137953023,0.0158265694448415,0.3789463232097645,0.5925763137953023,0.012650793550091993,0,0.09676780852466671,0.0420671531930411,0.2009354752474195,0.0344711842599796,0.1770951890487969,0.0344711842599796,0.0420671531930411,0.31592120937108337,0.1770951890487969,44.03,25.10700909577314,58.926747981042105
2012-06,244080,64.466,4.53,9405.833333333334,-0.5900372266769409,36.66,0.02326597971741605,0.10593565926597193,-0.00639929656587368,34.01256508353121,WASPADA,WASPADA,0.5648718040681732,0.40011246662201433,0.5648718040681732,0.032407033657637745,0.002608695652173913,1,-1.39599798457124e-05,0.1732954304723321,0.2009354752474195,0.025237624148338,0.2145093901906501,0.025237624148338,0.1732954304723321,0.32975225307096534,0.2145093901906501,48.7,100.0,122.83498370848692
2012-07,271512,58.448,4.56,9432.272727272728,0.3105777373502177,36.66,1.6873578281374373,0.11238938053097347,-0.042366783764337446,29.395270545930437,AMAN,AMAN,0.8705621821602324,0.8705621821602324,0.09566384976869705,0.032324692708751816,0.0014492753623188404,0,0.07572559817509722,0.0523829738633374,0.2009354752474195,0.0359443700579899,0.1768721789638781,0.0359443700579899,0.0523829738633374,0.3095806859670926,0.1768721789638781,54.17,25.10700909577314,96.96441241328102
2012-08,254079,56.272000000000006,4.58,9492.217391304348,0.3105777373502177,36.66,0.7027443216668251,-0.06420710686820474,-0.016634607569559257,38.368984736111514,WASPADA,WASPADA,0.8562427503355314,0.07320271797916866,0.8562427503355314,0.06895666217797619,0.0015978695073235684,0,0.06156072894115844,0.0977532135665426,0.2009354752474195,0.0260656451227193,0.1656045715490674,0.0260656451227193,0.0977532135665426,0.26929971375350403,0.1656045715490674,50.69,25.10700909577314,44.2617400042725
2012-09,257363,62.208000000000006,4.31,9553.55,0.3105777373502177,36.66,0.908544291542619,0.012925113842545022,-0.004167311561677711,34.22591334181544,WASPADA,WASPADA,0.8916855461882259,0.07173545160227932,0.8916855461882259,0.03506193520570186,0.0015170670037926678,0,0.08300364540121125,0.1768103414682827,0.2009354752474195,0.0358542692689337,0.1990051685092751,0.0358542692689337,0.1768103414682827,0.2916780316499421,0.1990051685092751,51.35,25.10700909577314,60.63996003102586
2012-10,255021,65.378,4.61,9593.304347826086,0.3105777373502177,36.66,0.7160255426849228,-0.009099987177644042,0.0301173429200412,34.92694368133783,WASPADA,WASPADA,0.8643447235090741,0.08966155348005071,0.8643447235090741,0.04599372301087524,0.0,0,0.1001612199192441,0.0506770815892083,0.2009354752474195,0.0173706376700074,0.1825096762918542,0.0173706376700074,0.0506770815892083,0.33099549295410075,0.1825096762918542,50.88,25.10700909577314,50.92587724536024
2012-11,242781,60.172,4.32,9617.363636363636,-0.6587278246879578,36.66,-0.11394666355303867,-0.04799604738433305,0.09556729827664778,39.69468220440055,WASPADA,WASPADA,0.8693020062051414,0.03393372296608322,0.8693020062051414,0.08882714915542453,0.007937121673350834,0,0.0215157879210105,0.1546033762498767,0.2009354752474195,0.0167415805038489,0.2344420232113262,0.0167415805038489,0.1546033762498767,0.3832115680457897,0.2344420232113262,48.44,100.0,32.226897983656364
2012-12,268072,62.288,4.3,9635.52380952381,0.3105777373502177,36.66,1.313758693323249,0.10417207277340479,0.05710376156882546,27.957565238564197,AMAN,AMAN,0.758019899794516,0.758019899794516,0.2181451160163195,0.020913779832982884,0.0029212043561819352,0,0.06319362257352973,0.1923341642152226,0.2009354752474195,0.1073118402112774,0.2482261183488895,0.1073118402112774,0.1923341642152226,0.34662923448452915,0.2482261183488895,53.49,25.10700909577314,21.17830729825452
2013-01,232935,54.758,4.57,9651.934782608696,0.3105777373502177,37.25,-0.6493098875382333,-0.13107299531469152,-0.08034790710895978,45.847699328175096,SIAGA,SIAGA,0.736364150684253,0.0026352139043031367,0.22536308390597257,0.736364150684253,0.03563755150547202,0,0.004258150770963476,0.2217493561466521,0.228276363809875,0.1499843972871858,0.2546988679694723,0.1499843972871858,0.2217493561466521,0.3235308592220258,0.2546988679694723,46.47,25.10700909577314,17.292946921723008
2013-02,241868,54.848,5.31,9680.375,0.3105777373502177,37.25,-0.21787362757306164,0.03834975422328113,0.07024553857862847,33.789887777700365,WASPADA,WASPADA,0.9430074048750826,0.01926764147433439,0.9430074048750826,0.03772495365058301,0.0,0,0.1070600536796143,0.1410010743982419,0.228276363809875,0.0976879746896045,0.2215930968683664,0.0976879746896045,0.1410010743982419,0.32384166919280977,0.2215930968683664,48.26,25.10700909577314,22.69285970635524
2013-03,252210,58.432,5.9,9708.547619047618,0.3105777373502177,37.25,0.32142223390671065,0.042758860204739735,0.09202145853990129,31.67649668540119,WASPADA,WASPADA,0.8757453864433573,0.10184794276637096,0.8757453864433573,0.022406670790271407,0.0,0,0.1037552830831251,0.165267541478933,0.228276363809875,0.0634325429535232,0.2000898259910856,0.0634325429535232,0.165267541478933,0.28582960976594324,0.2000898259910856,50.32,25.10700909577314,28.306523626332655
2013-04,242369,56.584,5.57,9722.613636363636,0.0,37.25,-0.4366476843244766,-0.03901907140874672,0.07486429433051867,39.9754671013305,WASPADA,WASPADA,0.7286971301332185,0.0186912370841061,0.7286971301332185,0.24090462848673586,0.011707004295939424,0,0.09427971840528132,0.1908376214252218,0.228276363809875,0.0356797460579187,0.2006009006544219,0.0356797460579187,0.1908376214252218,0.2879431175672736,0.2006009006544219,48.36,0.0,21.50833834010588
2013-05,247972,60.202,5.47,9756.5,0.7853827476501465,37.25,-0.2566323668966051,0.02311764293288343,0.12357045763479846,33.29960360096114,WASPADA,WASPADA,0.9317439861373625,0.02465759208691255,0.9317439861373625,0.04359842177572508,0.0,0,0.06833145712517569,0.2108000134151232,0.228276363809875,0.0617311770876186,0.2084523392526118,0.0617311770876186,0.2108000134151232,0.28063908325385273,0.2084523392526118,49.48,0.0,24.649439894067882
2013-06,275667,61.026,5.9,9871.125,0.8660472631454468,37.25,1.6988437692095468,0.11168599680609104,0.12941248770894798,28.538142970578416,AMAN,AMAN,0.7778557303090639,0.7778557303090639,0.205028137176863,0.0171161325140737,0.0,0,0.05306992471949962,0.1698901275787087,0.228276363809875,0.0574882309953454,0.1845297059580758,0.0574882309953454,0.1698901275787087,0.2553702326291247,0.1845297059580758,55.0,0.0,77.82758871862733
2013-07,297878,61.4,8.61,10071.217391304348,0.3466094732284546,37.25,2.3781293429512647,0.0805718493689851,0.09710804678982887,34.24497302017501,WASPADA,WASPADA,0.8300990447394918,0.15201481751424356,0.8300990447394918,0.017886137746264377,0.0,0,0.0354792828522657,0.1730138387421829,0.228276363809875,0.0293721065901892,0.1730444546399473,0.0293721065901892,0.1730138387421829,0.24489593661370856,0.1730444546399473,59.43,0.0,159.28114141991998
2013-08,309219,61.794,8.79,10532.5,0.3105777373502177,37.25,2.0828870857290553,0.038072633762815666,0.217019116101685,41.316235736274876,WASPADA,WASPADA,0.8704564220658938,0.0843443726036005,0.8704564220658938,0.04201738714868715,0.003181818181818182,0,0.007088029135056462,0.1547873745070759,0.228276363809875,0.0259644790322094,0.1569129876996323,0.0259644790322094,0.1547873745070759,0.223450048629622,0.1569129876996323,61.69,25.10700909577314,339.17436537564
2013-09,305629,61.82000000000001,8.4,11327.261904761905,0.3105777373502177,37.25,1.539535593681778,-0.011609894605441484,0.1875405555577141,44.755964300314865,WASPADA,WASPADA,0.8728627669997027,0.04432712216257445,0.8728627669997027,0.07006740424621702,0.012742706591505646,1,-0.0009910578261470016,0.2659244075214836,0.228276363809875,0.0290971537969632,0.214867497382037,0.0290971537969632,0.2659244075214836,0.28222421410485055,0.214867497382037,60.98,25.10700909577314,635.3576355266963
2013-10,266562,59.34599999999999,8.32,11344.760869565218,0.2240873128175735,37.25,0.04865569220618425,-0.1278249119029935,0.04525509663910032,48.174415177167816,SIAGA,SIAGA,0.573890627514431,0.030972074939868442,0.36166768968640733,0.573890627514431,0.03346960785929369,0,0.05850220543772611,0.17816831673755,0.228276363809875,0.0266329151877699,0.1850705427144912,0.0266329151877699,0.17816831673755,0.26774046946632246,0.1850705427144912,53.18,0.0,463.9900177188653
2013-11,307276,59.228,8.37,11610.833333333334,0.2789121717214584,37.25,1.2992334287682732,0.15273744944890866,0.2656509364406605,30.99425897887575,WASPADA,WASPADA,0.6292877587770624,0.31543572710161427,0.6292877587770624,0.05527651412132299,0.0,0,0.06648565490833491,0.1617508465094908,0.228276363809875,0.0865628349836752,0.2067493015911919,0.0865628349836752,0.1617508465094908,0.2893417624358009,0.2067493015911919,61.31,50.0,158.9095785064196
2013-12,299013,60.854,8.38,12086.25,0.6383098512887955,37.25,0.8793657062090043,-0.026891133703901393,0.11542048404906136,44.75298925148151,WASPADA,WASPADA,0.8133845095516079,0.07514631109081012,0.8133845095516079,0.10885194925943537,0.0026172300981461283,1,-0.004651333469630259,0.1607040060127377,0.228276363809875,0.1477636801978228,0.194545308831335,0.1477636801978228,0.1607040060127377,0.2348567745573898,0.194545308831335,59.66,0.0,375.63761203954687
2014-01,279257,55.478,8.22,12157.782608695652,-0.0551585555076599,39.92,0.08240207183189793,-0.06607070595592834,0.1988623435722412,44.798248630326434,WASPADA,WASPADA,0.790320014900982,0.0324561828756179,0.790320014900982,0.1664806121789584,0.010743190044441624,1,-0.02664606096658728,0.2108226953681209,0.1981141710116517,0.1094914534312634,0.2320500463231201,0.1094914534312634,0.2108226953681209,0.3039430182465482,0.2320500463231201,55.72,50.0,297.29094359740327
2014-02,275795,56.078,7.75,11917.7,0.2556949555873871,39.92,-0.17078300821065742,-0.012397182523625205,0.14027072618122283,35.627808879189125,WASPADA,WASPADA,0.918392150926213,0.022742230993833407,0.918392150926213,0.058865618079953635,0.0,0,0.07357632608134879,0.1956167602908106,0.1981141710116517,0.0838883848458205,0.2439930058257821,0.0838883848458205,0.1956167602908106,0.34823343908324866,0.2439930058257821,55.03,0.0,123.26507724175335
2014-03,276573,54.996,7.32,11416.40476190476,0.6520368158817291,39.92,-0.23841820885931858,0.002820935840026184,0.09659807303437606,39.41787723535721,WASPADA,WASPADA,0.8421262797307969,0.02574723321683105,0.8421262797307969,0.10829170768571234,0.02383477936665971,0,0.017215171587079248,0.1867445660201732,0.1981141710116517,0.0749075410881709,0.2434925734462046,0.0749075410881709,0.1867445660201732,0.35615909333823714,0.2434925734462046,55.18,0.0,378.28069085600794
2014-04,280096,60.17,7.25,11431.09090909091,0.5362119674682617,39.92,-0.2652247077659698,0.012738047459441182,0.155659345873441,39.83214421512215,WASPADA,WASPADA,0.8629172172519662,0.029321909342787836,0.8629172172519662,0.10110383270970164,0.006657040695544173,0,0.0735007057634875,0.2280058604004746,0.1981141710116517,0.0256063468063532,0.2164623958227245,0.0256063468063532,0.2280058604004746,0.3061186880420352,0.2164623958227245,55.88,0.0,285.277936409148
2014-05,286033,58.596,7.32,11535.795454545454,0.3105477293332417,39.92,-0.15056052456158053,0.02119630412430018,0.153489103608472,35.466607061338465,WASPADA,WASPADA,0.9450548847161389,0.02837411428031663,0.9450548847161389,0.026571001003544634,0.0,0,0.09522405805989365,0.222313350779505,0.1981141710116517,0.0181084411657283,0.2007323931759713,0.0181084411657283,0.222313350779505,0.28125389037932613,0.2007323931759713,57.07,33.33333333333333,65.1061469792807
2014-06,330396,61.10999999999999,6.7,11892.166666666666,0.2216494480768839,39.92,2.0347998879131675,0.15509748875129792,0.19853301265657475,33.19515450074083,WASPADA,WASPADA,0.5665050541456799,0.4119701717157018,0.5665050541456799,0.018342955956799505,0.003181818181818182,0,0.056877693015656094,0.1534857621672875,0.1981141710116517,0.0249461911187141,0.1937822077077197,0.0249461911187141,0.1534857621672875,0.2983484387724387,0.1937822077077197,65.92,0.0,241.71413449613615
2014-07,361066,59.408,4.53,11660.282608695652,0.0,39.92,2.3279545205037167,0.0928280003389872,0.21212711244200655,30.272556328614346,WASPADA,WASPADA,0.6833572266703081,0.30143819979871794,0.6833572266703081,0.01259587787879951,0.002608695652173913,0,0.03026691994652897,0.1952496094988571,0.1981141710116517,0.0288480300406739,0.1863946260386784,0.0288480300406739,0.1952496094988571,0.2607404323075913,0.1863946260386784,72.04,0.0,180.86261301418034
2014-08,336763,60.676,3.99,11709.92857142857,0.1930920004844665,39.92,1.2473645086809861,-0.0673090238349775,0.08907602702291895,39.86530698995634,WASPADA,WASPADA,0.9023134185573648,0.05150645757319696,0.9023134185573648,0.04618012386943833,0.0,0,0.09197419394421813,0.2001557220144447,0.1981141710116517,0.0304942865904256,0.1801692260441814,0.0304942865904256,0.2001557220144447,0.24501344778592782,0.1801692260441814,67.19,40.0,122.09672484852808
2014-09,354762,61.138,4.53,11897.727272727272,0.6513188630342484,39.92,1.5169664006614452,0.053447082963389736,0.16076026816826938,33.7109989004014,WASPADA,WASPADA,0.9534747066033382,0.02729259398152101,0.9534747066033382,0.01923269941514092,0.0,0,0.06757716574758316,0.2250717654486546,0.1981141710116517,0.0203123702180417,0.2140168654742118,0.0203123702180417,0.2250717654486546,0.30534166311507555,0.2140168654742118,70.78,0.0,125.24179434323351
2014-10,341651,59.98,4.83,12141.630434782608,0.5418799035251141,39.92,0.9536860687099099,-0.036957171286665425,0.28169431501864484,41.29864047939552,WASPADA,WASPADA,0.9075857722536631,0.02045977259476096,0.9075857722536631,0.07195445515157607,0.0,0,0.09402007775738219,0.1812369866772039,0.1981141710116517,0.0278267037675688,0.209288093759705,0.0278267037675688,0.1812369866772039,0.31404434229702377,0.209288093759705,68.17,12.5,216.45769544071032
2014-11,296876,59.248000000000005,6.23,12166.825,0.4851920157670975,39.92,-0.39735223533278213,-0.13105478982938734,-0.03384579335841398,45.911710772255546,SIAGA,SIAGA,0.7783984241391791,0.013222247381578631,0.18593117246127835,0.7783984241391791,0.022448156017964512,0,0.08948571882659545,0.1776055685429848,0.1981141710116517,0.0277394369573097,0.2088401779783004,0.0277394369573097,0.1776055685429848,0.31500785320645364,0.2088401779783004,59.23,0.0,148.62542705293703
2014-12,347370,47.494,8.36,12431.217391304348,0.3105777373502177,39.92,0.9802688958784458,0.17008447971543683,0.16172206559581026,30.987732321335244,WASPADA,WASPADA,0.5869606429690284,0.33614878255560127,0.5869606429690284,0.06098691397883693,0.01590366049653281,1,-0.01996212451941648,0.6754301623167859,0.1981141710116517,0.1819566762020095,0.3605682342934715,0.1819566762020095,0.6754301623167859,0.2924430493275453,0.3605682342934715,69.31,25.10700909577314,160.41545441092913
2015-01,301748,49.59,6.96,12572.181818181818,0.827439934015274,38.46,-0.42892846312218014,-0.13133546362668047,0.08053871523363787,48.585940720407635,SIAGA,SIAGA,0.6507629578351349,0.01916733062394671,0.32637090161791094,0.6507629578351349,0.003698809923008081,0,0.013072428774878186,0.192300672183347,0.2263888123083119,0.0680638212117442,0.2196245482198459,0.0680638212117442,0.192300672183347,0.30906684974214627,0.2196245482198459,60.2,0.0,205.7864816869364
2015-02,338991,53.022000000000006,6.29,12760.675,0.4469779133796692,38.46,0.5856461154367121,0.12342418176756764,0.22914120995667075,31.90076726833153,WASPADA,WASPADA,0.6403334931888961,0.3024188845983905,0.6403334931888961,0.0572476222127132,0.0,0,0.09738403927955502,0.3240424370992011,0.2263888123083119,0.0718993909426475,0.265485065756714,0.0718993909426475,0.3240424370992011,0.33299921749250366,0.265485065756714,67.64,0.0,165.29920606976668
2015-03,305272,49.464,6.38,13066.90909090909,0.3105777373502177,38.46,-0.6507782658659019,-0.09946871745857555,0.10376645587240985,52.27876173043661,SIAGA,SIAGA,0.7751286278998908,0.011943361464361164,0.20085370637116015,0.7751286278998908,0.012074304264588089,0,0.06629543966821927,0.4844229667889022,0.2263888123083119,0.0446098247022491,0.2927280931858327,0.0446098247022491,0.4844229667889022,0.32093979062608985,0.2927280931858327,60.91,25.10700909577314,249.6878292343137
2015-04,313763,50.876,6.79,12946.15909090909,0.5191431283950806,38.46,-0.50586383986187,0.02781453916507237,0.12019807494573298,37.75032067337918,WASPADA,WASPADA,0.7837868285192422,0.020041306740292288,0.7837868285192422,0.19206686526233138,0.004104999478133806,0,0.10011790321789094,0.5190332438916487,0.2263888123083119,0.0841688196551831,0.2994285513128876,0.0841688196551831,0.5190332438916487,0.29725607085235944,0.2994285513128876,62.6,0.0,154.25316253630214
2015-05,295973,49.578,7.15,13132.02380952381,0.2559878230094909,38.46,-1.3344758309700844,-0.0566988459442318,0.034751234997360436,50.79270375832059,SIAGA,SIAGA,0.7653388009488153,0.011309635551203057,0.19913063878761678,0.7653388009488153,0.024220924712364738,0,0.09150624573262439,0.4491403300870034,0.2263888123083119,0.0300152962567757,0.2643453313948559,0.0300152962567757,0.4491403300870034,0.2891128496178223,0.2643453313948559,59.05,33.33333333333333,94.30993470590933
2015-06,359702,51.714,7.26,13306.65909090909,0.4532014528910319,38.46,1.2017732401147254,0.21532031638021043,0.08869962106078777,27.212306917395058,AMAN,AMAN,0.7611329635772367,0.7611329635772367,0.227302559144406,0.011564477278358113,0.0,0,0.0969170119631021,0.4151686772625276,0.2263888123083119,0.0295913240396123,0.256787638536572,0.0295913240396123,0.4151686772625276,0.29119527642207416,0.256787638536572,71.77,0.0,180.2791470329772
2015-07,382683,62.41400000000001,7.26,13375.217391304348,0.5551059792439142,38.46,1.8227045100090289,0.06388899700307471,0.05986994067566598,32.10867949143263,WASPADA,WASPADA,0.7998384270015403,0.1812409205249862,0.7998384270015403,0.018920652473473562,0.0,0,0.050369952892091396,0.4241710419142583,0.2263888123083119,0.0286878430554812,0.2493326553445641,0.0286878430554812,0.4241710419142583,0.2722358682042585,0.2493326553445641,76.35,16.666666666666664,125.39327485702039
2015-08,303621,61.826,7.18,13788.90476190476,0.7079062610864639,38.46,-0.8528089048040464,-0.20659919567893004,-0.09841342427760769,58.157968193188466,SIAGA,SIAGA,0.7085107524035998,0.007980949033196934,0.15489361149453407,0.7085107524035998,0.12861468706866971,0,0.03682831998360453,0.4076460137916798,0.2263888123083119,0.0277161569193772,0.2388510608539905,0.0277161569193772,0.4076460137916798,0.26002103635245266,0.2388510608539905,60.58,0.0,260.89537121892374
2015-09,389060,57.14200000000001,6.83,14409.90909090909,0.2378039558728536,38.46,1.7270053520707263,0.2814001666551391,0.09667890022042958,29.5288482778144,AMAN,AMAN,0.5699307916717249,0.5699307916717249,0.33389677154345715,0.08219880118467314,0.013973635600145242,0,0.01826678418875044,0.4226838087527013,0.2263888123083119,0.0273652248518314,0.260907186349225,0.0273652248518314,0.4226838087527013,0.2967898558961837,0.260907186349225,77.62,33.33333333333333,520.7959501997285
2015-10,369447,61.04200000000001,6.25,13774.90909090909,0.3215114275614421,38.46,1.0185040859562056,-0.05041124762247473,0.08135787689776985,40.52818587920243,WASPADA,WASPADA,0.8258353676499717,0.11385722565874666,0.8258353676499717,0.06030740669128156,0.0,0,0.039187587479673824,0.4471479891050333,0.2263888123083119,0.0282500173195899,0.2670113220761597,0.0282500173195899,0.4471479891050333,0.2963236409400079,0.2670113220761597,73.71,0.0,362.6447424702759
2015-11,270935,55.508,4.89,13676.09523809524,0.1205003634095192,38.46,-1.5857308604349396,-0.2666471780796704,-0.08737991619396646,67.11547295386194,KRISIS,KRISIS,0.6942656482848254,0.007493147252996971,0.04915096837953661,0.24909023608264136,0.6942656482848254,0,0.019080903334776023,0.4319464718873154,0.2263888123083119,0.0198530327649373,0.2878413541204793,0.0198530327649373,0.4319464718873154,0.3497829559148323,0.2878413541204793,54.06,25.0,398.21935916625307
2015-12,370640,52.284000000000006,3.35,13834.478260869566,0.7109363334519523,38.46,0.9367514444259777,0.3680033956484028,0.06698908944353277,15.994480794789794,AMAN,AMAN,0.7229352634085771,0.7229352634085771,0.1975113113233421,0.07706976513736255,0.0024836601307189543,0,0.04690605339150672,0.4660193079456493,0.2263888123083119,0.0652894289178232,0.2669248535079022,0.0652894289178232,0.4660193079456493,0.2681953385840683,0.2669248535079022,73.95,0.0,79.9977556144769
2016-01,350592,49.968,4.14,13886.309523809525,0.5901475846767426,42.78,0.33769450277375523,-0.054090222318152414,0.16187016981057045,38.83951419319814,WASPADA,WASPADA,0.8623886772750653,0.061830436334664875,0.8623886772750653,0.07578088639026948,0.0,1,-0.01997669500514665,0.4855283765946645,0.2256406595122108,0.0967950495038427,0.2824908038357,0.0967950495038427,0.4855283765946645,0.2738198946221464,0.2824908038357,69.95,11.11111111111111,109.51537764072069
2016-02,375744,57.232000000000006,4.42,13509.52380952381,0.2858320862054825,42.78,0.8747867821034447,0.07174151150054775,0.10841880757896227,30.978220044734456,WASPADA,WASPADA,0.8403515058914116,0.0813352361831354,0.8403515058914116,0.07617040078259549,0.0021428571428571425,0,0.020629961200355817,0.4174115511167475,0.2256406595122108,0.1937878632450291,0.2915280392306029,0.1937878632450291,0.4174115511167475,0.2774563712803174,0.2915280392306029,74.97,20.0,204.22591647342523
2016-03,364113,50.534,4.45,13197.217391304348,0.7727028727531433,42.78,0.47642767032724337,-0.030954586101175297,0.19274941691344116,38.929978798188685,WASPADA,WASPADA,0.8403883667177527,0.04864361554996133,0.8403883667177527,0.1019794019923085,0.008988615739976901,0,0.028630653886083712,0.3944705574324348,0.2256406595122108,0.013092845633921,0.2323048696882793,0.013092845633921,0.3944705574324348,0.2608280378433808,0.2323048696882793,72.65,0.0,345.048484619846
2016-04,380767,49.546,3.6,13171.714285714286,0.6066202138151441,42.78,0.7633483103523359,0.045738548197949536,0.21354971746190587,34.49524782953504,WASPADA,WASPADA,0.9201372025917955,0.0390378832008643,0.9201372025917955,0.04082491420734022,0.0,0,0.0995293103828701,0.4033392317597629,0.2256406595122108,0.0240472813966226,0.2249059508721282,0.0240472813966226,0.4033392317597629,0.23611864516606368,0.2249059508721282,75.97,14.285714285714285,188.1050157188637
2016-05,394557,52.082,3.33,13416.727272727272,0.2879981572429339,42.78,0.9656393783205282,0.03621637379289688,0.3330844367560555,36.83852969658336,WASPADA,WASPADA,0.9013178715793848,0.05736312605595509,0.9013178715793848,0.04131900236466021,0.0,0,0.0902396371161851,0.4300691408673918,0.2256406595122108,0.0238877354968018,0.2222397830491036,0.0238877354968018,0.4300691408673918,0.2175011279161104,0.2222397830491036,78.72,25.0,134.7011261035665
2016-06,405835,49.234,3.45,13337.977272727272,0.5393096844355265,42.78,1.0973262777794173,0.02858395618377063,0.1282533875263412,33.80639505691542,WASPADA,WASPADA,0.9040525460041436,0.061036143567413735,0.9040525460041436,0.0349113104284423,0.0,0,0.11184094882108347,0.4440793838918725,0.2256406595122108,0.0441128707517468,0.2318709220181643,0.0441128707517468,0.4440793838918725,0.21964571671451905,0.2318709220181643,80.97,6.666666666666667,125.08417642721408
2016-07,484231,63.612,3.21,13114.333333333334,0.4437444171597881,42.78,2.154437057629304,0.19317210196262025,0.26535801172249607,23.541317696859878,AMAN,AMAN,0.8506118755216948,0.8506118755216948,0.14590654643145676,0.003481578046849041,0.0,0,0.03245094577998431,0.4331976532399765,0.2256406595122108,0.057111464907483,0.2197035505876035,0.057111464907483,0.4331976532399765,0.19425254210147735,0.2197035505876035,96.61,12.903225806451612,156.87588975002203
2016-08,438135,67.05799999999999,2.79,13160.326086956522,0.2869290035021932,42.78,1.0894526935829962,-0.09519423580894237,0.44303259655952654,40.950628458234114,WASPADA,WASPADA,0.8199675578804945,0.09395238271010098,0.8199675578804945,0.0860800594094042,0.0,0,0.053598408865790925,0.4900975163790237,0.2256406595122108,0.0278083336589493,0.2499445623661,0.0278083336589493,0.4900975163790237,0.24093619971321364,0.2499445623661,87.42,26.31578947368421,118.10439507668976
2016-09,445716,61.086,3.07,13109.84090909091,0.2464930325746536,42.78,1.078488018577012,0.017302886096751013,0.14562278311828503,32.2381601501723,WASPADA,WASPADA,0.9424091773210216,0.020746713331683733,0.9424091773210216,0.033986966490151975,0.002857142857142857,0,0.0802432890151441,0.4721558666930914,0.2256406595122108,0.0457885699584522,0.2428055796914638,0.0457885699584522,0.4721558666930914,0.22663894105715593,0.2428055796914638,88.93,16.666666666666664,27.941213421793496
2016-10,432215,57.82600000000001,3.31,13018.214285714286,0.3827415144443511,42.78,0.7162927456363319,-0.03029058862594114,0.16989717063611298,35.23048676554587,WASPADA,WASPADA,0.9417635332634426,0.021144042213845908,0.9417635332634426,0.03409242452271167,0.0029999999999999996,0,0.10202096608970218,0.4558719694065026,0.2256406595122108,0.0820635349065367,0.2710208514243923,0.0820635349065367,0.4558719694065026,0.27307395069226503,0.2710208514243923,86.23,16.0,72.04160296568544
2016-11,413232,56.29200000000001,3.58,13314.363636363636,0.4115845348153795,42.78,0.2170429375688506,-0.04392027116134334,0.5252071530071789,41.251482384442525,WASPADA,WASPADA,0.8734745814945071,0.01451583194903549,0.8734745814945071,0.10704767695767617,0.004961909598781107,0,0.09959885078581887,0.4742049805857583,0.2256406595122108,0.0595322541899385,0.2714631718998193,0.0595322541899385,0.4742049805857583,0.27605772641179016,0.2714631718998193,82.45,17.857142857142858,151.61872244320543
2016-12,442800,56.59,3.02,13409.113636363636,0.2827504798769951,42.78,0.8158234242303208,0.07155302590312473,0.19469026548672574,34.62403949923508,WASPADA,WASPADA,0.8697018339476926,0.08698088792555576,0.8697018339476926,0.043317278126751575,0.0,0,0.06998021160216872,0.4395125546462374,0.2256406595122108,0.1773571229544052,0.2805132062089648,0.1773571229544052,0.4395125546462374,0.2525915736176084,0.2805132062089648,88.35,27.77777777777778,203.91350401884344
2017-01,460824,58.038,3.49,13365.863636363636,0.4470918501416842,40.58,1.110905080740262,0.040704607046070373,0.31441675794085433,31.16661014190707,WASPADA,WASPADA,0.8878185241397326,0.08440319742220442,0.8878185241397326,0.027778278438062808,0.0,0,0.04978694012104928,0.4328018778697511,0.2104808347940785,0.1019393064554823,0.2341702402805428,0.1019393064554823,0.4328018778697511,0.2009698883984689,0.2341702402805428,91.94,16.666666666666664,47.43482370462246
2017-02,453985,59.38000000000001,3.83,13337.875,0.6090223740886997,40.58,0.7832433062238444,-0.014840806902418291,0.20822953926077337,33.490781275513164,WASPADA,WASPADA,0.9063163577726874,0.05327659815511625,0.9063163577726874,0.040407044072196086,0.0,0,0.06916435299658874,0.3787884873089653,0.2104808347940785,0.1259338178123221,0.2444904723040109,0.1259338178123221,0.3787884873089653,0.23661979204737804,0.2444904723040109,90.58,5.405405405405405,35.89073598153379
2017-03,425499,54.492,3.61,13343.04347826087,0.4981160588336713,40.58,-0.20375791447277974,-0.06274656651651489,0.16859051997594143,38.19734251382438,WASPADA,WASPADA,0.805162976671588,0.010807760499263944,0.805162976671588,0.18092581455328605,0.003103448275862069,0,0.09489568716533864,0.3936974745712605,0.2104808347940785,0.0459635598797064,0.225272459913984,0.0459635598797064,0.3936974745712605,0.2307144026024846,0.225272459913984,84.9,12.12121212121212,14.893155856502736
2017-04,477464,56.03,4.17,13301.4,0.4746705359882778,40.58,1.3847205928906672,0.12212719653865234,0.2539532049783726,26.42280152483108,AMAN,AMAN,0.78475697761809,0.78475697761809,0.19570079283917696,0.0195422295427333,0.0,0,0.08453891318889728,0.3847804064095103,0.2104808347940785,0.0636302503215199,0.2061227609896877,0.0636302503215199,0.3847804064095103,0.18804019361386035,0.2061227609896877,95.26,11.11111111111111,22.698451024722285
2017-05,489376,59.92,4.33,13322.173913043478,0.5620910493617363,40.58,1.5587267260057365,0.02494847779099585,0.24031762204193563,31.534145345749536,WASPADA,WASPADA,0.9172218469959089,0.0754537824844574,0.9172218469959089,0.007324370519633647,0.0,0,0.09812642308376296,0.4455437053150823,0.2104808347940785,0.0297279862023531,0.2087664090690204,0.0297279862023531,0.4455437053150823,0.17989697237932312,0.2087664090690204,97.64,10.638297872340424,20.821757436627458
2017-06,504141,61.408,4.37,13306.727272727272,0.4748622428198329,40.58,1.7308349506900467,0.03017107500163463,0.2422314487414836,30.929201800066902,WASPADA,WASPADA,0.9288562546102552,0.06580609065648564,0.9288562546102552,0.005337654733259173,0.0,0,0.10590941002767013,0.439217454176889,0.2104808347940785,0.0407360355590509,0.1913659628693107,0.0407360355590509,0.439217454176889,0.14275518087065145,0.1913659628693107,100.59,13.114754098360656,10.789918089291596
2017-07,592046,70.79400000000001,3.88,13346.40476190476,0.3253934627605809,40.58,2.6486228559257703,0.17436590160292464,0.2226519987361404,24.26482688314966,AMAN,AMAN,0.907380967546202,0.907380967546202,0.08787910432609686,0.004739928127701276,0.0,0,0.021458099407973552,0.4235758277327218,0.2104808347940785,0.083143057872385,0.1852053195446897,0.083143057872385,0.4235758277327218,0.11705119628682606,0.1852053195446897,118.12,23.61111111111111,20.00014950094
2017-08,601884,71.21000000000001,3.82,13343.021739130434,0.509775429074444,40.58,2.0158427008811453,0.01661695206115743,0.37374097024889585,31.913631918314067,WASPADA,WASPADA,0.8561131982588728,0.1356096235018643,0.8561131982588728,0.008277178239262729,0.0,0,0.04663500928128855,0.4904162812771173,0.2104808347940785,0.0517806359734716,0.2048288524451819,0.0517806359734716,0.4904162812771173,0.13855924626506935,0.2048288524451819,120.09,13.432835820895525,21.996349247638328
2017-09,550520,65.846,3.72,13307.547619047618,0.5387596505028861,40.58,0.9974396351667572,-0.08533870313881076,0.23513627511689061,37.00797783055079,WASPADA,WASPADA,0.8738063681838967,0.02346687364152417,0.8738063681838967,0.09007729322132932,0.012649464953249779,0,0.05056130087772437,0.4661429059309422,0.2104808347940785,0.3272120289776398,0.2788852183005951,0.3272120289776398,0.4661429059309422,0.1610929691468993,0.2788852183005951,109.84,15.714285714285714,21.52415538062168
2017-10,465085,67.114,3.58,13527.795454545454,0.4957717070073792,40.58,-0.39896452053072523,-0.15518963888687054,0.0760501139479195,48.17949879911444,SIAGA,SIAGA,0.760345457658118,0.019034053951188106,0.18658270707579783,0.760345457658118,0.034037781314896313,0,0.05542060448136671,0.3970307655534583,0.2104808347940785,0.3415047105783017,0.3020890376369734,0.3415047105783017,0.3970307655534583,0.23491033720806687,0.3020890376369734,92.79,13.636363636363637,118.25738042135782
2017-11,361006,54.672,3.3,13527.545454545454,0.5008219519958776,40.58,-1.8005128023680783,-0.22378489953449365,-0.12638421032253067,61.11491725610514,KRISIS,KRISIS,0.6571699316085666,0.0010995130488667814,0.04572114351406548,0.2960094118285013,0.6571699316085666,0,0.01692359670379079,0.4621505047939557,0.2104808347940785,0.4147334199263486,0.3316254877588717,0.4147334199263486,0.4621505047939557,0.22480901315759125,0.3316254877588717,72.03,11.76470588235294,127.08803980216281
2017-12,315909,53.052,3.61,13559.0,0.5300652220541117,40.58,-1.8863107644557504,-0.12492036143443597,-0.28656504065040656,54.50799825686905,SIAGA,SIAGA,0.7277587715677541,0.018119477767650223,0.09012342502605951,0.7277587715677541,0.16399832563853647,0,0.02412306053796187,0.4403227013120151,0.2104808347940785,0.3485699417362294,0.3215783107174962,0.3485699417362294,0.4403227013120151,0.24871029991087024,0.3215783107174962,63.03,8.16326530612245,18.0885534067441
2018-01,358065,49.338,3.25,13387.41304347826,0.534392296929251,38.41,-1.1919522293721398,0.13344349163841485,-0.2229896880370814,35.61086758732722,WASPADA,WASPADA,0.4002919866880051,0.12625166460588916,0.4002919866880051,0.3671986628115166,0.10625768589458903,0,0.022209769660865908,0.3835382115770049,0.2492401681359459,0.435051433353263,0.2945729191706996,0.435051433353263,0.3835382115770049,0.17985101587626534,0.2945729191706996,71.44,10.227272727272728,91.34966220423776
2018-02,452423,61.604,3.18,13601.175,0.5181239078173766,38.41,-0.15085811194115215,0.2635219862315501,-0.0034406423119706098,23.65870868147137,AMAN,AMAN,0.7310178876825786,0.7310178876825786,0.2231559408732446,0.04582617144417738,0.0,0,0.0434304309004111,0.4085574547851452,0.2492401681359459,0.3930768025603067,0.3078948356237839,0.3930768025603067,0.4085574547851452,0.21497254257484188,0.3078948356237839,90.27,12.162162162162163,113.2217502136935
2018-03,492678,58.846,3.4,13759.772727272728,0.5046781482903854,38.41,0.23260117564553082,0.08897646671367276,0.15788286223939418,33.084420955787685,WASPADA,WASPADA,0.7712889433400661,0.20394180657924826,0.7712889433400661,0.022041977353412203,0.002727272727272727,0,0.08108956613592366,0.3853750429562545,0.2492401681359459,0.2592221542828795,0.2449363103249348,0.2592221542828795,0.3853750429562545,0.16757402203030275,0.2449363103249348,98.3,11.956521739130435,186.8596386180916
2018-04,516777,59.818000000000005,3.41,13808.809523809525,0.5044179694520102,38.41,0.4588891039842106,0.04891430102419836,0.08233709766600206,32.50885733858421,WASPADA,WASPADA,0.8842409390091219,0.10588799353325583,0.8842409390091219,0.00987106745762226,0.0,0,0.11857905584570905,0.4018356243483869,0.2492401681359459,0.2152831269963949,0.2378491318717981,0.2152831269963949,0.4018356243483869,0.16713888807120536,0.2378491318717981,103.11,10.0,108.52798562856937
2018-05,528512,64.744,3.23,14036.934782608696,0.5508369421495974,38.41,0.5444498556618426,0.022708053957509744,0.07997122866671025,36.14841687017689,WASPADA,WASPADA,0.9279360731362188,0.05637049431271608,0.9279360731362188,0.01569343255106499,0.0,0,0.08450009378405055,0.5303010030948634,0.2492401681359459,0.2305824393612775,0.2691126145893408,0.2305824393612775,0.5303010030948634,0.15778350795061116,0.2691126145893408,105.45,8.737864077669903,147.91019011217546
2018-06,544550,65.28,3.12,14007.261904761905,0.5406555021104734,38.41,0.669023136509637,0.030345573988859398,0.0801541632202103,33.05364117115206,WASPADA,WASPADA,0.9257939386881204,0.06556149504321519,0.9257939386881204,0.008644566268664142,0.0,0,0.11886752322917138,0.4244907614602251,0.2492401681359459,0.258347671187264,0.239966253042878,0.258347671187264,0.4244907614602251,0.1385132897620116,0.239966253042878,108.65,10.743801652892564,124.03289945738918
2018-07,624366,71.24,3.18,14408.613636363636,0.5213536155911592,38.41,1.4306349460510657,0.1465723992287209,0.05459035277664226,32.5178679850592,WASPADA,WASPADA,0.4923836846798337,0.4879412327746936,0.4923836846798337,0.016493264363654433,0.003181818181818182,0,0.03238038582562658,0.3604126323842967,0.2492401681359459,0.2822176561011392,0.2229676141553454,0.2822176561011392,0.3604126323842967,0.12462008406797295,0.2229676141553454,124.57,12.5,223.6473647162931
2018-08,573766,68.924,3.2,14563.978260869566,0.4308086290503993,38.41,0.9650204032150134,-0.08104220921702976,-0.046716643074080744,44.294774972349614,WASPADA,WASPADA,0.805629652323095,0.05979898647133201,0.805629652323095,0.12453767025883833,0.010033690946734425,0,0.06164604765343579,0.450526861379944,0.2492401681359459,0.4704366811131178,0.3036934651098534,0.4704366811131178,0.450526861379944,0.14690515897317596,0.3036934651098534,114.48,20.454545454545457,287.27294807221176
2018-09,555903,64.154,2.88,14868.075,0.4988092643425877,38.41,0.7695638175530687,-0.03113290086899534,0.009778028046210752,41.50456503145299,WASPADA,WASPADA,0.7496344627672353,0.019154637719260133,0.7496344627672353,0.2283537566563612,0.002857142857142857,0,0.07121711064289632,0.3538451332385354,0.2492401681359459,0.2299425372312455,0.2449325362039274,0.2299425372312455,0.3538451332385354,0.1979712371729645,0.2449325362039274,110.91,13.533834586466163,233.70841447246954
2018-10,517889,62.94000000000001,3.16,15175.565217391304,0.4958914823892738,38.41,0.3242021684667475,-0.06838243362601026,0.11353623531182477,45.01841934612473,SIAGA,SIAGA,0.619374243943907,0.02022835441181313,0.3545904062797623,0.619374243943907,0.005806995364517488,0,0.07329923872690414,0.3161057789443114,0.2492401681359459,0.2276642431750933,0.2508882161160848,0.2276642431750933,0.3161057789443114,0.22989142117246725,0.2508882161160848,103.33,15.126050420168069,305.79504735683105
2018-11,406725,51.592000000000006,3.23,14657.636363636364,0.4324462234973907,38.41,-0.9203170705201555,-0.21464831266931717,0.12664332448768167,54.615934682360425,SIAGA,SIAGA,0.800626923543582,0.00400747480888886,0.07263894052748235,0.800626923543582,0.1227266611200466,0,0.01447586322035549,0.4121051977865423,0.2492401681359459,0.2981588949355231,0.3020691403683537,0.2981588949355231,0.4121051977865423,0.24900623437567482,0.3020691403683537,81.15,15.833333333333332,260.4755110104729
2018-12,498819,55.092000000000006,3.13,14498.92857142857,0.4126226736767457,38.41,-0.09698802102012952,0.2264281762861884,0.5789958500707482,27.952069090441594,AMAN,AMAN,0.7411980846229278,0.7411980846229278,0.1730553404814979,0.0839822786795259,0.0017642962160489052,0,0.05941461856452701,0.3802961382929498,0.2492401681359459,0.2823631218953133,0.2663288074757809,0.2823631218953133,0.3802961382929498,0.20132798485743025,0.2663288074757809,99.52,18.81188118811881,353.8539273764072
2019-01,455570,53.9,2.82,14165.173913043478,0.3952964465302157,38.96,-0.9931255417598465,-0.08670279199469144,0.2723108932735676,47.98488016448926,SIAGA,SIAGA,0.7213186421511556,0.015707410856965236,0.2507639309339016,0.7213186421511556,0.012210016057977967,0,0.04460433450475365,0.4648607310204812,0.3515558934904531,0.3843866189987551,0.3753702023114995,0.3843866189987551,0.4648607310204812,0.3261167296133809,0.3753702023114995,90.89,20.48192771084337,251.362818963736
2019-02,437456,52.65599999999999,2.57,14029.025,0.5362493567270775,38.96,-1.246716284151076,-0.03976117830410253,-0.033081872495430154,48.5252859850165,SIAGA,SIAGA,0.731689614507673,0.007237447002882508,0.24447703981283894,0.731689614507673,0.016595898676606376,0,0.07540398144882476,0.5362968447403946,0.3515558934904531,0.2592215476437244,0.3610055329903686,0.2592215476437244,0.5362968447403946,0.3242518697886777,0.3610055329903686,87.28,8.21917808219178,241.77746826273204
2019-03,449569,52.298,2.48,14204.07142857143,0.580257378288151,38.96,-0.9469747920428256,0.02768964192970258,-0.087499340339938,42.01043766016558,WASPADA,WASPADA,0.5180619605171606,0.008331521889217448,0.5180619605171606,0.3921458213571345,0.08146069623648713,0,0.10056328206440651,0.4466335291941194,0.3515558934904531,0.3291341895885199,0.3410712834996773,0.3291341895885199,0.4466335291941194,0.29425870760803496,0.3410712834996773,89.7,8.24742268041237,91.91553676429649
2019-04,477069,55.63,2.83,14137.545454545454,0.5858127838650415,38.96,-0.45302032117449736,0.06116969808861383,-0.07683778496334004,34.06101952305058,WASPADA,WASPADA,0.7315438812568231,0.045522401850717674,0.7315438812568231,0.21536030839742007,0.007573408495038792,0,0.11154368119380648,0.4051309723472475,0.3515558934904531,0.297853917234232,0.3074127801528902,0.297853917234232,0.4051309723472475,0.2633331155150406,0.3074127801528902,95.18,8.13953488372093,88.35878227403526
2019-05,486602,49.58200000000001,3.32,14375.869565217392,0.4677377425488971,38.96,-0.24880454731471752,0.01998243440676295,-0.07929810486800681,38.91898160143543,WASPADA,WASPADA,0.7348506707610477,0.05989399002327388,0.7348506707610477,0.19008792668134375,0.015167412534334335,0,0.104481229513113,0.3772436833680793,0.3515558934904531,0.2392596202641061,0.282761986450424,0.2392596202641061,0.3772436833680793,0.25727232108475534,0.282761986450424,97.09,16.19047619047619,122.9760726739979
2019-06,549516,56.75,3.28,14233.725,0.497072568855995,38.96,0.734535937218927,0.12929252243106282,0.009119456431916362,27.180614387225283,AMAN,AMAN,0.8706775408521734,0.8706775408521734,0.12035766571599356,0.008964793431833486,0.0,0,0.10089054612422665,0.3599648228136301,0.3515558934904531,0.2723617215021616,0.2733218868805411,0.2723617215021616,0.3599648228136301,0.2304805016031864,0.2733218868805411,109.64,13.223140495867767,119.89854329909974
2019-07,604323,56.076,3.32,14031.391304347826,0.5385553889935559,38.96,1.710826708013205,0.09973685934531473,-0.03210136362325944,29.34890638077058,AMAN,AMAN,0.7616088615392069,0.7616088615392069,0.22330828175057377,0.01508285671021978,0.0,0,0.0724046864878618,0.3972599651219471,0.3515558934904531,0.2439847686377685,0.265325786202733,0.2439847686377685,0.3972599651219471,0.2100292055256082,0.265325786202733,120.57,14.85148514851485,173.11329336018363
2019-08,606412,60.82400000000001,3.49,14232.0,0.5846705350363366,38.96,1.5905245236406471,0.003456760705781603,0.05689775971389044,36.15967458206261,WASPADA,WASPADA,0.8611478430730733,0.1312496090232509,0.8611478430730733,0.00760254790367547,0.0,0,0.08276255556615619,0.3700883287978361,0.3515558934904531,0.2564409411130369,0.276099583881972,0.2564409411130369,0.3700883287978361,0.23893453280850743,0.276099583881972,120.99,9.345794392523365,116.32264668567521
2019-09,590398,60.260000000000005,3.39,14100.357142857143,0.3104980663632898,38.96,1.2359754118677073,-0.02640778876407457,0.06205219255877381,35.35470477399924,WASPADA,WASPADA,0.9303320439504131,0.04586419147432116,0.9303320439504131,0.021660907432408474,0.0021428571428571425,0,0.0917016184171987,0.4423590750205916,0.3515558934904531,0.2477191565381704,0.2987003196628757,0.2477191565381704,0.4423590750205916,0.2523615235463703,0.2987003196628757,117.8,19.74921630094044,101.92315527602807
2019-10,567967,59.32400000000001,3.13,14113.152173913044,0.3992662773682521,38.96,0.8159273869276253,-0.037993014881486764,0.09669639633203264,36.39714295815635,WASPADA,WASPADA,0.8960271397923215,0.049725789957851874,0.8960271397923215,0.04744205896850596,0.006805011281320509,0,0.09214604081685279,0.4589091031160647,0.3515558934904531,0.2234477625470085,0.3124348007164601,0.2234477625470085,0.4589091031160647,0.28369116860138366,0.3124348007164601,113.32,19.230769230769237,72.59288351402232
2019-11,497925,56.632000000000005,3.0,14061.02380952381,0.5152749197002042,38.96,-0.33052120806294694,-0.12332054503166556,0.2242301309238428,41.91465934059463,WASPADA,WASPADA,0.5662723728015842,0.01662583351650824,0.5662723728015842,0.40204170357873004,0.015060090103177564,0,0.07671958880067059,0.3838463691939255,0.3515558934904531,0.2373469050702393,0.2952790430420298,0.2373469050702393,0.3838463691939255,0.2799614489519773,0.2952790430420298,99.35,11.403508771929824,27.166739173620535
2019-12,552403,59.074,2.72,14002.477272727272,0.4597003231714437,38.96,0.47120388346673175,0.10941005171461571,0.10742173012655898,27.409334235832244,AMAN,AMAN,0.8006575925794236,0.8006575925794236,0.18365816821427344,0.015684239206303408,0.0,0,0.08452514090508523,0.41443518965729,0.3515558934904531,0.2888083883062676,0.2994430145036468,0.2888083883062676,0.41443518965729,0.24726424002551495,0.2994430145036468,110.21,18.01801801801802,55.368458374306755
2020-01,536611,58.962,2.68,13721.478260869566,0.3740408610640548,26.39,0.1176014875527935,-0.028587824468730205,0.1778892376583181,35.83216756810595,WASPADA,WASPADA,0.7398173117686434,0.05565691582970825,0.7398173117686434,0.17172784485475331,0.03279792754689473,0,0.02238473854623607,0.4257422319662954,1.0,0.2652899692554147,0.4539478308735881,0.2652899692554147,0.4257422319662954,0.5623795611363213,0.4539478308735881,107.06,21.25984251968504,181.5118550976938
2020-02,364639,43.276,2.98,13767.125,0.4351792857050895,26.39,-2.2199023501311217,-0.3204779626209675,-0.16645559782012365,71.06683476260734,KRISIS,KRISIS,0.8473057482298244,0.0026328453538010696,0.025272614071398147,0.12478879234497697,0.8473057482298244,1,-0.024061524610411444,0.4597201870461346,1.0,0.3275154759632018,0.5242316794745943,0.3275154759632018,0.4597201870461346,0.6548455274445204,0.5242316794745943,72.75,18.47826086956521,150.7949831920818
2020-03,167461,23.006,2.96,15179.119047619048,0.4606683963621166,26.39,-2.6668212984542587,-0.5407485211400864,-0.6275076795775509,84.04888874750165,KRISIS,KRISIS,0.9183868317638888,0.0018481371043040876,0.011608901387578767,0.06815612974422867,0.9183868317638888,1,-0.11272125185277082,0.3829339711130832,1.0,0.3218912394772672,0.6139355250010408,0.3218912394772672,0.3829339711130832,0.8754584447069063,0.6139355250010408,33.41,14.084507042253522,828.7065703552468
2020-04,379,3.2680000000000007,2.67,15710.59523809524,0.6797477167386275,26.39,-2.4080426836171074,-0.997736786475657,-0.9992055656519288,83.53415083528174,KRISIS,KRISIS,0.9043850148410113,0.007665130568356374,0.006438908474272096,0.08151094611636088,0.9043850148410113,1,-0.13160775677874814,0.4676097103652307,1.0,0.269917470494542,0.6742027686717716,0.269917470494542,0.4676097103652307,0.979641946913657,0.6742027686717716,0.08,7.6923076923076925,1004.429414967841
2020-05,36,2.792,2.19,14854.6875,0.562371043364207,26.39,-1.8081874397521047,-0.9050131926121372,-0.9999260175667177,73.37627818973027,KRISIS,KRISIS,0.8965145812424066,0.00530887352213315,0.006363978464935984,0.09181256677052475,0.8965145812424066,1,-0.060417587231939685,0.4002423326371077,1.0,0.3151653439810749,0.6686728926113741,0.3151653439810749,0.4002423326371077,0.979641946913657,0.6686728926113741,0.01,13.333333333333334,432.1073991235691
2020-06,45,5.016,1.96,14105.357142857143,0.3807427138090133,26.39,-1.4546377964830508,0.25,-0.999918109754766,40.9758097654542,SIAGA,SIAGA,0.664118237048396,0.019933067296873132,0.0410111927266753,0.664118237048396,0.2749375029280557,1,-0.0601303686717688,0.4539013284906478,1.0,0.2597366127445361,0.666987218882489,0.2597366127445361,0.4539013284906478,0.9771554671473861,0.666987218882489,0.01,25.0,803.2085016430407
2020-07,16,2.756,1.54,14529.977272727272,0.574317142367363,26.39,-1.2127012136510062,-0.6444444444444444,-0.9999735240922487,74.88386624646414,KRISIS,KRISIS,0.8850065748971064,0.0,0.006593079892019701,0.10840034521087406,0.8850065748971064,1,-0.020721254521682386,0.462199423196277,1.0,0.228843702414576,0.6594736551517032,0.228843702414576,0.462199423196277,0.9734257474979797,0.6594736551517032,0.0,6.25,375.77363986879976
2020-08,12,3.13,1.32,14649.166666666666,0.4198804676532745,26.39,-1.0271975883903328,-0.25,-0.9999802114733878,66.42776599141555,KRISIS,KRISIS,0.886435053205746,0.0021486501185180927,0.006157111956149386,0.10525918471958687,0.886435053205746,1,-0.018417295269162914,0.3809383880996503,1.0,0.1431568245077455,0.6151258731462543,0.1431568245077455,0.3809383880996503,0.9682041399888108,0.6151258731462543,0.0,15.0,285.84295353209774
2020-09,8,4.46,1.42,14785.0,0.4338308369571512,26.39,-0.8736946049632203,-0.33333333333333337,-0.999986449818597,65.06428541760349,KRISIS,KRISIS,0.8912304508850238,0.0015762150678796073,0.009464590037513834,0.09772874400958308,0.8912304508850238,0,0.01142524031493608,0.4863334958502231,1.0,0.1429636379374935,0.6473783643818456,0.1429636379374935,0.4863334958502231,0.9801081618698329,0.6473783643818456,0.0,9.090909090909092,127.60185310625349
2020-10,63,8.648,1.44,14686.315789473683,0.6311731367576413,26.39,-0.7391918916717599,6.875,-0.9998890780626339,15.03611985315629,SIAGA,SIAGA,0.7577787857580986,0.02003827575280927,0.050807690143809064,0.7577787857580986,0.17137524834528278,1,-0.05186441129127761,0.3902157276787845,1.0,0.1391347952298051,0.6227802241255436,0.1391347952298051,0.3902157276787845,0.9808851867967925,0.6227802241255436,0.01,4.878048780487805,70.20128818401228
2020-11,53,8.392,1.59,14184.047619047618,0.4322479688653759,26.39,-0.612590202863773,-0.15873015873015872,-0.9998935582668073,54.94899856592498,SIAGA,SIAGA,0.8498693246434027,0.0037026115141486496,0.024752586986167845,0.8498693246434027,0.12167547685628087,0,0.012274287505702086,0.4530997792836033,1.0,0.1678470907919604,0.6361063638171441,0.1678470907919604,0.4530997792836033,0.9617392925965065,0.6361063638171441,0.01,17.647058823529413,322.27205189660555
2020-12,150,15.214,1.68,14094.473684210529,0.6570037701590494,26.39,-0.4962168024449257,1.8301886792452828,-0.9997284591140888,17.832428183965003,SIAGA,SIAGA,0.875488027615219,0.033385316353389476,0.04336758035396718,0.875488027615219,0.047759075677424,1,-0.026988624369364445,0.442892248755462,1.0,0.2159098278062068,0.6316769597446318,0.2159098278062068,0.442892248755462,0.9339528812084292,0.6316769597446318,0.03,6.8181818181818175,319.0020591330872
2021-01,10,11.2325,1.55,14016.604761904762,0.5908706144050315,0.0,-0.39731787766485327,-0.9333333333333333,-0.999981364526631,57.739606202544955,SIAGA,KRISIS,0.5058332527455531,0.0013745704467353953,0.03714194641675232,0.4556502303909593,0.5058332527455531,1,-0.060473722394399854,0.504579312455671,0.0,0.2952969538724937,0.4407224699512213,0.2952969538724937,0.504579312455671,0.4815068067383602,0.4407224699512213,0.0,7.4074074074074066,83.78958693325632
2021-02,12,8.072,1.38,14026.578947368422,0.5711072487075154,0.0,-0.2899010902285334,0.19999999999999996,-0.9999670907390598,29.852518517786564,SIAGA,SIAGA,0.7928104137856113,0.03878403522343803,0.04691641946355001,0.7928104137856113,0.12148913152740067,1,-0.00019552560052243928,0.432760102823282,0.0,0.2133717019006594,0.4027525695063412,0.2133717019006594,0.432760102823282,0.4824392366507118,0.4027525695063412,0.0,9.75609756097561,42.37284650740199
2021-03,3,9.658,1.37,14378.863636363636,0.5203152865171432,0.0,-0.5862800683008287,-0.75,-0.9999820853810738,65.72173459740962,KRISIS,KRISIS,0.8200325480572657,0.0011351233355162628,0.006788404934265692,0.1720439236729529,0.8200325480572657,0,0.011593500779430221,0.4315944643085975,0.0,0.2053320522497774,0.3919039732683934,0.2053320522497774,0.4315944643085975,0.4653446882575994,0.3919039732683934,0.0,12.0,206.33123798057375
2021-04,9,9.584,1.42,14523.809523809525,0.5778662680337826,0.0,-0.6211133165987502,2.0,-0.9762532981530343,20.120735070475817,SIAGA,SIAGA,0.7383891664106302,0.008804172440939851,0.039706974168934824,0.7383891664106302,0.2130996869794948,1,-0.014401395747212553,0.3879581650900288,0.0,0.1513478200581177,0.3747251722365611,0.1513478200581177,0.3879581650900288,0.479797351899049,0.3747251722365611,0.0,10.416666666666668,255.71861441016168
2021-05,8,9.88,1.68,14314.411764705885,0.6069020501204899,0.0,-0.5791015083663459,-0.11111111111111116,-0.7777777777777778,48.00847795655465,SIAGA,SIAGA,0.872587698261414,0.004899457136495808,0.03973635337047338,0.872587698261414,0.0827764912316167,1,-0.0061344499687729925,0.3583450398854543,0.0,0.123157384800613,0.3561560500081551,0.123157384800613,0.3583450398854543,0.4715608876732766,0.3561560500081551,0.0,8.928571428571429,107.24642617551135
2021-06,1,14.571999999999996,1.33,14330.380952380952,0.4489868939556974,0.0,-0.6472090146063955,-0.875,-0.9777777777777777,61.11723153843518,KRISIS,KRISIS,0.8356762517341528,0.006486984116140608,0.009514818478221427,0.14832194567148563,0.8356762517341528,0,0.008129028951308848,0.3299731995067721,0.0,0.1412976892160897,0.3458279167477571,0.1412976892160897,0.3299731995067721,0.4560203891340834,0.3458279167477571,0.0,17.02127659574468,116.55974770960044
2021-07,0,4.804,1.52,14491.333333333334,0.647853798336453,0.0,-0.6295100001092676,-1.0,-1.0,62.26183233550635,KRISIS,KRISIS,0.8294358832696899,0.0,0.004689995645402115,0.1658741210849087,0.8294358832696899,1,-0.03551629093058206,0.4162596586806034,0.0,0.1343956238578593,0.3876638206346157,0.1343956238578593,0.4162596586806034,0.5,0.3876638206346157,0.0,5.555555555555555,97.86208436201497
2021-08,0,5.682,1.59,14375.65,0.5209082556622369,0.0,-0.5993815875738406,0.0,-1.0,43.08826076844241,SIAGA,SIAGA,0.8234835563495312,0.002185824126122634,0.029883280602284838,0.8234835563495312,0.14444733892206146,0,0.00026523961706836907,0.5225964157836971,0.0,0.1450943843357684,0.4138301408205669,0.1450943843357684,0.5225964157836971,0.4938148815814012,0.4138301408205669,0.0,11.904761904761903,83.00360355321473
2021-09,0,8.7,1.6,14249.09090909091,0.4458583551783894,0.0,-0.5794835789728946,0.0,-1.0,43.54026692515145,SIAGA,SIAGA,0.8582767009304276,0.003189137002086642,0.04014841146039198,0.8582767009304276,0.09838575060709372,0,0.021558972678941635,0.4019954348744524,0.0,0.1563763145114858,0.381744985584192,0.1563763145114858,0.4019954348744524,0.484304096475415,0.381744985584192,0.0,13.953488372093023,121.16189527853712
2021-10,2,18.072,1.66,14177.55,0.5237385088747198,0.0,-0.4314893335380137,0.0,-0.9682539682539683,12.891209991263727,SIAGA,SIAGA,0.899947087896214,0.010441146529463208,0.06056683019657955,0.899947087896214,0.029044935377742966,0,0.011725093274875031,0.4257502829608199,0.0,0.1160327936670967,0.3622127238408854,0.1160327936670967,0.4257502829608199,0.4535339093678125,0.3622127238408854,0.0,11.688311688311687,100.3152656748769
2021-11,6,18.698,1.75,14262.636363636364,0.5681703480390402,0.0,-0.2548498566571975,2.0,-0.8867924528301887,11.53324294608514,SIAGA,SIAGA,0.856727040440553,0.042500384682362086,0.044147985199322906,0.856727040440553,0.056624589677761974,1,-0.008858546927497934,0.4521520213607222,0.0,0.2061531907403377,0.3868365131328052,0.2061531907403377,0.4521520213607222,0.44452042021508054,0.3868365131328052,0.0,6.153846153846154,45.71883326102577
2021-12,0,23.844,1.87,14319.782608695652,0.5126093991597493,0.0,-0.9454993211840869,-1.0,-1.0,61.65206655115338,KRISIS,KRISIS,0.7857341389512434,0.008926553672316383,0.015702706780216798,0.1896366005962235,0.7857341389512434,1,-0.030438672506730713,0.3126288585431989,0.0,0.1851099768328558,0.3456070840538103,0.1851099768328558,0.3126288585431989,0.4423447504195935,0.3456070840538103,0.0,13.333333333333334,71.57222177265491
2022-01,3,20.646,2.18,14335.190476190475,0.5052522028193754,36.61,-0.16183331389299677,0.0,-0.7,10.056329159103123,SIAGA,SIAGA,0.7181262360902214,0.02183783560739558,0.19936909839862785,0.7181262360902214,0.06066682990375544,1,-0.024942207189954546,0.4199962008905347,0.2048010844294228,0.1943121142086816,0.4211010895477283,0.1943121142086816,0.4199962008905347,0.5350480215458484,0.4211010895477283,0.0,12.941176470588236,38.22563483855242
2022-02,1310,18.364,2.06,14345.777777777776,0.5018786859733088,36.61,3.175314044434616,435.6666666666667,108.16666666666667,8.50376781005412,SIAGA,SIAGA,0.6039113231683947,0.26230863509751634,0.1232974854500046,0.6039113231683947,0.010482556284084472,1,-0.04150288425574877,0.4235152420335931,0.2048010844294228,0.186265648268947,0.4191455869259819,0.186265648268947,0.4235152420335931,0.5334007287006939,0.4191455869259819,0.26,14.814814814814811,13.07186642167874
2022-03,14620,23.488,2.64,14344.818181818182,0.5508509200243723,36.61,3.1627041133070137,10.16030534351145,4872.333333333333,7.6200743027747615,SIAGA,SIAGA,0.48017806623551373,0.40008060722675565,0.11354164492525763,0.48017806623551373,0.006199681612473374,1,-0.042649557601776356,0.3606790947347881,0.2048010844294228,0.1517007752263901,0.3577312428246658,0.1517007752263901,0.3606790947347881,0.4592725506687426,0.3577312428246658,2.92,7.142857142857142,5.855261084266827
2022-04,58335,20.848,3.47,14373.052631578948,0.5482921206182049,36.61,3.077228592840266,2.9900820793433653,6480.666666666667,8.347710269621421,AMAN,AMAN,0.6769885587627498,0.6769885587627498,0.09134824578733333,0.22312864440580016,0.008534551044117,1,-0.0255163775072772,0.321214460168188,0.2048010844294228,0.1443725402211741,0.3262965922869365,0.1443725402211741,0.321214460168188,0.419799684379192,0.3262965922869365,11.64,10.75268817204301,16.031337159878785
2022-05,115611,37.682,3.55,14616.466666666667,0.4811712285237653,36.61,2.7991343125711423,0.9818462329647724,14450.375,11.440013818962237,AMAN,AMAN,0.839964265633215,0.839964265633215,0.08090352616860699,0.07346400543320124,0.005668202764976959,1,-0.0030389798148735547,0.375071027588772,0.2048010844294228,0.133216357298416,0.317017688287069,0.133216357298416,0.375071027588772,0.3798916841305441,0.317017688287069,23.07,15.476190476190476,149.35443077384315
2022-06,181625,41.348,4.35,14699.142857142857,0.4164594200431791,36.61,2.547700342336942,0.5710010293138197,181624.0,10.331226369250906,AMAN,AMAN,0.8832388935998488,0.8832388935998488,0.05323788917740895,0.061188347791099156,0.0023348694316436256,1,-0.060333428463657635,0.2796134500549943,0.2048010844294228,0.1388618024255675,0.2781538887280245,0.1388618024255675,0.2796134500549943,0.3470701512157681,0.2781538887280245,36.24,18.803418803418804,169.5192123609508
2022-07,246504,38.938,4.94,14977.0,0.417769219968226,36.61,2.302383219943786,0.3572140399174122,0.0,21.82341983439042,AMAN,AMAN,0.8448346629335273,0.8448346629335273,0.12044283517085745,0.0323876324639724,0.0023348694316436256,0,0.020262811950999104,0.3632346773414114,0.2048010844294228,0.125486925127012,0.2908046786866049,0.125486925127012,0.3632346773414114,0.33724855613899807,0.2908046786866049,49.18,19.480519480519483,188.86689702539735
2022-08,276659,42.934000000000005,4.69,14839.09090909091,0.3633165329159377,36.61,1.9303849094315237,0.1223306721189108,0.0,29.755054696408813,AMAN,AMAN,0.919800554787299,0.919800554787299,0.05924334796349953,0.016327465242105422,0.0046286320070963415,0,0.057766631977159866,0.3429263495074653,0.2048010844294228,0.1299665306557709,0.280802244178562,0.1299665306557709,0.3429263495074653,0.3251580482755059,0.280802244178562,55.2,23.952095808383238,138.9298182748704
2022-09,291162,47.268,5.95,14983.09090909091,0.4049601637265261,36.61,1.6210288980686125,0.052421934583729346,0.0,33.973666040726826,WASPADA,WASPADA,0.7727868401686614,0.17066191964050545,0.7727868401686614,0.056551240190833026,0.0,0,0.08264290457779372,0.2961064072070654,0.2048010844294228,0.1339669115684223,0.2828405626337632,0.1339669115684223,0.2961064072070654,0.3506444658797826,0.2828405626337632,58.09,19.411764705882355,81.43710919894512
2022-10,305244,47.264,5.71,15433.42857142857,0.4894222852604165,36.61,1.415043298414643,0.048364827827807266,152621.0,40.9712843864252,WASPADA,WASPADA,0.7529354633888243,0.08347614731892278,0.7529354633888243,0.16358838929225242,0.0,1,-0.008449011664261596,0.3241263824212131,0.2048010844294228,0.1841382550856392,0.3092417521723885,0.1841382550856392,0.3241263824212131,0.36435118559135093,0.3092417521723885,60.9,15.469613259668508,310.04764875523324
2022-11,287398,49.898,5.42,15661.181818181818,0.4909761520507543,36.61,1.0755114298339377,-0.05846470364691858,47898.666666666664,45.64582022937132,SIAGA,SIAGA,0.5745820243851437,0.055189982062351865,0.3651271033236396,0.5745820243851437,0.0051008902288650826,0,0.021010023884350193,0.3046212074960153,0.2048010844294228,0.2380006018147918,0.3204573893765008,0.2380006018147918,0.3046212074960153,0.3696038740975982,0.3204573893765008,57.34,14.130434782608695,345.08038496299486
2022-12,377276,53.818000000000005,5.51,15597.363636363636,0.4974040858361913,36.61,1.4551904489612029,0.31273008162896043,0.0,18.283083185951174,AMAN,AMAN,0.8704312444389598,0.8704312444389598,0.10602203745869877,0.023546718102342035,0.0,0,0.05542695454679342,0.3730827095738144,0.2048010844294228,0.2021354318489436,0.3161740735731341,0.2021354318489436,0.3730827095738144,0.3447390764348892,0.3161740735731341,75.27,13.79310344827586,117.48688384354166
2023-01,331785,43.432,5.28,15250.047619047618,0.4092993123057001,45.16,0.9610101814483556,-0.12057750824330193,110594.0,42.810599997465374,WASPADA,WASPADA,0.7196075817615282,0.04661519828078006,0.7196075817615282,0.22352418434275856,0.01025303561493257,1,-0.0946790165278768,0.4064284673173509,0.2709387348127107,0.1899188249982662,0.3244239186674552,0.1899188249982662,0.4064284673173509,0.35067419117710197,0.3244239186674552,66.2,19.895287958115183,221.25871203626127
2023-02,323510,42.068,5.47,15129.65,0.4966518143339762,45.16,0.7730081617964473,-0.024940850249408508,245.95419847328245,39.76479710492761,WASPADA,WASPADA,0.7591485215818817,0.041182782231636426,0.7591485215818817,0.17502942323401435,0.02463927295246734,0,0.05173185408535669,0.443251912438616,0.2709387348127107,0.2231668571655815,0.3543431058238765,0.2231668571655815,0.443251912438616,0.3754768268456542,0.3543431058238765,64.55,14.285714285714285,242.8579997296842
2023-03,370695,41.61,4.97,15272.619047619048,0.4109594033736932,45.16,1.0841314984956996,0.1458532966523447,24.35533515731874,29.392363941343984,AMAN,AMAN,0.7478103211394521,0.7478103211394521,0.20595189386125318,0.04160915299219894,0.0046286320070963415,0,0.08936104997210276,0.3168404816087308,0.2709387348127107,0.1875757378663913,0.310656666091073,0.1875757378663913,0.3168404816087308,0.369105222444585,0.310656666091073,73.96,19.73684210526316,76.8604846852685
2023-04,411510,45.244,4.33,14829.285714285714,0.4913627314706181,45.16,1.4218059032793762,0.11010399384939107,6.054255592697351,30.07780032923884,WASPADA,WASPADA,0.5934195589513613,0.36183098196191743,0.5934195589513613,0.04474945908672046,0.0,0,0.02410893807657727,0.4813225810189142,0.2709387348127107,0.4481906250864791,0.4024937896057304,0.4481906250864791,0.4813225810189142,0.3402309761587641,0.4024937896057304,82.1,15.69767441860465,226.27538426783786
2023-05,439475,45.912,4.0,14823.772727272728,0.5011159917558303,45.16,1.6536876960560245,0.0679570362810138,2.8013251334215603,35.59567576045431,WASPADA,WASPADA,0.8821803157679811,0.0555182177661234,0.8821803157679811,0.06230146646589506,0.0,0,0.08660916577180255,0.4416067748668485,0.2709387348127107,0.1518201472981976,0.319156000556368,0.1518201472981976,0.4416067748668485,0.34159854003021317,0.319156000556368,87.68,15.023474178403756,257.564832213122
2023-06,478198,57.33200000000001,3.52,14935.695454545454,0.489823488675001,45.16,1.8742271246454247,0.08811195176062347,1.6328864418444597,30.198099854199246,WASPADA,WASPADA,0.6600859979989437,0.3223404619138757,0.6600859979989437,0.01757354008717993,0.0,0,0.07323138651530886,0.3949562039005817,0.2709387348127107,0.1201667805319525,0.2865259973503178,0.1201667805319525,0.3949562039005817,0.3154905024843686,0.2865259973503178,95.41,14.50381679389313,63.08740329533358
2023-07,541353,61.934000000000005,3.08,15032.809523809525,0.4971095088650198,45.16,2.050641383263782,0.13206872467053388,1.1961225781326066,28.318664235129337,AMAN,AMAN,0.9012770906762388,0.9012770906762388,0.09236934283409197,0.006353566489669244,0.0,0,0.06519113287920136,0.3171105382234238,0.2709387348127107,0.1616808650663554,0.2740241923860066,0.1616808650663554,0.3171105382234238,0.3086526831271238,0.2740241923860066,108.01,16.470588235294116,104.60578508119848
2023-08,522141,58.92,3.27,15244.208695652173,0.508622406127301,45.16,1.4870893370676377,-0.0354888584712747,0.887308925428054,39.398092286721074,WASPADA,WASPADA,0.8724730521362303,0.06684144858764948,0.8724730521362303,0.05768549927612026,0.0029999999999999996,0,0.06030107705882132,0.326008123770898,0.2709387348127107,0.5241085538091195,0.3766460250382578,0.5241085538091195,0.326008123770898,0.328233711286507,0.3766460250382578,104.18,14.232209737827716,157.74513845763224
2023-09,508350,56.93000000000001,2.28,15360.047619047618,0.5545474805845417,45.16,1.1262161682225182,-0.0264124058443983,0.7459352525398233,38.40626681423693,WASPADA,WASPADA,0.8094227204994899,0.027788579711348474,0.8094227204994899,0.16278869978916125,0.0,0,0.08478394159513031,0.312616646348427,0.2709387348127107,0.1208900921390752,0.2830610792717803,0.1208900921390752,0.312616646348427,0.3493687892998097,0.2830610792717803,101.43,13.314447592067989,165.92821590643828
2023-10,461441,56.036,2.56,15749.772727272728,0.5133891819176337,45.16,0.48086847516955344,-0.09227697452542538,0.5117119419218723,46.33394051059712,SIAGA,SIAGA,0.649512177063188,0.02709599916457001,0.3207463211267397,0.649512177063188,0.002645502645502646,0,0.0681664004266459,0.2992409708991941,0.2709387348127107,0.1226869429970118,0.3008973981752399,0.1226869429970118,0.2992409708991941,0.390830839402377,0.3008973981752399,92.07,14.937759336099584,264.85823447712
2023-11,403154,54.41,2.86,15589.318181818182,0.5317370293009633,45.16,-0.37741776711459524,-0.1263151735541489,0.4027724618821287,45.432132032919654,SIAGA,SIAGA,0.8169323415655468,0.007986761916757113,0.15916110621747545,0.8169323415655468,0.01591979030022087,0,0.0693247180779894,0.3038425145727647,0.2709387348127107,0.1286453676874144,0.3160630320888229,0.1286453676874144,0.3038425145727647,0.41588212304755634,0.3160630320888229,80.44,13.502109704641349,195.87254022719188
2023-12,481646,61.362,2.61,15496.142857142857,0.4290976649903236,45.16,0.5833124583663614,0.1946948312555501,0.2766409737168545,24.163372704287898,AMAN,AMAN,0.8564659920603026,0.8564659920603026,0.11802380363751186,0.025510204302186076,0.0,0,0.04787948755512833,0.2739920002611549,0.2709387348127107,0.1400001850056595,0.2809486497065849,0.1400001850056595,0.2739920002611549,0.35490120677976256,0.2809486497065849,96.1,19.574468085106385,128.29355225845342
2024-01,420037,54.248000000000005,2.57,15607.04347826087,0.4816896244267787,45.56,-0.41495320246467726,-0.12791344680533,0.2659915306599152,45.08889619571016,SIAGA,SIAGA,0.7688392034365472,0.013237524910703473,0.21792327165274977,0.7688392034365472,0.0,0,0.051829592282237935,0.4431887312418051,0.3604372692945864,0.1901749236469191,0.4117342491971299,0.1901749236469191,0.4431887312418051,0.5067866709498978,0.4117342491971299,83.81,17.355371900826448,59.57456815591578
2024-02,455277,51.0,2.75,15643.97619047619,0.5530159391651085,45.56,-0.04848107907155112,0.08389737094589278,0.40730425643720447,30.944817617849075,WASPADA,WASPADA,0.7642897197409632,0.09700948815938251,0.7642897197409632,0.1387007920996542,0.0,0,0.08079399537170123,0.2625740726152294,0.3604372692945864,0.1928225037983297,0.3728370590524482,0.1928225037983297,0.2625740726152294,0.5179758298981169,0.3728370590524482,90.84,12.274368231046932,76.93900987088348
2024-03,469227,51.146,3.05,15697.190476190475,0.5028874864616242,45.56,0.07440094276046676,0.030640686878537604,0.2658034232994779,32.993694245743676,WASPADA,WASPADA,0.8875417534669926,0.058934692805471665,0.8875417534669926,0.05352355372753568,0.0,0,0.10050500232198256,0.3417032012829847,0.3604372692945864,0.2870761410674716,0.4123442473974918,0.2870761410674716,0.3417032012829847,0.5102988236197554,0.4123442473974918,93.62,15.139442231075698,45.317889533196414
2024-04,503194,55.262,3.0,16082.122727272728,0.5730095410208904,45.56,0.718807415398444,0.07238927001216888,0.22279895992806975,36.79286762466036,WASPADA,WASPADA,0.8869192115632738,0.07017819714753494,0.8869192115632738,0.04290259128919139,0.0,0,0.08642501246094292,0.3980460387971034,0.3604372692945864,0.1654100379934244,0.391693172413614,0.1654100379934244,0.3980460387971034,0.5016583064319641,0.391693172413614,100.4,11.196911196911197,239.0874964781675
2024-05,544601,63.424,2.84,16069.382608695652,0.5416170880644621,45.56,1.405144715319967,0.08228834207085134,0.23920814608339502,32.43985357053482,WASPADA,WASPADA,0.7560418638620001,0.2298426869318277,0.7560418638620001,0.014115449206171604,0.0,0,0.07885411966162997,0.285159461852817,0.3604372692945864,0.1216329101968992,0.3466995592762136,0.1216329101968992,0.285159461852817,0.49000293252756927,0.3466995592762136,108.66,13.47305389221557,218.65579192054201
2024-06,520898,62.684000000000005,2.51,16334.605,0.5644912210314773,45.56,0.766448556910359,-0.04352360719131987,0.08929355622566382,39.69574298002348,WASPADA,WASPADA,0.9003640075781372,0.047888023561086825,0.9003640075781372,0.051747968860775775,0.0,0,0.08079933823529034,0.4712651757071802,0.3604372692945864,0.1328819007555488,0.3913916263162481,0.1328819007555488,0.4712651757071802,0.48070971440113175,0.3913916263162481,103.93,12.209302325581394,149.58415998532413
2024-07,625665,65.73799999999999,2.13,16238.478260869566,0.5405581388846937,45.56,2.236047743278561,0.2011276679887426,0.15574311031803645,23.678355127298936,AMAN,AMAN,0.8551303153087209,0.8551303153087209,0.11719545032184575,0.02485512708673996,0.0028191072826938136,0,0.0612153560157242,0.3278335314210064,0.3604372692945864,0.1460651771138267,0.3557835966205923,0.1460651771138267,0.3278335314210064,0.474617838973768,0.3557835966205923,124.83,12.951807228915662,134.27372937906136
2024-08,616641,67.87,2.12,15734.772727272728,0.5812586763299498,45.56,1.6771384063612627,-0.014423053870681546,0.18098559584480056,37.08936258038009,WASPADA,WASPADA,0.8181781719211809,0.14054714916330086,0.8181781719211809,0.038455571632824447,0.0028191072826938136,0,0.030190483391170142,0.3003661733961876,0.3604372692945864,0.1203141341396198,0.3507931630893042,0.1203141341396198,0.3003661733961876,0.4912461724107047,0.3507931630893042,123.03,12.030075187969924,322.16930589264814
2024-09,593909,64.08,1.84,15318.48095238095,0.5806759997716823,45.56,1.1593885157186514,-0.03686423705202868,0.1683072686141438,39.43344737606161,WASPADA,WASPADA,0.8178854108704591,0.031515147737613214,0.8178854108704591,0.1209581847008491,0.02964125669107801,0,0.03136444353160994,0.3401222763656047,0.3604372692945864,0.1189039307179578,0.3709005554872767,0.1189039307179578,0.3401222763656047,0.5122880074327723,0.3709005554872767,118.5,11.528822055137844,460.6902708696991
2024-10,559911,62.138,1.71,15557.608695652174,0.5794141442372055,45.56,0.5913476874939315,-0.05724446000986683,0.2133967289425951,41.55084451574456,WASPADA,WASPADA,0.7956487870124552,0.019981067631637105,0.7956487870124552,0.1820490621837603,0.0023210831721470013,0,0.07496252443487245,0.3342521561634654,0.3604372692945864,0.1240663528580943,0.3817263039375247,0.1240663528580943,0.3342521561634654,0.5342933533642696,0.3817263039375247,111.71,11.64021164021164,208.9130654696985
2024-11,472900,58.208000000000006,1.55,15813.09523809524,0.5731098118404233,45.56,-0.7366767549823257,-0.15540148345004834,0.17300088799813462,53.44293959124721,SIAGA,SIAGA,0.8736410455853987,0.0037140831941748316,0.09268496823680923,0.8736410455853987,0.029959902983617018,0,0.04568375705151084,0.3682692778569494,0.3604372692945864,0.1482454063876844,0.4009374973050512,0.1482454063876844,0.3682692778569494,0.5436176524877856,0.4009374973050512,94.35,11.738148984198643,247.35222612139265
2024-12,551100,61.89799999999999,1.57,16035.681818181818,0.5455070068845507,45.56,0.35425385720215713,0.16536265595263266,0.14420134289498932,30.17585269803763,WASPADA,WASPADA,0.4916388887959862,0.4490135748894384,0.4916388887959862,0.05424050612079428,0.005107030193780983,0,0.053430623846840386,0.3483546857001987,0.3604372692945864,0.2007230608035121,0.3978269419274446,0.2007230608035121,0.3483546857001987,0.5211150106030339,0.3978269419274446,109.95,13.060428849902534,239.22516223858398
2025-01,529897,61.544,0.76,16233.695652173914,0.581473325623153,45.16,-0.12466810332919231,-0.038473961168571935,0.2615483874039668,41.12174946129545,WASPADA,WASPADA,0.8472427565948764,0.05424024410938035,0.8472427565948764,0.09291301373074677,0.005603985564996342,0,0.0289530380263337,0.4330218880035825,0.3604372692945864,0.2135151262224667,0.4214768959252263,0.2135151262224667,0.4330218880035825,0.519685284737428,0.4214768959252263,105.72,10.325047801147228,210.4198075313102
2025-02,450697,53.65,-0.09,16337.5,0.6278728233416554,45.16,-1.5044491649800105,-0.14946300884888952,-0.010059809742200887,56.01502602976623,SIAGA,SIAGA,0.8160170793430502,0.000647356627105984,0.11468576877794744,0.8160170793430502,0.06864979525189666,0,0.040786862036315485,0.4389794418951862,0.3604372692945864,0.2079045274030498,0.4324419836707082,0.2079045274030498,0.4389794418951862,0.5414419826922985,0.4324419836707082,89.92,8.704453441295547,153.34005562523706
2025-03,470851,48.104,1.03,16450.47619047619,0.6252464191039977,45.16,-1.1571626545753186,0.04471740437588889,0.0034610114081243815,42.675631710130936,WASPADA,WASPADA,0.5148737832385651,0.0071477159859889205,0.5148737832385651,0.4415095820591621,0.03646891871628381,0,0.05813390136649571,0.3751984960191914,0.3604372692945864,0.1767314364466999,0.4085480694772301,0.1767314364466999,0.3751984960191914,0.5411311727215147,0.4085480694772301,93.94,8.844765342960288,108.42260221600758
2025-04,591221,57.402,1.95,16752.5,0.5786226342301076,45.16,0.8158278728762258,0.2556435050578634,0.17493650560221297,25.498165610846087,AMAN,AMAN,0.706734643396739,0.706734643396739,0.24837868753434725,0.04206756178622074,0.0028191072826938136,0,0.03847807501517009,0.4075797686587893,0.3604372692945864,0.1223455593575419,0.3868070973913833,0.1223455593575419,0.4075797686587893,0.508651530774601,0.3868070973913833,117.96,11.010830324909747,214.5565198002504
2025-05,602213,58.470000000000006,1.6,16416.772727272728,0.5859184677137477,45.16,0.8861826275952235,0.01859203242104046,0.10578753986863787,32.899311769396405,WASPADA,WASPADA,0.8828862050507329,0.0769361055460966,0.8828862050507329,0.04017768940317008,0.0,0,0.01605236514161118,0.5355965839541188,0.3604372692945864,0.2225716099271513,0.4431684914233543,0.2225716099271513,0.5355965839541188,0.5072528859060736,0.4431684914233543,120.15,10.9717868338558,184.87252662445343
2025-06,637868,63.25600000000001,1.87,16290.142857142857,0.6234515663658642,45.16,1.2271153741477694,0.05920662622693307,0.22455451931088244,33.08509894462957,WASPADA,WASPADA,0.9051754852597048,0.06479286050443,0.9051754852597048,0.02721254695317128,0.0028191072826938136,0,0.07134652809464104,0.4764906798027619,0.3604372692945864,0.1292004793864701,0.4013505940980167,0.1292004793864701,0.4764906798027619,0.49985560860141764,0.4013505940980167,127.27,8.942065491183879,238.92887826436615
2025-07,697107,66.184,2.37,16278.130434782608,0.5800411891626661,45.16,1.7922100797649703,0.09287031172593707,0.11418570640838155,28.76342466639087,AMAN,AMAN,0.7384227162856036,0.7384227162856036,0.24586439777950797,0.015712885934888857,0.0,0,0.057857561743256125,0.4162152397178102,0.3604372692945864,0.1630710540134464,0.3742048386647096,0.1630710540134464,0.4162152397178102,0.45876653046379107,0.3742048386647096,139.09,10.918114143920596,76.81265907604498
2025-08,682866,67.758,2.31,16297.90476190476,0.6153946387341519,45.16,1.403105763763259,-0.020428714673644044,0.10739636190263058,33.55126268663449,WASPADA,WASPADA,0.8640596257774009,0.11778611641267962,0.8640596257774009,0.018154257809919517,0.0,0,0.050393457539996855,0.440493211025105,0.3604372692945864,0.147080728918871,0.2683946093588107,0.147080728918871,0.440493211025105,0.24300224874563356,0.2683946093588107,136.24,9.3711467324291,9.963010494190193
2025-09,635149,66.25800000000001,2.65,16512.31818181818,0.5796239688282921,45.16,0.748590686151437,-0.06987754552137604,0.06943824727357217,40.25406562410079,WASPADA,WASPADA,0.8123396838399636,0.016061101025709346,0.8123396838399636,0.1670434950906713,0.0045557200436553815,0,0.07007963481493107,0.484310213171876,0.3604372692945864,0.1846240419374795,0.3465764237130325,0.1846240419374795,0.484310213171876,0.3586857198713872,0.3465764237130325,126.72,11.832611832611832,129.8768901131039
2025-10,594853,63.99,2.86,16581.739130434784,0.6359754217337378,45.16,0.22382718057731807,-0.06344338100193814,0.062406346722961414,39.095393435444855,WASPADA,WASPADA,0.7814944200070258,0.02725438091193832,0.7814944200070258,0.18852392635376256,0.002727272727272727,0,0.05922882947561264,0.4518821579334699,0.3604372692945864,0.1323240780186339,0.3578740608706332,0.1323240780186339,0.4518821579334699,0.4236450037652145,0.3578740608706332,118.68,8.322981366459627,147.96076704295092
2025-11,483364,57.94199999999999,2.72,16688.775,0.6559128536126537,45.16,-1.1546347364986163,-0.18742277503853888,0.022127299640515963,53.56043315271255,SIAGA,SIAGA,0.8200691013992202,0.0009263657957244657,0.14685323211851103,0.8200691013992202,0.03215130068654465,0,0.03245947857526038,0.4790376764841992,0.3604372692945864,0.1977168440480678,0.3570787642653166,0.1977168440480678,0.4790376764841992,0.3757802682644996,0.3570787642653166,96.44,7.002457002457002,88.89408881944857
2025-12,572668,59.016,2.92,16697.82608695652,0.6177754613177088,45.16,-0.07901463986062027,0.18475517415446752,0.0391362729087279,24.328950844019985,AMAN,AMAN,0.7937504094967481,0.7937504094967481,0.15860780425224785,0.04764178625100418,0.0,0,0.06498790635315521,0.4765192840723544,0.3604372692945864,0.1500841145785977,0.3302437251389301,0.1500841145785977,0.4765192840723544,0.34718575095238435,0.3302437251389301,114.26,9.172259507829978,64.56880183458601
2026-01,502205,56.49399999999999,2.92,16812.613636363636,0.6186307948611742,45.16,-0.8999942131783459,-0.12304336893278478,-0.05225921263943745,48.06692586214464,SIAGA,SIAGA,0.7702409463314671,0.020251804980001037,0.2003359706861702,0.7702409463314671,0.009171278002362362,0,0.06573829875751397,0.4765192840723544,0.3604372692945864,0.1500841145785977,0.3302437251389301,0.1500841145785977,0.4765192840723544,0.34718575095238435,0.3302437251389301,100.2,9.20666013712047,69.03394277376047
2026-02,492289,54.08,2.92,16811.5,0.6647645224715935,45.16,-1.13027803055398,-0.01974492488127355,0.09228372942353724,43.50097956254583,WASPADA,WASPADA,0.5815955778586571,0.00739298991475508,0.5815955778586571,0.40869034905444046,0.0023210831721470018,0,0.07946578830942147,0.4765192840723544,0.3604372692945864,0.1500841145785977,0.3302437251389301,0.1500841145785977,0.4765192840723544,0.34718575095238435,0.3302437251389301,98.22,6.606942889137738,65.95349395648103
2026-03,472070,51.65,2.92,16932.363636363636,0.6589935874771609,45.16,-1.3942589300900932,-0.04107140317983948,0.0025889294065426505,47.81297185922199,SIAGA,SIAGA,0.7168670343147735,0.006625934315086764,0.2583676475393489,0.7168670343147735,0.018139383830791337,0,0.08159903548448233,0.4765192840723544,0.3604372692945864,0.1500841145785977,0.3302437251389301,0.1500841145785977,0.4765192840723544,0.34718575095238435,0.3302437251389301,94.19,6.8034557235421165,69.46140568681128
2026-04,553328,51.65,2.92,17132.272727272728,0.6707395279603731,45.16,-0.3058837860187145,0.17213125172114307,-0.06409278425495712,30.716839900940528,WASPADA,WASPADA,0.4909368642665443,0.3378498923660119,0.4909368642665443,0.16869752009700315,0.0025157232704402514,0,0.08437340131704302,0.4765192840723544,0.3604372692945864,0.1500841145785977,0.3302437251389301,0.1500841145785977,0.4765192840723544,0.34718575095238435,0.3302437251389301,110.4,5.864197530864197,162.00144329811926
