date,Ubud Bali,Tanah Lot Bali,Seminyak Bali,Nusa Penida Bali,Bali surfing,Bali white water rafting,Bali food,best restaurants Bali,Bali cafe,Bali cooking class,Bali villa private pool,Bali resort,Bali boutique hotel,Bali airbnb,Bali yoga retreat,Bali spa massage,Bali meditation,Bali honeymoon,Bali waterpark,Bali shopping,Bali souvenir,Bali market,Bali fashion
2008-12-28,40,0,30,0,43,0,0,0,49,33,0,57,3,0,0,0,0,47,0,35,0,0,0
2009-01-04,35,4,36,0,26,0,30,0,30,0,0,66,0,0,0,0,0,48,0,67,0,0,0
2009-01-11,38,5,42,0,62,0,23,0,42,0,0,72,3,0,86,0,0,52,0,49,0,0,0
2009-01-18,41,5,37,0,32,0,22,0,38,0,0,64,0,0,0,0,0,39,0,42,0,0,0
2009-01-25,37,5,32,0,46,0,0,0,44,0,0,65,3,0,0,0,0,44,0,36,0,0,0
2009-02-01,36,0,37,0,51,0,29,0,44,0,0,65,3,0,0,0,0,42,0,57,0,0,0
2009-02-08,41,5,38,0,26,0,33,0,48,0,0,70,0,0,0,0,0,44,0,62,0,0,24
2009-02-15,49,6,44,4,41,0,27,0,27,0,0,70,4,0,0,0,0,63,0,64,0,0,30
2009-02-22,55,5,39,0,47,0,38,0,52,0,0,66,0,0,0,0,0,41,0,48,0,0,27
2009-03-01,39,6,38,0,52,0,22,0,39,0,0,74,3,0,0,0,0,45,0,47,0,0,32
2009-03-08,42,6,40,0,68,0,28,0,45,0,0,78,0,0,0,0,0,56,0,49,0,0,26
2009-03-15,43,5,40,0,42,0,35,0,50,0,0,69,3,0,0,0,0,40,0,44,0,0,24
2009-03-22,47,4,47,0,48,0,46,0,37,0,0,73,0,0,0,0,0,53,0,66,0,0,26
2009-03-29,51,5,47,0,61,0,36,0,55,0,0,79,2,0,0,0,0,61,0,75,0,0,0
2009-04-05,49,4,48,0,45,0,28,0,40,0,0,69,3,0,0,0,0,34,0,67,0,0,46
2009-04-12,51,5,56,0,40,0,35,0,51,0,0,82,3,0,0,0,0,65,0,87,0,0,0
2009-04-19,56,4,51,0,59,0,47,0,44,0,0,71,2,0,0,0,0,48,0,52,0,0,26
2009-04-26,44,0,52,0,0,0,49,0,34,0,0,74,0,0,0,0,0,39,0,62,0,0,0
2009-05-03,51,4,59,0,34,0,32,0,43,0,0,79,3,0,0,0,0,37,0,50,0,0,0
2009-05-10,59,7,64,0,58,0,30,0,42,0,0,81,5,0,0,0,0,57,0,73,0,28,0
2009-05-17,59,5,58,0,77,0,36,0,61,0,0,78,3,0,0,0,0,55,0,81,0,24,0
2009-05-24,52,5,57,4,63,0,35,0,52,0,0,79,4,0,0,0,0,42,0,61,0,0,0
2009-05-31,56,4,53,0,42,0,32,0,39,0,0,77,4,0,0,0,0,52,0,79,0,0,26
2009-06-07,53,0,60,0,58,0,32,0,39,0,0,77,3,0,71,0,0,65,0,72,0,0,27
2009-06-14,61,5,59,0,60,0,41,0,49,0,0,85,4,0,0,0,0,49,0,78,0,0,30
2009-06-21,54,4,62,0,64,0,34,0,40,0,0,90,3,0,0,0,0,40,0,76,0,0,0
2009-06-28,58,5,62,0,53,0,30,0,43,0,0,82,4,0,0,0,0,40,0,72,0,0,28
2009-07-05,57,0,61,0,61,0,33,0,36,0,0,97,4,0,0,0,0,55,0,81,0,0,0
2009-07-12,62,6,70,0,81,0,30,0,48,0,0,100,5,0,82,0,0,61,0,82,0,0,0
2009-07-19,58,7,61,0,41,0,26,0,52,0,0,77,3,0,0,0,0,57,0,43,0,0,26
2009-07-26,57,6,57,4,48,0,34,0,55,0,0,75,3,0,0,0,0,42,0,99,0,0,37
2009-08-02,59,4,61,0,42,0,27,0,50,0,0,82,4,0,0,0,0,52,0,89,0,25,0
2009-08-09,56,0,56,0,57,0,32,0,54,0,0,77,3,0,0,0,0,42,0,54,27,0,0
2009-08-16,58,0,63,0,85,0,39,0,53,0,0,84,5,0,0,0,0,38,0,57,0,0,31
2009-08-23,58,4,64,0,58,0,27,0,53,0,0,84,4,0,0,0,0,45,0,67,0,0,22
2009-08-30,56,6,44,3,57,20,49,0,19,0,0,73,3,0,0,0,0,53,0,82,0,0,0
2009-09-06,52,6,51,0,41,0,41,0,49,0,0,77,4,0,0,0,0,45,0,53,21,0,31
2009-09-13,46,0,50,0,49,0,41,0,32,0,0,72,3,0,0,0,0,39,0,61,0,0,0
2009-09-20,47,4,47,0,47,0,45,0,37,0,0,67,4,0,0,0,0,36,0,71,0,0,22
2009-09-27,47,4,52,0,51,0,34,0,42,0,0,70,3,0,0,0,0,44,0,49,0,37,0
2009-10-04,47,4,50,0,40,0,33,0,39,0,0,68,3,0,0,0,0,40,0,69,0,0,0
2009-10-11,47,4,50,0,40,0,28,0,32,0,0,68,3,0,69,67,0,33,0,46,0,0,0
2009-10-18,50,4,47,0,36,0,42,0,44,0,0,64,3,0,0,0,0,43,0,69,0,23,0
2009-10-25,44,6,50,0,50,0,37,0,50,0,0,71,3,0,0,0,0,46,0,52,0,21,0
2009-11-01,47,8,47,0,46,0,35,0,38,0,0,65,3,0,0,0,0,40,0,62,0,0,40
2009-11-08,50,5,53,0,21,0,47,0,43,0,0,81,3,0,0,0,0,45,0,60,0,26,0
2009-11-15,55,5,57,0,28,0,42,0,41,0,0,73,4,0,0,64,0,77,0,65,0,0,24
2009-11-22,46,4,58,0,43,0,47,0,47,0,0,66,3,0,0,0,0,37,0,75,0,21,25
2009-11-29,42,5,46,0,49,0,30,0,42,0,0,69,3,0,0,0,0,25,0,66,0,0,26
2009-12-06,44,4,44,0,39,0,31,0,47,0,0,64,3,0,0,0,0,42,20,71,0,0,0
2009-12-13,34,3,42,0,20,0,32,0,62,0,0,63,2,0,0,0,0,36,0,57,0,0,21
2009-12-20,42,0,47,0,26,0,22,0,37,0,0,63,3,0,0,0,0,36,0,86,0,0,31
2009-12-27,47,8,58,4,37,0,27,0,52,0,0,76,3,0,0,0,0,37,0,70,0,25,0
2010-01-03,50,7,68,0,60,0,16,0,44,0,0,91,4,0,0,0,0,58,0,84,0,22,0
2010-01-10,49,4,61,0,49,0,32,0,46,0,0,92,3,0,0,0,0,64,0,80,0,32,23
2010-01-17,55,8,65,0,42,0,33,0,48,0,0,86,2,0,0,0,0,75,0,64,0,19,23
2010-01-24,55,6,52,0,45,0,26,0,39,0,0,83,4,0,0,0,0,61,0,61,0,35,28
2010-01-31,56,6,60,0,43,0,31,0,38,0,0,89,4,0,0,0,0,54,0,69,0,19,0
2010-02-07,54,6,61,0,41,0,26,0,52,0,0,87,3,0,0,0,0,35,0,63,0,0,18
2010-02-14,51,7,54,0,47,0,38,0,52,0,0,85,3,0,0,0,0,42,0,62,0,0,18
2010-02-21,52,8,59,0,57,0,32,0,49,0,0,80,4,0,0,0,0,60,0,58,0,17,0
2010-02-28,50,5,56,0,40,0,37,0,37,0,0,83,4,0,77,0,0,55,0,56,0,20,0
2010-03-07,61,6,58,0,42,0,30,0,33,0,0,88,2,0,0,0,0,43,0,69,0,28,20
2010-03-14,60,7,57,0,49,0,36,0,46,0,0,89,4,0,0,73,0,57,0,53,0,0,19
2010-03-21,56,7,55,0,54,0,39,0,47,0,0,79,4,0,0,0,0,59,0,78,0,27,28
2010-03-28,61,6,58,0,54,0,39,0,41,0,0,83,3,0,0,0,0,67,0,68,0,0,24
2010-04-04,58,7,55,0,36,0,35,0,38,0,0,84,4,0,0,63,0,44,0,83,0,21,0
2010-04-11,59,8,66,0,42,0,35,0,44,0,0,97,5,0,0,0,59,55,0,99,0,28,28
2010-04-18,53,7,65,0,49,0,31,0,47,0,0,88,4,0,0,0,0,58,0,58,0,21,0
2010-04-25,59,8,64,0,41,0,36,0,36,0,0,84,4,0,0,0,0,54,0,71,0,0,18
2010-05-02,64,8,67,0,49,0,46,0,54,0,0,88,3,0,0,71,0,49,0,75,0,0,29
2010-05-09,60,6,66,0,62,0,34,0,52,0,0,87,3,0,0,83,0,65,0,72,0,0,21
2010-05-16,59,5,69,5,38,0,34,0,54,0,0,92,5,0,0,0,0,62,0,63,0,25,26
2010-05-23,59,8,73,0,43,0,41,0,45,0,0,90,6,0,0,0,0,59,0,92,0,0,21
2010-05-30,55,7,64,0,33,0,48,0,59,0,0,93,4,0,0,64,0,39,0,84,0,0,22
2010-06-06,59,7,60,0,56,0,43,0,46,0,0,89,3,0,0,0,0,53,0,77,0,0,0
2010-06-13,55,5,65,0,47,0,42,0,54,0,0,89,5,0,0,0,0,44,0,76,0,0,22
2010-06-20,60,6,60,0,51,0,46,0,61,0,0,91,5,0,0,0,0,42,0,89,0,0,55
2010-06-27,63,5,67,0,36,0,36,0,48,0,0,88,5,0,59,0,0,50,0,91,0,22,21
2010-07-04,53,6,71,0,29,0,27,0,56,0,0,88,6,0,0,0,0,52,0,77,0,17,25
2010-07-11,68,6,66,0,31,0,28,0,50,0,0,91,5,0,0,0,0,59,0,66,0,25,0
2010-07-18,64,5,74,0,55,0,53,13,68,0,0,97,6,0,0,63,0,52,0,73,0,0,22
2010-07-25,64,9,68,0,67,0,35,0,79,0,0,92,6,0,0,0,0,55,0,88,0,25,22
2010-08-01,65,4,68,0,64,17,39,0,66,0,0,90,4,0,0,0,0,65,0,69,0,20,24
2010-08-08,64,6,69,0,37,0,31,0,69,0,2,89,6,0,0,67,0,56,0,87,0,32,23
2010-08-15,64,4,71,0,43,0,49,0,76,0,0,88,4,0,86,67,59,65,0,68,0,21,23
2010-08-22,62,7,67,0,31,0,55,0,54,0,0,89,5,0,0,0,0,57,0,64,0,26,20
2010-08-29,56,6,62,0,36,18,50,0,56,0,0,76,5,0,96,0,0,43,0,61,0,22,23
2010-09-05,52,4,63,0,40,0,36,0,74,0,0,76,4,0,0,0,0,56,0,81,0,0,18
2010-09-12,52,5,59,0,51,0,39,0,57,0,0,80,4,0,62,58,0,44,0,77,0,17,0
2010-09-19,56,6,61,0,31,0,36,0,65,0,0,77,4,0,0,52,0,51,0,76,0,15,34
2010-09-26,53,4,53,0,37,0,33,0,58,0,0,74,3,0,0,0,0,33,0,56,0,23,26
2010-10-03,53,4,57,0,30,0,32,0,48,0,0,77,2,0,0,0,0,60,0,95,0,24,19
2010-10-10,54,6,60,0,30,0,37,0,51,0,0,81,4,0,49,87,52,54,0,75,0,0,20
2010-10-17,51,5,58,0,46,0,26,0,58,0,0,76,3,1,0,52,0,47,0,57,0,19,0
2010-10-24,50,6,53,0,36,0,37,0,44,0,0,71,3,0,0,0,0,47,0,62,0,19,26
2010-10-31,47,4,51,0,34,0,42,0,40,0,0,69,4,0,0,0,0,42,0,58,0,0,17
2010-11-07,49,8,58,0,38,0,42,0,45,0,0,73,3,0,0,49,0,57,0,66,0,21,25
2010-11-14,47,5,56,0,34,0,37,0,54,0,0,72,3,0,47,70,0,44,0,72,0,24,21
2010-11-21,45,6,55,0,41,0,46,0,49,0,0,66,4,0,0,0,0,47,0,53,0,16,17
2010-11-28,42,6,44,0,29,0,33,0,42,0,0,65,4,0,46,0,0,49,0,68,0,27,15
2010-12-05,44,7,43,0,26,0,38,0,53,0,0,59,3,0,0,52,0,53,0,76,0,17,0
2010-12-12,41,6,50,0,32,0,33,0,34,0,0,54,3,0,0,0,0,31,12,62,0,24,0
2010-12-19,49,6,53,0,40,0,33,14,50,0,0,57,3,0,0,54,0,51,0,56,0,0,18
2010-12-26,60,9,64,0,38,0,33,0,60,0,0,77,3,0,0,57,0,55,0,64,0,19,0
2011-01-02,67,7,73,0,49,0,40,0,61,0,0,91,3,0,69,0,72,73,0,76,0,32,14
2011-01-09,62,7,81,2,39,0,37,0,50,0,0,96,5,0,44,0,0,86,0,72,0,15,17
2011-01-16,59,6,76,0,32,0,35,0,51,0,0,91,4,0,53,0,46,74,0,83,0,27,17
2011-01-23,57,6,67,0,41,0,40,0,57,0,0,90,4,0,58,0,0,68,0,56,0,23,15
2011-01-30,57,6,62,0,38,0,29,0,43,0,0,79,3,0,80,0,0,70,0,69,0,18,18
2011-02-06,55,7,62,0,46,0,38,10,65,0,0,84,4,0,0,51,46,59,0,61,0,22,33
2011-02-13,57,6,57,0,44,0,44,0,60,0,0,81,3,0,48,0,0,60,0,54,0,25,17
2011-02-20,56,5,62,0,39,0,37,0,48,0,0,82,4,0,0,44,0,50,0,63,0,28,17
2011-02-27,53,7,60,0,37,0,49,0,39,0,0,76,5,0,0,0,0,62,0,73,0,23,21
2011-03-06,55,9,62,0,44,0,39,0,47,0,0,76,3,0,55,0,0,53,0,54,0,18,17
2011-03-13,58,6,63,0,43,0,42,0,41,0,0,74,3,0,71,0,0,49,0,63,0,15,18
2011-03-20,55,6,60,0,26,0,40,0,53,0,0,76,3,0,49,0,0,55,0,61,0,0,18
2011-03-27,59,8,78,0,58,0,34,0,60,0,0,74,3,0,51,68,0,59,0,69,0,17,15
2011-04-03,62,7,61,0,37,0,36,0,53,0,0,70,7,0,64,63,0,46,0,67,0,21,23
2011-04-10,53,6,66,0,28,0,40,0,54,10,0,71,3,0,58,0,0,49,0,73,19,22,19
2011-04-17,61,9,65,0,46,16,47,0,56,0,0,72,4,0,49,0,47,54,0,72,0,19,22
2011-04-24,58,6,66,0,41,13,44,0,65,0,0,74,3,0,75,51,0,44,0,69,0,31,15
2011-05-01,54,6,55,0,34,0,35,0,48,0,1,67,4,0,0,49,0,40,0,51,13,19,20
2011-05-08,59,5,64,2,27,0,58,0,54,0,0,67,4,0,49,52,0,55,0,66,15,15,14
2011-05-15,52,6,62,0,45,0,42,0,55,0,0,78,4,0,80,0,0,58,0,66,0,31,17
2011-05-22,57,6,68,0,44,14,33,0,59,0,0,81,4,0,49,51,0,55,0,70,0,0,21
2011-05-29,59,6,73,0,48,0,31,0,63,0,0,80,4,0,0,0,47,48,0,70,0,0,29
2011-06-05,62,7,74,2,44,0,40,0,62,0,0,81,4,0,0,60,0,44,0,71,0,16,0
2011-06-12,62,6,71,0,52,0,40,0,64,0,0,79,4,0,55,44,0,59,0,61,0,20,28
2011-06-19,65,5,68,0,42,14,44,0,58,0,0,85,4,0,50,0,0,58,0,78,0,25,22
2011-06-26,63,7,70,0,55,18,46,0,59,0,0,81,3,0,62,60,0,57,0,74,0,22,23
2011-07-03,63,5,71,0,49,0,43,0,55,0,0,76,5,0,59,0,0,55,0,67,0,21,16
2011-07-10,63,7,78,2,41,0,36,0,58,0,0,83,3,0,64,50,0,69,0,86,0,24,27
2011-07-17,65,5,75,0,36,0,46,0,64,0,0,87,3,0,0,0,0,52,0,81,0,28,31
2011-07-24,64,5,72,0,43,0,38,0,49,0,0,80,2,0,61,58,0,46,0,71,0,19,28
2011-07-31,66,6,78,0,47,15,51,11,61,10,0,82,4,0,0,45,62,58,0,91,17,28,23
2011-08-07,65,7,78,0,43,0,38,0,55,0,0,86,3,0,0,61,0,63,0,83,0,30,19
2011-08-14,69,6,77,0,33,0,46,0,65,0,0,87,3,0,42,62,44,58,0,80,14,22,23
2011-08-21,59,6,73,0,43,13,38,0,47,0,0,83,3,0,50,0,0,61,0,61,0,18,30
2011-08-28,52,5,66,0,34,0,36,0,57,0,0,69,3,0,54,45,0,60,0,72,0,23,21
2011-09-04,59,6,75,0,46,12,40,10,70,0,0,79,4,0,40,40,0,55,0,76,0,18,22
2011-09-11,55,7,71,0,39,0,44,0,54,0,0,78,4,0,46,0,46,75,0,62,14,20,29
2011-09-18,54,5,67,0,38,0,50,11,53,0,0,72,3,0,38,0,0,64,0,74,0,28,21
2011-09-25,61,5,67,0,34,0,37,0,60,0,0,71,4,0,0,62,62,40,0,77,0,29,13
2011-10-02,56,6,68,0,43,0,31,0,50,0,0,70,3,0,51,74,0,58,0,70,12,20,18
2011-10-09,49,6,68,0,32,0,60,10,65,0,0,65,5,0,0,0,0,46,0,58,0,25,21
2011-10-16,46,4,64,0,35,0,38,0,50,0,0,59,3,0,37,0,0,46,0,68,0,22,12
2011-10-23,49,5,59,0,26,0,36,0,46,0,0,62,3,0,0,67,0,58,0,73,0,24,18
2011-10-30,49,7,60,0,19,13,39,0,48,0,0,59,3,0,39,0,0,45,0,67,0,21,23
2011-11-06,51,7,55,0,35,0,38,0,45,0,0,60,2,0,0,51,0,57,0,64,0,21,34
2011-11-13,54,6,61,0,30,11,41,0,53,0,0,61,3,0,68,42,0,43,0,67,0,22,19
2011-11-20,47,5,61,0,25,0,46,0,42,0,0,60,4,0,50,64,47,48,0,59,0,21,20
2011-11-27,53,5,51,0,44,14,53,0,50,0,0,59,3,0,0,0,0,47,0,66,0,20,0
2011-12-04,50,8,49,0,28,0,28,0,42,0,0,57,5,0,67,70,0,58,0,62,12,21,20
2011-12-11,51,4,52,0,29,0,36,0,43,0,0,56,3,0,0,42,0,38,0,76,0,20,18
2011-12-18,52,6,52,0,34,0,37,0,55,0,0,51,2,0,0,88,0,41,0,68,0,23,24
2011-12-25,58,8,66,0,29,13,35,0,58,0,0,62,3,0,57,78,0,61,0,80,14,21,17
2012-01-01,61,11,73,2,35,0,42,0,73,0,0,72,4,0,95,56,0,62,0,52,11,28,14
2012-01-08,61,7,74,0,41,11,49,11,51,0,0,79,3,0,0,0,0,64,0,60,0,18,20
2012-01-15,57,9,72,0,25,0,41,0,50,0,0,81,4,0,43,0,59,58,0,66,10,27,21
2012-01-22,58,8,61,0,35,0,26,0,46,0,0,73,3,0,83,63,0,70,0,57,14,23,18
2012-01-29,56,6,65,2,39,0,36,0,42,0,0,72,3,0,36,51,0,54,0,56,0,22,14
2012-02-05,57,8,67,0,36,0,33,0,56,0,0,70,3,0,43,50,0,60,0,58,0,25,22
2012-02-12,54,9,60,0,40,0,40,0,51,0,0,67,3,0,0,34,43,49,0,61,16,20,14
2012-02-19,59,9,75,0,30,0,41,0,52,0,0,73,4,0,39,37,0,55,0,74,0,27,18
2012-02-26,58,11,71,0,36,0,48,0,54,0,0,72,4,0,41,58,34,61,0,71,0,28,35
2012-03-04,57,8,60,0,38,0,43,0,49,10,0,71,4,0,41,39,0,63,0,64,0,22,22
2012-03-11,56,8,66,0,25,0,33,0,50,0,0,71,4,0,67,47,0,64,0,60,0,18,41
2012-03-18,56,9,64,0,37,0,47,8,56,8,0,67,4,0,71,42,0,57,0,62,15,27,16
2012-03-25,54,7,57,0,25,0,35,0,52,0,0,68,3,0,43,35,0,62,0,61,11,24,28
2012-04-01,55,6,68,0,37,0,37,0,44,0,0,66,3,0,56,38,0,52,0,66,11,19,24
2012-04-08,59,9,65,0,22,0,41,0,55,0,0,64,3,1,45,0,0,47,0,75,0,33,23
2012-04-15,59,7,64,0,41,0,35,8,56,0,0,65,4,0,41,58,40,59,0,61,16,21,28
2012-04-22,54,7,61,0,39,0,44,10,63,0,0,67,3,0,0,68,50,58,0,54,12,23,21
2012-04-29,54,5,59,0,31,0,40,0,45,0,0,64,4,0,41,38,0,50,0,60,0,35,19
2012-05-06,60,8,68,0,40,0,42,8,51,0,0,67,4,0,45,54,0,54,0,80,0,19,23
2012-05-13,63,7,67,0,39,11,47,0,57,0,1,71,4,0,56,33,0,57,0,70,0,28,22
2012-05-20,59,7,67,0,31,0,44,0,51,0,0,69,3,0,45,81,33,56,0,71,14,25,33
2012-05-27,57,7,65,0,32,0,46,0,47,0,0,69,3,0,72,46,0,59,0,80,13,24,27
2012-06-03,59,7,70,2,34,14,36,0,54,0,0,66,4,0,41,46,33,59,0,75,11,18,18
2012-06-10,71,8,70,0,45,0,36,8,68,0,0,64,3,0,47,0,0,53,0,70,0,21,28
2012-06-17,63,10,75,0,45,0,41,8,55,0,0,70,4,0,57,42,0,65,11,67,0,27,20
2012-06-24,61,9,77,0,44,0,36,14,59,0,0,71,3,0,61,0,0,57,8,58,0,26,20
2012-07-01,62,7,83,0,40,0,42,0,69,0,0,72,4,0,63,51,0,61,0,79,18,26,31
2012-07-08,69,8,83,0,39,12,40,0,73,0,0,73,3,0,42,0,0,69,0,66,14,24,31
2012-07-15,69,7,85,0,34,0,43,13,73,0,1,73,4,0,47,68,0,45,0,74,0,25,28
2012-07-22,71,7,76,0,39,0,41,0,66,0,0,76,4,0,42,0,0,66,0,69,0,19,32
2012-07-29,66,7,76,0,41,12,52,14,74,8,0,73,4,0,40,0,0,52,0,68,13,16,24
2012-08-05,70,8,83,0,37,0,44,13,61,8,1,81,3,0,59,37,0,56,0,74,0,22,31
2012-08-12,71,8,83,0,51,10,49,10,62,0,0,78,3,0,57,61,0,57,9,89,12,25,20
2012-08-19,69,8,82,0,51,10,46,19,70,0,0,74,3,1,0,61,0,57,0,80,0,29,25
2012-08-26,64,9,89,3,36,11,52,12,66,0,1,74,3,1,66,56,0,68,0,83,0,22,48
2012-09-02,58,9,80,3,45,11,46,9,63,0,0,71,5,0,64,64,0,72,0,72,0,20,29
2012-09-09,62,8,85,2,33,13,48,0,73,0,0,74,5,0,76,68,0,57,0,75,18,30,24
2012-09-16,57,9,77,0,43,0,40,9,66,0,0,66,4,0,66,57,0,64,0,71,0,26,29
2012-09-23,63,7,77,0,25,0,40,0,66,0,1,61,3,0,57,55,0,60,0,65,11,20,26
2012-09-30,60,9,74,0,35,9,43,12,49,0,0,63,2,0,67,38,0,50,9,70,10,22,20
2012-10-07,56,8,68,0,40,0,46,0,70,0,1,65,3,0,49,39,39,54,0,69,13,21,25
2012-10-14,54,8,64,2,43,0,43,9,63,0,0,61,3,0,57,59,0,62,11,69,10,27,18
2012-10-21,49,6,65,1,36,0,47,9,60,0,0,58,3,0,58,65,0,52,8,67,13,25,15
2012-10-28,48,7,59,0,30,0,41,0,52,0,0,57,2,0,40,40,0,43,0,56,0,32,22
2012-11-04,50,7,62,0,33,10,44,0,65,0,0,56,3,0,48,53,0,60,9,43,11,24,14
2012-11-11,50,9,58,0,25,0,40,0,44,7,0,53,2,0,0,50,0,42,8,57,0,21,20
2012-11-18,49,7,60,0,23,0,33,7,52,0,0,58,3,1,65,0,36,64,0,76,9,0,14
2012-11-25,48,7,55,0,31,0,31,0,51,0,0,55,2,1,33,54,0,54,0,56,9,22,15
2012-12-02,45,5,56,0,35,0,39,0,53,0,0,51,2,1,42,41,0,47,0,56,11,21,22
2012-12-09,48,7,54,0,27,0,37,0,49,0,0,50,2,0,0,56,0,49,0,65,11,22,0
2012-12-16,48,7,56,0,30,0,37,7,49,0,0,52,3,0,45,50,0,35,0,60,12,19,19
2012-12-23,58,8,68,0,32,0,40,8,68,0,0,55,2,0,86,68,0,53,8,71,15,21,16
2012-12-30,59,8,83,0,40,12,43,9,80,0,1,65,2,1,65,71,37,80,0,78,0,31,18
2013-01-06,60,8,81,0,42,11,38,0,63,0,1,71,3,0,54,44,36,62,0,69,14,23,27
2013-01-13,64,7,76,2,32,13,39,10,60,0,0,72,3,0,57,37,0,68,0,77,12,32,23
2013-01-20,56,8,73,0,39,0,38,0,51,0,0,69,3,1,56,35,29,70,7,57,11,13,21
2013-01-27,56,10,67,0,31,0,39,6,51,0,0,67,3,0,47,35,0,67,0,70,10,27,17
2013-02-03,52,7,62,0,37,0,43,7,63,0,0,62,3,0,63,57,48,67,6,49,9,23,17
2013-02-10,61,7,76,0,37,0,43,8,70,0,1,65,2,1,64,51,0,59,0,62,10,20,17
2013-02-17,59,10,72,1,34,0,46,6,70,8,0,71,3,1,53,44,0,68,9,67,10,28,21
2013-02-24,59,6,68,1,38,0,41,7,53,0,1,60,2,1,41,56,0,68,0,68,0,28,21
2013-03-03,61,9,67,2,40,0,47,9,53,0,0,67,3,1,44,56,44,63,0,54,15,29,25
2013-03-10,57,9,71,2,28,0,43,9,61,0,0,69,3,1,65,55,27,54,0,63,0,26,21
2013-03-17,58,8,69,0,41,9,46,8,66,0,1,66,3,0,82,86,28,57,0,70,11,24,16
2013-03-24,61,9,74,2,43,9,49,0,68,0,0,66,3,1,71,38,29,52,0,69,15,31,26
2013-03-31,68,10,74,2,45,10,43,12,61,0,0,68,3,0,71,68,36,58,0,79,14,32,20
2013-04-07,62,8,73,0,41,0,40,9,65,0,1,65,3,1,58,55,27,71,9,73,12,32,33
2013-04-14,60,7,76,2,34,0,50,0,67,0,1,65,3,1,43,64,29,56,0,67,12,31,32
2013-04-21,61,9,78,2,46,13,47,13,73,0,1,65,3,1,56,36,27,59,0,72,19,32,20
2013-04-28,67,11,78,2,39,9,56,8,63,0,1,61,3,1,47,49,0,52,7,69,17,27,22
2013-05-05,68,9,75,0,46,13,50,11,58,10,0,65,4,1,33,63,0,61,10,78,17,26,26
2013-05-12,59,10,76,2,41,0,48,10,67,6,1,66,3,1,74,45,32,60,0,67,13,25,25
2013-05-19,65,10,73,0,30,9,52,13,67,6,1,64,3,1,85,42,0,53,0,82,15,34,29
2013-05-26,63,10,78,2,30,0,54,7,61,6,1,66,3,0,67,50,32,57,0,69,9,19,34
2013-06-02,66,8,81,0,39,9,49,12,66,7,1,68,3,1,58,0,0,68,8,76,17,23,30
2013-06-09,65,11,76,2,55,0,50,12,75,7,1,67,3,1,55,69,31,66,7,60,20,25,19
2013-06-16,70,9,80,1,100,0,52,10,69,0,1,68,2,1,60,51,0,53,9,84,16,27,27
2013-06-23,66,9,82,2,82,10,55,9,76,0,1,69,3,1,88,61,0,63,9,79,13,23,31
2013-06-30,66,11,83,2,47,13,41,11,65,13,1,67,3,1,70,52,0,62,9,71,15,17,28
2013-07-07,74,10,90,1,53,8,51,10,71,0,1,70,3,1,75,49,32,57,6,80,12,30,36
2013-07-14,73,9,83,1,42,10,57,12,71,0,1,73,3,1,74,56,0,61,0,83,10,31,31
2013-07-21,71,7,82,2,42,0,56,10,75,6,1,73,3,1,60,37,30,66,0,73,20,36,34
2013-07-28,74,8,80,0,54,0,49,17,71,0,1,68,4,1,58,64,0,51,10,79,12,26,23
2013-08-04,86,8,88,1,56,0,51,13,73,7,1,71,4,2,100,61,0,56,8,76,10,26,27
2013-08-11,78,9,88,0,43,10,56,7,81,0,1,74,3,1,89,74,0,62,8,93,0,43,20
2013-08-18,71,9,84,1,42,0,53,14,67,0,1,70,3,1,65,72,27,61,0,73,18,33,34
2013-08-25,75,9,79,3,38,8,51,6,86,0,1,72,4,1,53,65,33,68,7,84,11,26,31
2013-09-01,68,8,79,0,38,8,53,16,78,7,1,74,3,1,55,40,39,68,0,76,12,25,23
2013-09-08,65,10,78,1,35,9,49,6,66,0,1,69,3,1,67,81,0,62,0,72,11,29,27
2013-09-15,66,10,80,0,35,8,56,9,76,8,1,63,3,1,54,65,0,69,0,64,14,36,29
2013-09-22,56,11,74,2,32,12,47,0,69,0,1,58,3,1,47,50,0,71,7,74,12,28,28
2013-09-29,57,10,74,0,29,8,55,9,64,0,1,59,2,2,53,55,0,59,0,74,16,26,24
2013-10-06,63,8,79,1,35,13,56,14,79,0,0,72,3,1,87,88,0,71,6,64,11,25,24
2013-10-13,63,9,77,1,40,0,54,11,74,0,1,67,3,1,46,38,0,69,0,75,11,35,31
2013-10-20,61,8,76,1,38,8,56,11,65,8,1,58,3,1,63,57,37,70,0,71,12,23,25
2013-10-27,57,8,76,2,30,8,45,8,67,0,0,60,3,1,64,64,42,57,0,79,11,23,26
2013-11-03,57,9,72,0,36,0,44,0,68,0,1,60,3,1,51,73,38,70,6,63,9,30,18
2013-11-10,53,7,72,1,34,9,47,8,68,0,0,64,3,1,64,54,31,68,0,74,13,21,36
2013-11-17,51,9,66,0,36,9,50,11,74,9,1,58,2,1,55,52,27,59,0,64,17,24,25
2013-11-24,54,8,71,0,33,11,63,13,64,0,1,56,3,1,61,60,0,76,0,73,13,32,21
2013-12-01,53,7,62,1,23,9,64,8,66,8,1,54,2,0,61,59,33,58,0,70,12,33,19
2013-12-08,53,7,69,0,28,9,52,12,71,7,1,58,3,2,63,63,0,75,0,80,15,34,16
2013-12-15,61,9,73,1,31,9,55,0,64,0,1,65,3,1,82,51,26,65,0,77,12,29,20
2013-12-22,72,11,87,2,37,0,69,16,89,0,1,68,2,1,63,98,51,80,0,87,10,24,27
2013-12-29,77,12,100,0,43,10,84,18,100,0,1,76,3,2,74,77,0,100,9,100,14,27,24
2014-01-05,42,6,53,1,75,14,88,6,44,5,1,80,3,2,51,36,24,66,4,83,15,26,26
2014-01-12,39,6,47,1,57,12,47,11,46,5,0,74,3,2,65,40,20,59,5,82,15,25,21
2014-01-19,38,6,46,0,51,13,38,6,40,5,1,69,3,2,60,36,21,58,6,73,10,25,17
2014-01-26,37,6,44,1,73,11,28,5,46,5,1,68,3,1,50,43,0,61,7,68,8,18,19
2014-02-02,37,5,45,0,60,0,44,6,43,0,1,65,3,2,36,22,20,54,0,66,8,23,17
2014-02-09,41,6,48,2,54,18,35,0,38,4,1,68,3,1,42,42,25,51,0,83,9,30,23
2014-02-16,38,5,43,2,53,19,30,8,42,0,1,66,2,2,41,31,23,61,0,68,7,39,24
2014-02-23,40,7,41,0,49,0,34,0,43,0,1,66,2,2,54,49,21,54,4,69,10,24,19
2014-03-02,39,5,41,1,57,0,38,3,42,0,1,63,3,2,41,40,28,56,0,64,16,27,22
2014-03-09,36,6,40,1,43,0,33,6,45,0,1,60,3,2,38,45,18,48,6,64,11,28,22
2014-03-16,37,6,44,1,54,20,32,7,44,0,1,63,2,2,39,43,19,57,5,69,14,33,24
2014-03-23,39,5,40,1,70,18,35,6,37,0,1,66,3,3,39,50,0,49,6,60,0,25,26
2014-03-30,38,5,40,0,67,0,29,8,44,4,1,61,3,2,36,43,0,47,5,68,12,32,20
2014-04-06,42,6,42,1,58,18,33,4,46,0,1,66,2,2,42,48,18,49,5,62,12,26,29
2014-04-13,42,6,50,1,62,12,32,8,54,5,1,67,3,2,45,50,32,53,7,92,8,31,29
2014-04-20,42,7,50,2,60,17,37,7,53,0,1,100,2,2,44,60,17,49,8,83,16,27,26
2014-04-27,41,6,47,1,45,16,31,8,52,0,1,64,2,2,48,46,22,52,5,76,15,27,25
2014-05-04,42,7,46,1,73,12,35,8,53,5,1,69,3,3,59,56,29,56,4,79,17,30,23
2014-05-11,40,7,43,1,57,17,41,5,51,5,1,65,2,2,48,55,33,49,6,76,15,34,35
2014-05-18,44,6,47,1,58,16,35,6,58,4,1,65,3,2,46,45,23,64,6,83,13,34,20
2014-05-25,46,8,53,1,71,19,38,7,54,4,1,68,2,2,43,56,22,58,8,89,18,37,22
2014-06-01,43,7,54,1,49,19,36,7,51,4,1,73,3,2,68,50,0,60,5,75,11,35,33
2014-06-08,41,7,49,1,52,22,40,6,49,0,1,69,3,2,65,55,0,48,7,76,16,33,23
2014-06-15,42,8,54,1,63,22,36,9,48,5,1,67,2,2,53,43,19,58,5,75,14,25,18
2014-06-22,45,7,53,1,74,16,35,8,51,4,1,67,3,2,52,30,23,54,6,74,12,27,24
2014-06-29,46,7,54,1,71,13,35,8,51,0,1,70,3,2,57,54,0,49,7,83,9,30,28
2014-07-06,45,6,57,1,63,24,35,9,55,4,1,68,3,2,62,48,0,51,0,81,9,37,32
2014-07-13,55,5,57,2,79,27,34,10,53,4,1,69,3,3,60,55,31,57,8,81,9,35,18
2014-07-20,55,6,59,1,77,18,46,8,68,0,1,71,2,3,49,53,34,56,9,81,14,37,29
2014-07-27,56,6,59,1,69,0,36,11,63,4,1,72,3,2,54,60,20,50,10,69,9,31,26
2014-08-03,54,7,61,1,82,21,35,9,59,5,1,87,3,3,60,61,31,58,8,81,11,45,26
2014-08-10,50,8,63,2,85,0,40,10,61,6,1,78,3,3,71,69,0,57,0,75,13,49,43
2014-08-17,54,7,60,1,65,13,44,11,64,5,1,78,3,3,47,93,27,64,6,74,0,40,44
2014-08-24,48,8,55,1,66,14,41,10,50,4,1,74,3,2,42,44,20,59,0,87,17,34,34
2014-08-31,45,7,56,1,58,16,37,9,55,0,1,68,2,3,38,60,0,61,5,75,16,37,35
2014-09-07,40,6,53,1,58,18,32,8,52,3,1,63,3,3,53,41,0,65,6,67,16,41,24
2014-09-14,46,7,52,2,54,17,34,8,51,4,1,64,3,2,48,50,19,65,6,86,12,35,25
2014-09-21,41,6,54,1,57,13,39,5,53,4,1,62,3,2,42,51,0,61,7,83,16,37,24
2014-09-28,39,6,52,0,57,0,35,7,50,5,2,61,3,3,50,60,22,48,9,71,0,30,34
2014-10-05,39,5,53,1,52,12,42,7,52,0,1,61,3,2,50,55,31,58,7,77,12,35,32
2014-10-12,41,6,52,1,61,14,33,7,50,0,1,61,2,3,38,50,17,64,7,63,18,33,28
2014-10-19,40,7,51,1,67,0,34,11,50,0,1,65,2,2,39,62,0,54,0,67,12,21,29
2014-10-26,39,7,54,1,55,0,39,9,55,0,2,67,3,3,38,45,0,67,9,70,12,33,35
2014-11-02,38,7,47,1,55,0,39,9,51,0,1,60,2,3,63,29,29,53,9,64,10,29,33
2014-11-09,38,7,50,2,55,0,37,10,44,0,1,63,3,3,56,60,30,66,7,79,14,29,30
2014-11-16,38,7,47,1,61,0,32,7,54,0,1,59,3,2,59,54,26,67,8,78,11,32,31
2014-11-23,37,7,47,1,45,15,35,7,46,0,1,59,3,3,38,61,20,57,8,61,7,33,32
2014-11-30,34,6,46,1,52,16,31,6,45,0,1,59,2,2,46,40,35,52,5,70,10,29,31
2014-12-07,35,6,49,2,49,13,41,4,44,0,1,57,3,2,46,49,23,57,6,61,12,33,29
2014-12-14,36,6,51,1,58,18,39,6,46,0,1,69,3,2,29,51,0,58,10,71,11,26,20
2014-12-21,46,9,59,2,52,15,32,11,60,0,1,72,3,2,55,56,32,65,7,87,9,34,25
2014-12-28,45,8,60,1,72,12,40,12,73,0,1,71,3,3,46,61,33,58,12,72,11,42,30
2015-01-04,41,6,53,1,49,0,31,7,55,4,2,74,4,2,60,51,21,61,9,75,11,41,25
2015-01-11,43,7,54,1,50,24,42,8,52,4,1,77,3,4,68,56,25,68,8,59,11,24,22
2015-01-18,41,7,53,1,44,19,35,9,47,0,1,73,3,3,70,35,15,60,5,60,0,39,24
2015-01-25,43,7,52,1,56,16,32,8,51,0,1,69,2,3,60,49,31,62,7,63,14,30,23
2015-02-01,38,7,48,1,38,19,36,8,51,0,1,61,3,3,46,46,24,63,9,54,12,24,30
2015-02-08,40,6,46,1,60,15,31,6,54,0,1,58,3,3,49,46,22,57,0,66,12,33,19
2015-02-15,40,6,48,1,68,0,38,10,51,0,1,63,2,3,52,65,0,60,7,67,13,31,28
2015-02-22,42,7,45,1,64,21,31,7,46,0,1,64,3,3,44,49,19,64,5,65,12,35,32
2015-03-01,41,6,47,2,57,14,34,8,50,0,1,63,3,2,48,46,26,60,4,64,16,39,27
2015-03-08,44,7,50,1,50,12,34,5,43,0,1,62,3,3,60,35,27,60,7,69,11,41,32
2015-03-15,43,7,54,1,47,17,36,5,43,0,1,68,3,4,55,38,30,59,4,58,11,30,26
2015-03-22,47,6,47,2,46,13,37,8,57,4,2,66,3,3,47,55,20,56,7,70,15,32,31
2015-03-29,47,8,52,1,57,13,33,10,56,0,2,70,3,3,50,50,18,60,7,65,14,28,26
2015-04-05,46,7,53,1,67,12,41,7,55,0,2,66,3,4,67,59,16,61,6,72,11,34,31
2015-04-12,46,7,48,2,60,14,36,10,52,0,1,65,3,4,44,51,0,53,5,65,13,37,32
2015-04-19,47,6,52,1,66,0,35,7,53,3,1,64,3,4,63,66,20,52,6,64,7,39,31
2015-04-26,46,6,49,1,70,14,38,10,61,3,1,63,3,4,50,49,35,52,9,75,16,42,38
2015-05-03,46,7,48,1,56,11,40,7,57,4,1,63,3,4,69,71,19,55,6,68,14,38,34
2015-05-10,49,7,51,1,56,14,48,9,59,6,1,62,3,4,59,59,23,67,6,68,16,37,32
2015-05-17,50,7,54,1,51,14,44,8,57,4,2,70,3,4,57,57,0,61,8,70,13,32,27
2015-05-24,49,7,52,2,56,24,41,9,53,4,1,65,3,4,49,61,0,55,7,73,13,34,31
2015-05-31,48,6,52,2,48,17,45,9,60,3,2,65,3,4,52,70,24,52,12,70,13,29,26
2015-06-07,49,5,55,1,53,0,47,11,58,5,1,64,2,4,56,58,17,57,5,71,13,27,29
2015-06-14,50,5,58,1,68,20,39,9,54,0,1,65,3,5,59,45,23,56,7,79,10,29,21
2015-06-21,50,6,58,1,71,16,44,10,60,4,2,66,3,5,38,48,28,60,7,66,16,35,21
2015-06-28,51,6,60,2,59,19,45,11,62,6,2,63,3,5,46,60,25,53,8,75,12,32,18
2015-07-05,52,4,60,3,59,20,41,13,62,3,2,66,3,5,58,55,34,50,6,71,12,45,31
2015-07-12,53,6,53,3,56,16,43,12,55,3,1,66,2,5,43,62,18,60,17,70,0,37,22
2015-07-19,55,7,60,3,58,13,49,12,67,4,2,65,3,5,54,78,28,54,11,79,11,37,28
2015-07-26,55,5,54,2,58,12,35,9,59,4,2,63,3,6,46,56,20,63,6,65,16,43,32
2015-08-02,60,8,60,2,69,14,46,12,64,5,1,65,3,4,50,45,25,61,6,77,17,42,30
2015-08-09,56,6,60,3,83,12,49,11,62,0,1,65,3,5,37,63,17,56,8,89,14,49,30
2015-08-16,54,7,61,2,74,17,42,11,70,3,1,67,2,5,48,64,27,67,9,74,17,41,28
2015-08-23,53,7,61,2,63,19,39,7,64,3,1,64,3,5,47,56,24,62,5,71,9,38,27
2015-08-30,52,7,56,3,63,0,44,11,58,5,1,60,3,4,63,64,30,57,6,60,15,34,30
2015-09-06,49,7,58,2,67,0,42,13,59,3,1,55,3,4,49,59,39,62,7,89,17,39,33
2015-09-13,49,7,57,2,49,13,38,10,56,5,1,61,3,4,55,52,0,59,5,71,11,34,23
2015-09-20,47,7,58,2,69,0,44,9,56,4,1,58,3,4,53,54,18,66,8,83,12,34,21
2015-09-27,45,6,52,1,56,18,34,6,57,4,1,54,3,4,48,60,0,60,5,74,13,32,31
2015-10-04,46,6,54,2,59,20,39,9,48,6,2,58,3,4,64,60,20,59,8,69,14,33,34
2015-10-11,49,6,58,1,58,13,44,11,56,4,1,69,3,5,53,39,15,66,8,71,11,39,29
2015-10-18,48,6,59,2,54,22,43,8,52,5,2,65,3,4,59,44,25,63,7,71,16,32,33
2015-10-25,44,7,54,1,48,10,38,8,51,0,2,61,3,4,46,47,22,65,6,62,11,35,26
2015-11-01,41,6,50,2,53,16,35,6,50,0,2,58,3,5,45,37,18,58,8,66,13,34,26
2015-11-08,42,6,45,2,41,0,37,6,53,4,1,55,2,4,50,46,25,61,7,64,13,29,33
2015-11-15,37,6,43,2,42,14,34,6,52,0,1,53,3,3,49,53,21,56,7,55,9,31,22
2015-11-22,42,6,47,2,40,14,42,9,54,0,3,53,3,3,47,51,23,54,7,57,7,35,22
2015-11-29,41,5,48,1,39,15,32,8,53,0,3,53,2,4,30,50,18,52,6,68,11,30,23
2015-12-06,41,5,48,2,54,13,36,10,53,0,2,52,2,4,32,55,27,50,10,70,18,29,23
2015-12-13,45,7,50,2,50,16,43,11,59,3,1,59,2,4,54,47,18,59,16,84,10,35,23
2015-12-20,52,9,55,2,55,16,47,10,66,4,2,57,3,5,54,67,26,70,19,72,11,40,25
2015-12-27,57,9,70,2,79,20,50,18,81,4,3,68,3,5,60,70,0,71,22,94,10,43,41
2016-01-03,58,8,69,3,65,26,41,10,66,3,1,72,3,6,95,58,19,74,12,70,13,38,30
2016-01-10,52,6,63,2,63,26,40,8,62,0,1,72,3,5,64,45,24,64,15,73,16,39,30
2016-01-17,51,5,59,2,61,14,44,10,55,4,1,66,3,6,58,44,29,70,9,67,11,37,29
2016-01-24,49,7,53,2,46,12,37,8,54,3,2,63,3,5,50,44,23,64,11,58,14,32,21
2016-01-31,49,7,55,2,54,0,41,9,60,4,2,66,3,4,60,37,25,61,10,59,7,32,22
2016-02-07,50,7,56,2,61,15,42,7,65,5,2,63,2,5,47,58,16,55,13,67,14,38,25
2016-02-14,51,7,59,2,48,15,45,9,57,0,2,66,3,5,67,56,32,59,11,69,14,36,35
2016-02-21,57,8,61,2,58,14,47,10,64,0,2,67,3,5,71,49,17,62,10,77,10,45,30
2016-02-28,49,6,56,1,55,11,46,9,57,0,1,60,4,5,48,39,33,59,8,58,18,39,25
2016-03-06,50,6,51,2,59,13,39,6,55,4,1,61,3,5,67,41,27,57,8,60,12,33,29
2016-03-13,54,7,57,2,54,14,42,10,69,4,2,66,3,5,79,62,21,65,8,73,19,44,25
2016-03-20,55,7,61,2,56,12,45,14,69,4,1,66,3,4,50,58,33,63,10,70,11,38,25
2016-03-27,62,8,63,2,52,18,46,12,70,4,2,67,3,5,72,49,35,67,6,81,12,37,22
2016-04-03,57,7,64,2,68,20,40,9,71,3,2,68,3,5,64,60,23,64,12,72,11,35,36
2016-04-10,60,8,63,3,72,11,51,11,62,5,1,70,3,5,68,55,31,56,10,74,15,43,28
2016-04-17,57,7,63,2,55,19,45,13,70,0,2,71,3,5,63,65,22,60,10,75,19,41,35
2016-04-24,57,9,63,3,62,18,46,10,66,4,2,70,4,6,54,53,22,60,13,79,11,40,30
2016-05-01,62,8,71,3,79,33,47,7,70,5,2,71,4,6,57,75,34,60,14,71,11,38,30
2016-05-08,60,8,70,3,54,16,49,9,68,0,2,71,4,6,58,69,28,63,11,71,12,42,29
2016-05-15,65,7,68,3,66,17,53,11,62,4,2,73,4,6,71,48,39,65,11,78,11,47,28
2016-05-22,60,7,76,2,76,21,47,8,66,5,2,74,3,5,72,47,27,63,9,84,15,42,27
2016-05-29,59,7,68,3,60,20,49,12,67,4,1,71,3,6,62,46,34,53,11,70,13,41,33
2016-06-05,59,6,69,3,61,19,48,13,71,4,2,66,4,7,72,52,22,54,12,83,18,46,28
2016-06-12,59,7,67,3,66,16,56,12,75,5,2,66,3,6,78,57,27,61,12,87,12,42,21
2016-06-19,59,7,64,3,65,16,50,12,68,4,2,66,3,6,74,50,17,59,13,80,16,44,30
2016-06-26,64,6,70,3,68,17,48,13,70,5,2,66,3,6,60,69,22,60,15,79,13,45,20
2016-07-03,69,7,71,3,77,25,54,14,87,5,2,65,3,7,56,72,26,57,23,93,10,48,27
2016-07-10,66,8,71,4,72,11,52,14,80,5,2,72,4,5,58,44,0,61,26,85,13,50,29
2016-07-17,67,7,76,2,72,0,52,16,78,7,2,70,3,5,53,61,39,70,15,89,16,56,26
2016-07-24,64,8,70,3,57,16,50,15,74,6,1,69,3,6,67,71,24,76,14,71,15,38,25
2016-07-31,67,8,69,3,67,0,49,13,74,6,3,73,3,7,71,69,30,74,9,79,14,44,28
2016-08-07,65,8,69,2,54,16,44,13,72,6,2,67,3,6,50,51,0,65,8,76,20,41,30
2016-08-14,62,8,67,3,59,15,45,14,71,7,1,62,3,6,60,51,0,70,11,69,14,41,23
2016-08-21,61,8,68,2,51,0,42,10,71,5,2,64,3,6,55,48,18,69,10,67,15,42,26
2016-08-28,62,8,66,2,60,29,45,11,74,4,1,63,3,6,83,84,31,74,5,82,11,50,27
2016-09-04,65,9,66,3,61,13,49,16,75,5,2,64,3,5,56,63,34,71,15,71,12,42,29
2016-09-11,63,8,64,3,59,15,47,12,72,5,2,65,3,5,69,64,39,79,17,80,11,47,16
2016-09-18,60,8,64,3,52,17,47,11,65,0,3,62,3,6,63,54,21,77,17,77,13,44,31
2016-09-25,54,6,61,3,53,0,54,9,66,3,2,59,3,6,66,74,26,71,9,72,14,42,21
2016-10-02,55,7,59,3,58,25,43,11,73,3,2,58,2,5,60,59,23,60,8,76,12,36,26
2016-10-09,54,7,63,3,54,20,44,11,67,3,2,60,3,6,62,56,21,67,6,79,10,42,28
2016-10-16,53,7,60,3,53,14,41,11,67,4,2,59,3,6,62,31,22,68,8,74,10,49,26
2016-10-23,54,7,56,2,48,14,42,8,65,4,1,61,3,6,60,61,20,67,12,67,16,42,23
2016-10-30,51,7,56,3,51,0,48,10,65,5,2,57,3,6,45,58,0,62,6,72,10,41,22
2016-11-06,50,7,58,2,47,19,47,9,64,7,2,58,3,6,56,62,27,66,10,79,9,42,20
2016-11-13,46,6,54,3,51,14,43,10,68,0,3,58,3,6,47,63,28,71,8,71,16,44,21
2016-11-20,49,6,54,2,57,12,47,9,67,0,2,55,3,6,73,74,27,69,9,64,9,38,16
2016-11-27,45,6,53,2,54,22,46,9,64,5,2,54,3,4,62,40,23,62,7,64,9,39,21
2016-12-04,47,7,51,2,47,19,43,8,69,0,2,53,3,5,54,54,26,69,10,71,14,48,22
2016-12-11,48,6,52,3,43,19,44,11,69,4,2,55,3,6,59,63,23,66,13,62,12,44,29
2016-12-18,58,8,56,2,53,17,46,11,75,0,2,55,2,5,41,63,0,70,15,63,11,45,24
2016-12-25,63,10,65,3,63,23,54,13,91,6,2,66,3,6,74,60,43,70,17,77,13,52,23
2017-01-01,67,9,71,3,67,13,59,14,91,0,3,79,3,8,91,75,21,81,15,78,16,43,20
2017-01-08,65,7,70,3,69,17,57,11,72,4,2,75,4,9,80,54,29,89,6,73,12,51,20
2017-01-15,63,7,69,3,75,0,52,8,64,3,2,77,3,8,66,52,25,75,10,74,10,45,24
2017-01-22,60,8,63,3,68,12,47,10,65,4,2,74,4,7,67,61,22,86,12,71,10,44,23
2017-01-29,59,7,62,4,59,15,56,9,65,6,2,69,3,8,61,66,0,66,8,62,6,45,21
2017-02-05,63,7,62,4,60,17,47,9,69,3,2,69,3,7,68,58,28,74,7,61,11,41,24
2017-02-12,60,7,55,3,55,14,48,14,69,3,2,65,3,7,59,43,23,80,7,65,7,47,22
2017-02-19,60,8,55,4,57,24,51,8,68,5,3,68,3,7,65,61,25,78,9,68,16,47,24
2017-02-26,59,7,55,5,51,10,50,10,61,4,2,71,3,8,69,52,24,70,7,61,13,51,24
2017-03-05,61,7,59,4,51,15,55,12,64,5,2,67,3,8,65,60,13,68,8,79,11,41,16
2017-03-12,59,7,60,4,44,10,54,10,69,5,2,68,3,8,73,55,24,76,7,68,9,46,29
2017-03-19,65,7,59,4,71,23,53,11,70,0,2,73,2,9,72,45,30,80,9,73,12,46,29
2017-03-26,60,7,55,4,54,14,48,13,59,0,2,65,3,7,74,56,29,64,7,71,10,39,21
2017-04-02,65,8,59,4,60,18,54,13,67,4,2,64,3,7,71,51,35,64,9,73,11,44,11
2017-04-09,65,9,61,4,71,14,54,12,75,3,2,71,3,8,64,61,25,75,12,70,12,52,28
2017-04-16,70,9,61,5,63,19,59,14,69,3,2,91,3,7,67,66,22,77,10,86,14,48,32
2017-04-23,67,8,61,4,74,13,55,13,79,3,2,85,3,8,64,66,28,70,11,72,14,49,23
2017-04-30,70,9,64,5,71,20,59,11,82,6,3,69,3,8,63,57,27,74,8,89,9,55,28
2017-05-07,68,9,68,5,65,22,65,11,73,6,2,75,3,9,60,60,27,76,10,83,17,59,30
2017-05-14,70,9,63,5,62,23,67,14,77,3,3,70,2,8,63,67,22,78,6,77,13,44,33
2017-05-21,65,7,64,5,52,13,57,8,67,5,2,71,2,8,73,57,38,79,13,89,15,58,26
2017-05-28,64,7,62,4,55,11,52,18,66,7,2,70,2,9,61,61,33,73,10,81,10,53,31
2017-06-04,70,7,66,5,47,21,61,15,80,6,3,74,3,8,68,66,25,83,6,90,12,59,22
2017-06-11,67,7,64,5,64,26,62,15,76,4,2,66,3,8,64,70,27,71,11,87,15,53,26
2017-06-18,79,8,70,5,61,17,63,14,83,5,3,82,3,9,84,66,30,79,14,82,11,69,22
2017-06-25,83,9,74,7,58,20,64,13,98,5,3,90,3,8,88,65,31,76,17,93,14,46,23
2017-07-02,84,10,79,7,76,28,58,17,93,7,3,76,4,10,70,65,18,84,18,94,15,48,31
2017-07-09,81,10,76,6,74,16,61,15,90,6,2,73,4,9,75,54,20,82,10,92,13,57,25
2017-07-16,77,8,71,6,71,21,64,13,85,4,3,73,3,11,88,83,47,85,10,90,20,52,30
2017-07-23,80,9,70,7,68,18,57,15,86,5,2,71,3,9,67,56,32,85,10,97,15,60,27
2017-07-30,83,9,73,6,57,24,57,16,82,7,3,71,3,9,82,82,23,79,10,94,15,58,25
2017-08-06,95,10,73,6,67,12,57,16,93,7,3,73,3,9,69,65,24,81,11,89,14,53,20
2017-08-13,82,9,73,7,61,13,56,16,82,5,2,72,3,9,68,73,27,88,11,94,12,53,29
2017-08-20,76,8,68,7,69,14,56,12,89,6,3,70,3,9,67,70,30,92,8,85,13,59,30
2017-08-27,75,8,68,6,59,17,55,17,84,3,3,74,3,8,64,71,31,93,8,83,17,55,23
2017-09-03,74,9,70,7,60,13,60,15,74,6,2,72,3,9,70,62,28,89,9,84,15,57,25
2017-09-10,72,8,70,6,71,16,54,14,82,4,2,69,3,10,74,65,26,90,8,79,14,58,31
2017-09-17,78,9,68,7,67,17,58,16,80,4,2,70,3,8,50,80,33,90,7,78,13,58,29
2017-09-24,72,7,60,6,66,19,62,12,81,5,2,60,3,8,50,47,33,76,11,76,13,56,30
2017-10-01,59,6,53,5,62,0,54,11,75,3,2,55,2,7,50,66,24,73,3,75,10,51,22
2017-10-08,59,6,56,5,48,12,60,8,70,5,2,58,3,8,51,62,26,80,9,70,12,60,29
2017-10-15,55,6,51,5,50,15,57,10,65,6,2,58,2,6,55,53,17,73,11,70,11,46,21
2017-10-22,56,7,55,5,53,13,54,9,65,5,2,63,3,7,78,62,15,86,10,78,15,46,21
2017-10-29,56,7,56,5,58,11,57,11,68,3,2,62,2,8,71,55,26,88,10,76,14,43,21
2017-11-05,60,7,54,6,56,16,54,10,65,4,2,62,3,8,58,52,24,90,14,76,15,44,25
2017-11-12,57,7,57,6,57,21,58,12,64,0,2,65,3,7,72,69,36,91,10,77,15,54,22
2017-11-19,58,6,56,7,54,0,54,10,75,3,3,62,3,8,54,56,28,83,6,76,11,55,28
2017-11-26,51,6,43,4,49,0,64,9,64,5,2,51,2,8,50,54,27,83,7,65,13,64,25
2017-12-03,33,5,34,5,31,0,41,6,49,4,2,42,2,6,46,42,0,65,8,57,11,36,21
2017-12-10,41,5,42,5,57,13,47,8,55,4,2,48,2,7,46,35,21,77,10,55,6,42,19
2017-12-17,50,8,48,6,47,12,47,13,74,6,2,53,2,6,48,51,16,77,10,89,9,45,25
2017-12-24,71,9,67,8,60,16,65,10,97,5,3,66,2,8,51,100,25,96,17,94,15,55,28
2017-12-31,67,9,70,7,53,15,60,12,86,5,3,72,4,9,77,64,19,100,15,87,10,50,20
2018-01-07,69,8,72,7,56,14,60,13,68,4,3,77,4,9,86,63,21,100,10,84,9,62,27
2018-01-14,69,9,68,7,62,15,71,11,67,4,2,79,4,11,82,61,32,93,10,86,11,60,26
2018-01-21,65,8,63,8,54,19,59,11,66,4,2,83,3,8,83,55,31,81,9,83,13,55,27
2018-01-28,67,7,64,8,50,20,61,12,70,5,3,73,3,9,75,53,23,91,6,76,15,53,23
2018-02-04,65,8,62,7,42,0,60,9,66,4,2,77,3,9,84,46,33,82,8,66,11,65,19
2018-02-11,67,9,62,7,48,19,57,13,75,0,2,84,3,10,59,49,26,86,8,77,13,62,26
2018-02-18,67,8,65,8,48,15,63,11,68,3,2,74,3,8,60,51,24,79,11,68,12,67,23
2018-02-25,68,8,59,8,52,18,59,13,72,4,2,69,3,8,76,57,28,87,7,71,12,61,27
2018-03-04,70,8,64,8,49,20,62,12,80,5,2,71,3,9,68,60,18,88,6,79,8,58,26
2018-03-11,67,8,63,8,48,15,63,10,65,3,2,75,3,9,77,50,24,91,8,74,10,48,18
2018-03-18,79,9,66,9,72,17,66,12,74,5,2,74,4,10,72,74,29,88,11,94,15,65,30
2018-03-25,77,9,73,10,56,19,72,18,91,5,2,79,3,10,86,74,32,90,10,98,11,65,22
2018-04-01,80,9,68,10,64,14,63,18,75,5,2,81,3,11,65,49,24,77,10,93,15,63,25
2018-04-08,75,8,70,10,53,14,65,14,80,5,2,77,3,10,71,62,19,80,9,81,16,60,28
2018-04-15,73,9,68,9,60,9,64,17,74,3,3,74,3,9,51,55,39,78,8,85,12,59,27
2018-04-22,73,9,69,10,87,17,73,13,77,5,3,76,3,10,80,64,29,84,8,79,12,63,31
2018-04-29,76,9,73,9,52,16,65,15,77,6,2,75,3,9,66,58,32,86,12,81,16,66,27
2018-05-06,76,9,72,10,61,17,59,13,82,3,2,73,3,9,71,62,28,89,12,89,14,67,28
2018-05-13,73,8,64,9,58,17,67,14,77,5,3,66,3,9,60,65,27,79,10,83,12,61,20
2018-05-20,72,8,64,11,75,18,62,16,71,5,2,69,3,9,69,70,37,85,10,84,12,58,23
2018-05-27,76,7,68,11,100,15,70,17,90,3,3,72,3,10,60,66,24,89,13,85,18,69,24
2018-06-03,78,7,68,11,82,17,71,14,82,6,3,74,3,10,62,59,23,82,11,76,14,57,25
2018-06-10,92,9,79,13,72,19,73,18,96,5,2,83,3,9,63,72,38,69,17,90,12,71,22
2018-06-17,86,11,80,12,58,18,77,15,96,3,3,71,3,9,68,77,23,67,16,94,11,63,21
2018-06-24,76,8,70,11,50,13,64,14,88,4,3,66,3,10,80,69,29,78,12,81,21,66,29
2018-07-01,77,8,71,10,58,25,68,17,85,4,2,67,3,9,76,58,19,77,13,88,16,68,25
2018-07-08,89,8,73,11,60,15,67,15,92,5,3,83,3,8,80,55,38,88,11,90,15,66,36
2018-07-15,83,9,76,12,59,21,66,14,96,3,2,86,3,9,73,61,33,87,13,100,20,75,25
2018-07-22,88,10,75,11,58,9,68,18,93,5,2,77,3,10,65,73,27,86,13,97,16,72,33
2018-07-29,100,8,78,11,68,12,63,16,91,6,2,71,3,9,64,61,20,82,12,88,23,66,29
2018-08-05,98,9,80,15,56,20,70,18,100,6,2,72,3,11,72,75,40,90,12,90,19,81,32
2018-08-12,85,9,71,11,60,12,69,15,89,8,2,74,3,9,63,67,33,86,11,74,14,63,27
2018-08-19,79,8,68,12,63,14,68,18,84,7,2,69,3,8,61,73,32,81,12,86,12,59,23
2018-08-26,69,8,64,10,57,12,66,13,75,3,2,61,2,7,66,69,20,78,8,82,16,56,23
2018-09-02,73,7,66,10,55,16,66,15,76,5,2,65,3,8,69,76,28,81,9,75,13,56,26
2018-09-09,71,6,64,10,52,16,71,13,93,4,2,62,2,8,71,76,43,85,10,90,16,65,25
2018-09-16,71,8,64,11,43,11,66,14,74,5,3,62,2,8,57,61,29,84,14,81,10,59,23
2018-09-23,66,7,63,9,53,12,59,13,77,6,2,62,3,7,65,56,19,78,8,82,14,71,30
2018-09-30,60,5,57,8,50,14,55,13,72,4,2,57,2,7,68,65,24,73,10,63,11,66,20
2018-10-07,64,6,59,8,55,10,62,12,75,4,2,59,2,7,75,65,19,68,7,70,20,68,28
2018-10-14,63,8,57,8,45,11,58,14,71,4,2,56,3,7,81,59,30,71,10,73,16,61,19
2018-10-21,62,7,55,8,45,11,60,16,73,3,2,58,2,7,67,66,29,76,9,72,12,59,28
2018-10-28,56,7,54,6,39,15,59,13,75,4,2,58,2,7,60,68,26,80,7,67,16,59,22
2018-11-04,59,6,53,7,48,12,58,9,72,0,2,56,2,7,62,50,21,83,7,60,15,55,23
2018-11-11,55,7,54,6,51,11,56,13,74,0,2,58,2,7,71,67,28,82,8,72,13,67,24
2018-11-18,57,7,54,7,39,14,60,9,65,3,2,59,3,8,69,56,18,80,10,74,9,58,25
2018-11-25,53,6,54,7,38,15,56,13,65,4,2,55,3,7,76,50,30,83,10,74,12,58,26
2018-12-02,56,7,53,7,43,14,61,11,72,3,2,56,3,7,52,50,27,81,9,70,14,56,25
2018-12-09,57,7,53,9,41,10,61,10,66,0,2,56,3,7,66,63,27,78,11,73,15,61,25
2018-12-16,61,7,56,8,69,11,63,11,74,3,2,57,3,7,68,66,19,86,13,89,9,62,18
2018-12-23,76,8,66,9,51,13,66,12,91,0,2,62,2,7,46,90,33,76,22,86,13,74,23
2018-12-30,77,9,67,9,54,13,73,20,98,6,2,69,3,9,81,81,30,94,21,80,14,54,22
2019-01-06,74,9,70,10,59,19,47,11,55,4,3,77,3,10,36,29,11,84,8,78,9,55,21
2019-01-13,72,6,69,10,59,0,44,9,52,2,3,77,4,10,51,31,14,80,10,71,10,53,24
2019-01-20,70,6,63,10,62,22,41,8,51,2,3,78,3,11,45,26,13,84,6,58,10,51,27
2019-01-27,67,6,63,8,60,20,43,8,50,0,2,73,3,10,36,17,17,82,8,56,12,52,25
2019-02-03,70,6,61,9,61,15,45,8,52,0,3,76,3,9,36,40,14,74,9,70,9,54,25
2019-02-10,73,7,59,9,68,11,39,9,48,3,2,91,2,8,37,33,15,79,8,62,11,59,23
2019-02-17,75,6,66,10,58,13,46,9,56,2,3,76,3,11,40,30,13,75,7,68,13,67,23
2019-02-24,73,7,61,11,67,0,46,9,50,3,3,72,3,10,44,30,21,82,8,61,13,50,24
2019-03-03,71,6,58,10,68,21,43,6,48,3,3,74,4,10,40,26,12,87,5,71,13,55,18
2019-03-10,74,7,60,11,74,18,42,7,55,2,2,71,3,10,38,30,18,95,8,77,9,53,23
2019-03-17,75,8,65,10,57,16,50,11,50,3,3,79,3,10,34,34,15,76,8,73,13,71,26
2019-03-24,76,7,66,12,79,21,47,9,56,2,2,77,4,10,49,30,9,77,8,81,12,65,24
2019-03-31,79,7,67,11,58,14,49,10,56,2,3,80,3,10,86,37,24,69,9,85,15,67,27
2019-04-07,83,7,62,13,60,0,46,11,52,2,3,76,3,9,100,37,15,75,8,83,12,66,23
2019-04-14,81,7,72,12,66,22,46,13,53,3,2,88,4,9,52,35,18,71,11,85,14,54,23
2019-04-21,86,7,70,14,70,15,55,11,58,3,3,90,3,11,48,39,21,77,10,89,15,58,25
2019-04-28,83,8,69,12,62,19,54,11,60,2,2,79,3,10,56,46,23,74,8,72,14,64,19
2019-05-05,85,7,63,14,65,23,53,10,57,4,3,83,3,11,43,29,25,83,5,77,9,72,23
2019-05-12,80,7,62,13,100,25,54,9,58,3,2,82,3,11,52,36,19,75,8,78,7,74,21
2019-05-19,78,7,70,12,98,21,51,10,57,3,2,81,3,10,35,35,11,79,9,81,9,69,24
2019-05-26,87,6,84,14,64,0,55,10,59,2,3,91,3,11,49,30,25,80,8,80,14,70,28
2019-06-02,86,11,81,16,74,24,56,11,70,4,3,80,3,10,35,36,15,74,16,82,14,77,29
2019-06-09,91,8,76,17,80,22,58,11,63,3,3,88,4,11,50,35,21,82,10,85,15,64,31
2019-06-16,90,7,76,16,81,13,52,9,66,3,3,87,3,11,46,33,18,80,12,87,11,68,27
2019-06-23,90,9,75,14,65,22,49,12,64,4,3,84,4,11,46,34,14,80,13,77,16,61,31
2019-06-30,91,8,76,14,84,27,55,11,61,4,3,86,4,11,41,41,12,77,16,87,14,77,21
2019-07-07,90,8,78,15,66,37,57,14,64,3,3,83,3,11,47,35,15,81,12,83,13,73,29
2019-07-14,94,8,80,16,78,26,53,11,60,3,3,93,3,12,42,47,12,82,11,84,14,82,25
2019-07-21,100,8,93,16,84,32,51,13,61,4,3,91,4,10,39,48,12,86,12,81,15,70,25
2019-07-28,94,8,78,16,74,18,53,11,62,4,3,100,3,10,45,40,21,83,10,84,18,80,26
2019-08-04,97,8,80,15,69,0,57,13,66,5,3,85,3,12,49,36,15,86,9,90,13,70,24
2019-08-11,97,8,79,17,73,17,50,12,62,4,3,85,3,12,39,41,22,76,9,81,15,86,23
2019-08-18,93,10,76,15,75,11,49,9,66,3,3,84,3,12,43,41,16,78,8,86,16,72,29
2019-08-25,86,9,74,14,66,20,50,10,60,4,3,87,3,10,37,40,13,77,7,79,15,71,20
2019-09-01,86,8,74,15,71,17,56,10,67,3,3,82,3,9,34,29,11,86,6,80,16,64,22
2019-09-08,90,8,74,15,73,22,52,13,73,3,3,84,3,11,43,39,24,99,10,84,19,77,27
2019-09-15,89,8,74,15,57,11,55,9,72,3,2,79,3,10,44,37,19,85,7,83,18,74,21
2019-09-22,86,7,70,13,53,19,52,8,69,5,4,81,3,10,41,39,20,83,8,81,16,61,21
2019-09-29,79,8,67,14,64,0,49,10,60,5,2,84,3,11,54,30,19,76,7,83,15,75,19
2019-10-06,77,8,69,12,62,22,49,9,67,3,3,79,3,10,46,39,17,77,9,82,16,80,22
2019-10-13,77,9,68,12,69,17,50,9,67,2,2,78,3,9,40,42,18,80,5,78,15,65,22
2019-10-20,80,10,66,12,58,0,47,9,65,4,3,81,3,9,39,32,21,72,8,76,15,73,22
2019-10-27,73,8,66,12,51,13,48,10,69,2,3,70,3,9,33,42,18,69,8,74,14,60,26
2019-11-03,78,9,68,12,74,21,49,9,65,2,3,80,3,10,47,35,13,78,7,71,16,59,26
2019-11-10,77,8,68,12,66,16,47,10,70,3,3,79,3,10,36,37,14,85,10,85,12,80,20
2019-11-17,80,8,69,13,68,12,49,10,61,3,3,74,3,10,49,36,17,90,9,73,16,71,28
2019-11-24,69,8,62,11,60,10,46,8,62,3,3,72,3,9,38,33,13,78,8,72,14,66,22
2019-12-01,66,7,59,11,49,20,47,9,61,2,3,67,3,10,40,38,22,75,9,74,13,68,20
2019-12-08,69,7,60,11,59,12,45,7,59,3,3,72,3,9,34,33,11,79,7,78,13,58,16
2019-12-15,76,8,66,12,54,16,51,11,71,3,3,74,3,10,41,32,18,82,8,80,16,67,26
2019-12-22,89,12,79,15,79,17,54,13,96,4,3,84,4,11,45,47,15,98,15,100,15,75,30
2019-12-29,100,11,89,15,75,21,60,10,100,4,4,91,4,14,51,54,21,96,19,96,20,74,20
2020-01-05,87,9,80,15,73,22,54,11,70,3,3,96,4,15,54,26,15,100,10,79,11,69,25
2020-01-12,97,9,79,15,78,16,51,12,64,2,3,99,4,13,57,37,19,94,8,81,11,71,23
2020-01-19,87,9,77,14,69,19,51,10,66,4,4,86,3,12,62,30,18,95,9,73,10,77,30
2020-01-26,75,8,63,13,59,11,47,10,65,3,3,74,3,12,44,25,15,85,10,65,10,67,21
2020-02-02,73,7,63,12,58,15,45,8,61,2,2,73,3,11,42,35,22,77,6,68,12,69,30
2020-02-09,75,8,59,12,51,12,41,9,58,3,2,71,3,10,43,33,23,76,5,66,13,56,16
2020-02-16,75,7,58,12,57,0,47,8,58,0,2,67,3,10,35,31,10,82,7,65,9,62,19
2020-02-23,69,7,59,12,48,12,43,6,58,3,2,66,3,10,44,26,20,74,5,59,11,63,19
2020-03-01,60,6,51,11,47,10,42,5,53,3,2,58,3,9,36,25,9,65,6,53,11,67,25
2020-03-08,48,5,41,8,36,0,32,4,42,2,2,47,2,7,23,24,12,46,3,39,6,58,16
2020-03-15,26,3,26,4,29,0,24,2,27,0,1,31,1,4,10,7,10,34,3,29,7,35,12
2020-03-22,17,2,16,2,20,0,15,0,14,0,1,22,1,3,10,0,7,33,0,14,8,27,10
2020-03-29,17,2,13,2,32,0,15,0,15,0,0,21,0,4,15,7,7,46,0,15,6,17,12
2020-04-05,18,2,14,2,22,0,15,0,13,0,1,21,1,4,10,0,10,39,0,19,4,20,15
2020-04-12,18,2,13,2,19,0,17,1,12,0,1,22,1,4,19,0,8,35,0,19,8,22,9
2020-04-19,17,1,12,3,23,0,16,0,12,0,1,22,0,4,15,0,6,31,0,16,0,28,7
2020-04-26,19,1,12,2,20,0,15,0,12,0,0,23,1,4,15,0,9,37,0,16,0,18,12
2020-05-03,18,1,12,3,18,0,19,0,12,0,1,22,1,3,14,0,10,32,0,14,0,23,11
2020-05-10,18,1,13,2,18,0,16,0,14,0,1,24,1,4,15,7,0,32,0,20,5,30,10
2020-05-17,19,1,14,2,19,0,17,0,14,0,1,26,1,3,11,8,0,35,0,13,0,17,17
2020-05-24,17,2,13,2,27,0,19,2,16,0,1,27,0,4,8,9,0,32,0,16,4,19,11
2020-05-31,18,1,13,3,26,0,15,0,20,0,1,24,1,3,10,0,6,32,0,11,7,21,11
2020-06-07,18,2,12,2,16,0,20,0,20,0,1,26,1,4,11,9,0,31,0,16,0,19,13
2020-06-14,17,1,13,2,20,0,16,0,20,0,1,25,1,4,17,0,0,33,0,15,6,16,10
2020-06-21,17,1,12,2,23,0,16,0,20,0,1,26,1,4,14,10,8,28,0,14,7,20,10
2020-06-28,16,1,12,2,26,0,16,0,23,0,1,24,1,4,9,10,7,34,0,18,0,19,13
2020-07-05,19,1,12,2,18,0,17,2,21,0,1,26,1,4,11,8,8,34,0,18,0,16,13
2020-07-12,22,1,11,2,21,0,18,0,24,0,1,26,1,4,12,9,7,33,0,16,0,22,10
2020-07-19,20,2,13,2,21,0,18,2,29,0,1,26,1,5,10,6,0,30,0,13,0,20,10
2020-07-26,17,2,13,2,28,0,15,0,26,0,1,25,0,4,6,13,0,37,0,13,0,20,9
2020-08-02,19,2,13,3,23,0,15,2,26,0,1,25,1,4,14,8,0,32,0,18,0,19,14
2020-08-09,19,2,12,2,23,0,17,2,25,0,1,25,1,4,11,12,0,32,3,15,5,15,7
2020-08-16,22,2,15,2,20,0,16,0,32,0,1,27,1,4,10,13,0,33,4,17,0,21,16
2020-08-23,21,2,14,3,24,0,18,0,29,0,1,25,1,4,12,15,0,33,4,16,0,15,10
2020-08-30,20,2,14,3,21,0,17,0,26,0,1,25,1,4,10,6,6,36,0,15,0,13,12
2020-09-06,18,1,12,3,31,0,18,2,27,0,1,24,1,3,9,11,0,34,0,18,0,17,12
2020-09-13,17,2,11,3,25,0,17,0,24,0,1,22,1,3,7,8,0,31,0,17,0,15,9
2020-09-20,16,2,11,2,20,0,18,0,25,0,1,22,1,3,10,6,0,31,0,18,5,14,8
2020-09-27,17,2,12,2,21,0,13,0,23,0,1,27,1,2,0,11,0,35,4,17,5,17,11
2020-10-04,27,2,18,3,12,0,15,0,22,0,1,40,1,3,12,11,0,32,0,20,0,18,13
2020-10-11,19,1,13,3,13,0,17,0,26,0,1,26,1,3,0,8,0,34,0,10,5,17,11
2020-10-18,18,2,14,3,20,0,14,0,25,0,2,25,1,3,0,8,0,34,0,17,0,17,7
2020-10-25,19,2,16,3,10,0,15,0,34,0,1,26,1,4,0,0,0,32,0,12,5,23,13
2020-11-01,18,2,15,3,15,0,14,0,24,0,2,24,1,3,7,6,0,35,0,13,0,17,13
2020-11-08,22,2,17,3,24,0,16,0,29,0,2,28,1,4,7,0,0,42,0,16,0,19,7
2020-11-15,22,2,17,4,20,0,16,0,34,0,1,26,1,4,8,8,8,45,0,14,5,22,12
2020-11-22,24,3,16,3,23,0,17,0,33,0,2,29,1,4,10,10,0,38,3,22,0,18,10
2020-11-29,21,4,16,4,26,0,21,0,33,0,1,25,1,3,0,9,0,44,0,25,8,20,12
2020-12-06,22,3,17,3,28,0,21,0,34,0,2,28,1,4,12,15,0,47,0,18,6,15,12
2020-12-13,21,2,18,3,17,0,20,0,36,0,2,28,1,3,0,12,0,48,0,18,0,21,12
2020-12-20,25,2,19,4,29,0,20,2,44,0,2,33,1,4,8,11,0,42,3,19,0,19,10
2020-12-27,30,3,22,4,23,0,21,2,53,0,2,36,1,5,0,12,7,61,5,20,0,20,12
2021-01-03,20,2,15,3,21,0,17,0,33,0,1,27,1,4,7,10,0,53,2,12,0,19,11
2021-01-10,18,1,11,2,16,0,15,0,25,0,1,26,1,4,0,0,10,51,0,11,0,16,5
2021-01-17,17,1,11,2,19,0,15,0,22,0,1,26,1,5,7,9,8,47,0,17,0,15,8
2021-01-24,16,1,9,2,19,0,16,0,19,0,1,21,1,4,7,0,9,42,2,16,0,23,0
2021-01-31,13,1,10,2,17,0,16,0,24,0,1,20,1,3,0,10,0,41,0,7,0,16,8
2021-02-07,14,1,10,2,15,0,20,0,24,0,1,22,1,3,0,0,0,45,0,12,0,16,9
2021-02-14,17,2,10,2,14,0,15,0,25,0,1,22,0,3,10,0,10,38,0,11,0,14,13
2021-02-21,16,1,10,2,17,0,19,0,24,0,1,21,0,4,20,7,11,44,0,14,0,19,11
2021-02-28,15,1,11,2,24,0,18,2,25,0,1,23,1,4,9,10,0,50,0,11,0,15,9
2021-03-07,16,1,12,2,16,0,17,3,26,0,1,25,1,4,17,6,6,46,3,13,5,18,7
2021-03-14,17,1,12,2,21,0,19,0,26,0,1,24,1,4,10,9,7,49,0,16,6,20,8
2021-03-21,19,1,14,3,20,0,19,0,28,0,1,27,1,3,8,9,6,38,0,13,8,18,10
2021-03-28,19,2,13,3,14,0,19,2,32,0,2,25,1,4,9,8,0,36,3,15,7,14,12
2021-04-04,17,2,14,3,13,0,17,0,29,0,1,28,1,3,16,8,0,39,0,14,8,15,9
2021-04-11,17,1,13,2,12,0,15,0,27,0,1,25,1,3,15,10,0,31,0,13,5,13,10
2021-04-18,18,2,13,3,21,0,19,0,31,0,1,24,1,3,0,9,0,30,0,15,0,16,11
2021-04-25,17,1,13,2,21,0,17,2,29,0,1,23,1,3,9,6,6,33,0,13,0,18,8
2021-05-02,16,1,13,2,21,0,17,2,29,0,1,23,1,3,9,7,0,33,0,13,5,14,9
2021-05-09,19,1,12,2,22,0,16,0,29,0,1,23,1,3,0,11,0,38,4,16,0,19,10
2021-05-16,17,1,12,2,10,0,17,0,33,0,1,25,1,4,9,11,0,30,0,10,0,13,13
2021-05-23,19,1,17,3,22,0,19,0,34,0,1,25,1,4,10,9,0,42,0,16,0,21,7
2021-05-30,21,2,17,3,19,0,24,2,37,2,2,28,1,6,10,11,0,40,4,17,0,17,11
2021-06-06,21,2,19,4,16,0,20,2,39,0,1,29,1,5,9,11,0,43,3,18,8,25,14
2021-06-13,23,2,18,3,0,0,22,2,35,0,2,30,1,6,7,7,0,36,0,22,8,16,9
2021-06-20,23,1,17,3,24,0,21,3,36,0,1,29,1,8,10,12,0,35,0,15,0,21,9
2021-06-27,18,1,13,2,21,0,17,2,28,0,1,25,1,7,9,12,7,34,0,11,0,18,9
2021-07-04,15,1,9,2,17,0,17,2,19,0,1,21,1,6,9,9,0,33,0,10,0,16,9
2021-07-11,13,1,8,1,18,0,16,2,18,0,1,23,1,6,8,8,0,30,0,10,0,12,10
2021-07-18,13,1,9,2,19,0,15,3,16,0,1,22,1,5,11,0,0,30,0,12,0,17,6
2021-07-25,11,1,7,1,22,0,14,2,18,0,1,20,1,3,7,12,0,36,0,14,0,16,9
2021-08-01,12,1,8,1,27,0,14,2,19,0,1,19,0,4,0,9,0,32,3,9,0,16,8
2021-08-08,12,1,8,2,24,0,18,0,22,0,1,19,1,4,12,8,0,37,0,12,0,17,9
2021-08-15,13,1,7,2,15,0,16,2,22,0,1,20,1,3,0,10,0,37,3,12,5,19,8
2021-08-22,13,1,9,1,16,0,19,2,26,0,1,19,1,3,8,8,8,35,0,5,0,14,9
2021-08-29,13,1,9,1,24,0,16,0,25,0,1,21,1,3,9,12,7,32,0,11,0,19,9
2021-09-05,12,1,10,1,20,0,15,0,29,0,1,20,1,4,0,8,0,30,0,18,0,16,8
2021-09-12,14,1,10,2,29,0,16,0,30,0,1,22,1,3,8,13,0,37,0,8,0,14,7
2021-09-19,15,2,11,2,15,0,21,0,34,0,1,24,1,3,0,7,0,36,0,7,0,17,10
2021-09-26,17,1,13,2,22,0,20,0,34,0,1,25,0,3,8,11,7,35,4,10,0,20,13
2021-10-03,17,1,16,3,21,0,19,2,33,0,1,25,1,3,7,9,0,42,0,15,0,19,8
2021-10-10,20,2,18,3,20,0,18,2,42,0,1,26,1,4,11,14,0,34,0,10,0,16,12
2021-10-17,19,1,19,4,24,0,20,0,45,0,1,29,1,4,15,13,0,37,3,17,0,15,11
2021-10-24,19,2,19,2,27,0,18,2,63,0,2,30,1,3,9,7,0,42,0,11,7,14,8
2021-10-31,19,2,19,3,28,0,19,0,42,0,1,27,1,3,19,12,0,34,3,12,0,15,6
2021-11-07,20,2,20,3,29,0,17,3,41,0,2,32,1,4,12,14,9,41,3,11,0,19,12
2021-11-14,21,2,19,3,27,0,21,0,41,0,2,29,1,4,0,18,7,44,3,13,6,18,9
2021-11-21,19,2,18,2,23,0,20,0,39,0,2,28,1,4,9,12,0,35,4,15,5,20,8
2021-11-28,18,2,16,3,34,0,21,2,38,0,1,25,1,3,7,16,0,31,0,14,9,19,9
2021-12-05,18,2,17,3,31,0,21,2,45,0,1,25,1,3,7,11,0,27,3,16,0,12,10
2021-12-12,20,2,18,4,23,0,24,2,47,0,1,27,0,3,8,13,9,31,3,15,5,27,11
2021-12-19,21,2,19,3,20,0,21,0,46,0,1,24,1,4,8,11,0,35,0,12,0,23,8
2021-12-26,28,3,22,4,18,0,24,0,61,0,2,31,1,5,0,18,8,39,5,20,0,27,9
2022-01-02,28,3,22,6,31,0,27,2,51,0,2,31,1,7,12,10,0,37,4,16,7,25,10
2022-01-09,25,3,17,4,35,0,22,0,47,0,1,28,1,6,11,11,0,34,5,11,0,21,14
2022-01-16,19,2,13,3,24,0,20,2,38,0,1,26,1,5,9,15,0,37,3,9,0,18,12
2022-01-23,22,3,16,4,26,0,23,2,40,0,1,26,1,7,16,11,8,43,2,13,5,25,14
2022-01-30,22,2,16,4,22,0,22,2,39,0,1,29,1,8,15,10,8,43,3,12,0,24,17
2022-02-06,20,2,13,4,28,0,22,2,35,0,1,26,1,7,10,14,7,40,0,15,8,19,19
2022-02-13,22,2,14,4,24,0,22,1,36,0,1,28,1,7,11,10,7,45,2,15,0,22,14
2022-02-20,23,2,14,4,24,0,23,2,39,0,1,29,1,7,13,6,8,49,5,15,8,22,16
2022-02-27,25,2,17,4,30,0,22,3,37,0,1,32,1,8,10,11,7,50,0,13,6,22,12
2022-03-06,31,3,23,6,31,0,31,2,43,0,2,36,1,9,17,7,8,51,2,21,6,24,24
2022-03-13,34,4,31,6,38,0,29,4,47,0,2,43,1,9,16,13,9,55,6,22,7,35,19
2022-03-20,36,3,30,7,38,0,30,4,50,0,2,44,1,11,15,16,9,54,4,23,6,30,18
2022-03-27,38,4,29,6,44,0,31,4,48,0,2,45,1,11,17,17,8,47,4,27,5,32,23
2022-04-03,42,3,31,7,34,8,33,6,41,0,2,47,2,11,21,15,7,49,4,23,7,32,17
2022-04-10,43,4,34,8,42,10,35,5,55,0,2,50,2,11,24,20,6,49,5,23,6,32,14
2022-04-17,45,3,35,9,45,10,36,6,49,1,2,52,2,11,23,22,13,52,3,28,6,39,16
2022-04-24,47,4,37,9,47,0,37,6,53,0,2,53,1,11,22,20,10,52,5,24,6,42,18
2022-05-01,62,5,45,10,46,0,41,7,82,0,3,54,2,10,21,26,9,50,9,35,8,42,20
2022-05-08,53,5,40,10,43,0,40,5,60,1,2,55,2,10,21,22,7,52,5,36,8,40,22
2022-05-15,49,4,40,10,37,0,40,6,56,0,2,57,2,11,25,26,9,53,6,33,6,40,12
2022-05-22,53,4,38,10,43,0,40,7,58,0,2,52,2,10,24,22,12,48,6,31,8,45,16
2022-05-29,49,4,37,9,54,0,38,7,60,2,2,53,2,9,22,31,11,55,5,35,11,44,20
2022-06-05,53,5,40,10,67,0,41,7,60,3,2,52,2,11,26,24,11,49,9,39,11,51,18
2022-06-12,54,6,41,10,55,0,42,9,57,2,2,54,2,10,29,26,13,48,5,44,9,50,20
2022-06-19,57,6,46,11,50,16,42,10,69,1,2,64,2,10,21,28,8,54,10,46,9,49,24
2022-06-26,57,6,46,11,41,0,40,9,69,2,3,59,3,11,21,24,14,52,8,42,9,47,16
2022-07-03,60,5,46,12,51,0,45,11,69,3,2,58,3,11,28,30,11,57,6,50,10,51,22
2022-07-10,58,5,43,13,50,0,45,10,63,2,2,55,2,11,23,25,10,53,6,46,6,56,17
2022-07-17,56,5,42,11,55,0,43,9,60,2,2,55,3,12,30,22,12,53,5,43,8,58,25
2022-07-24,59,5,40,11,38,12,45,10,57,2,1,62,2,11,27,29,11,55,4,40,7,49,26
2022-07-31,61,6,43,12,56,10,43,13,60,3,2,58,2,11,24,32,0,53,4,47,11,53,24
2022-08-07,61,6,41,12,56,14,46,11,60,3,1,65,2,11,22,35,15,45,4,49,8,55,26
2022-08-14,63,5,45,13,71,16,47,10,60,3,2,60,3,13,25,29,12,49,5,52,9,58,27
2022-08-21,62,5,43,13,58,0,44,11,55,0,2,58,2,12,26,34,12,50,8,44,13,56,20
2022-08-28,56,5,39,11,55,10,42,9,52,3,2,53,2,10,27,32,13,51,5,43,6,49,17
2022-09-04,58,5,39,11,50,15,38,7,56,3,1,51,2,10,18,27,9,51,4,51,10,55,17
2022-09-11,56,5,39,11,53,10,43,8,53,0,2,53,2,10,17,27,12,55,4,44,11,53,15
2022-09-18,54,5,40,11,55,0,45,8,54,3,2,53,2,10,22,26,13,52,4,56,11,63,22
2022-09-25,55,5,37,10,55,19,43,11,54,3,2,50,3,8,24,29,11,48,5,44,11,55,17
2022-10-02,56,6,38,10,47,11,42,10,56,2,2,50,2,10,29,29,10,45,4,49,9,57,17
2022-10-09,54,5,36,10,47,11,44,10,52,3,2,51,2,9,22,30,13,40,4,39,16,63,18
2022-10-16,52,6,39,10,56,10,45,9,52,4,2,51,2,9,29,30,11,39,3,47,13,50,20
2022-10-23,50,5,36,10,47,11,43,8,54,2,1,52,1,9,24,27,10,38,2,44,11,55,16
2022-10-30,50,5,33,11,40,12,39,6,53,1,2,50,2,9,27,24,13,47,5,44,10,52,14
2022-11-06,51,6,39,10,47,10,38,7,54,2,2,52,2,10,22,25,8,47,3,44,13,53,15
2022-11-13,53,6,37,11,48,12,42,8,66,2,2,55,2,10,26,27,19,50,5,41,13,63,18
2022-11-20,48,5,36,9,47,9,38,8,51,1,1,50,2,8,25,25,13,42,3,41,12,54,15
2022-11-27,45,5,35,9,47,14,45,6,47,0,2,47,2,8,24,26,11,43,6,48,9,46,15
2022-12-04,46,5,35,10,40,11,46,7,51,0,1,49,2,8,25,24,12,47,4,40,10,52,17
2022-12-11,48,7,37,9,54,16,44,7,53,2,2,49,2,8,22,21,11,50,4,48,12,65,20
2022-12-18,53,6,42,9,37,9,41,8,66,2,2,52,2,8,22,26,11,45,4,61,7,58,15
2022-12-25,66,7,49,11,56,13,47,10,85,4,2,63,2,11,27,40,9,49,5,56,12,54,22
2023-01-01,62,7,48,13,56,12,50,12,70,2,2,67,2,13,37,30,13,56,10,58,9,57,18
2023-01-08,62,6,44,13,44,15,50,9,56,3,2,66,3,13,39,24,16,54,7,49,9,53,21
2023-01-15,61,7,42,13,48,12,42,9,53,1,2,62,3,12,28,22,14,56,5,48,9,53,17
2023-01-22,65,7,46,13,55,15,45,8,61,2,2,65,3,12,29,29,18,49,4,55,8,54,17
2023-01-29,58,7,42,13,48,0,43,9,52,2,2,57,3,11,29,33,15,47,4,45,10,52,17
2023-02-05,59,6,43,12,49,0,43,7,58,2,2,58,2,11,26,24,11,47,4,46,7,53,15
2023-02-12,60,7,41,12,42,0,41,9,54,2,2,59,3,10,34,22,8,45,6,48,8,51,12
2023-02-19,60,7,42,13,56,0,47,9,55,0,2,60,3,11,24,26,14,53,5,50,15,57,34
2023-02-26,59,6,43,12,59,13,48,10,54,2,2,57,2,11,28,25,11,49,4,53,11,50,21
2023-03-05,62,6,44,13,57,11,45,8,54,3,2,62,2,11,23,28,10,49,7,50,15,51,18
2023-03-12,63,6,42,13,48,11,45,7,51,2,2,63,3,11,19,22,10,44,4,47,9,64,20
2023-03-19,69,5,40,12,49,14,42,8,50,2,2,58,3,11,24,20,11,45,5,58,9,61,19
2023-03-26,67,5,40,13,51,14,45,8,50,2,1,57,2,11,27,24,15,41,4,51,11,65,17
2023-04-02,64,5,42,15,59,15,47,10,54,2,2,59,2,10,26,29,8,40,5,52,9,63,17
2023-04-09,62,7,43,14,69,16,46,8,58,4,2,66,3,10,33,22,14,42,5,59,6,60,15
2023-04-16,66,6,45,14,58,14,46,9,59,2,2,71,3,10,26,23,14,45,7,59,10,63,18
2023-04-23,71,8,49,14,52,8,48,8,75,2,2,62,3,10,27,38,13,43,10,58,8,69,17
2023-04-30,64,6,44,15,56,10,48,8,59,4,2,63,2,9,29,34,12,44,7,47,14,70,15
2023-05-07,65,6,45,16,55,16,45,9,59,3,2,63,2,10,25,28,9,40,7,61,11,59,16
2023-05-14,62,7,45,13,55,14,43,8,58,2,2,61,2,9,28,23,12,39,6,61,12,67,17
2023-05-21,66,7,44,14,56,13,49,8,59,2,2,58,2,9,25,30,9,42,5,60,11,67,17
2023-05-28,67,7,48,14,60,8,50,10,65,3,2,61,2,10,24,33,13,47,7,61,10,74,23
2023-06-04,63,7,45,15,54,14,49,9,67,2,2,60,3,11,27,29,9,47,8,63,12,64,19
2023-06-11,68,7,48,15,48,18,51,9,57,2,2,63,2,10,24,27,11,47,10,66,13,66,17
2023-06-18,73,8,52,14,50,17,49,10,68,3,2,65,3,10,28,33,14,50,10,62,14,69,17
2023-06-25,77,8,53,16,63,21,50,11,71,2,2,71,3,12,23,30,9,47,9,71,7,67,16
2023-07-02,80,9,54,16,53,13,51,10,60,4,2,68,3,10,33,33,11,45,9,63,12,70,22
2023-07-09,75,8,51,17,63,13,48,11,63,4,2,72,3,10,32,30,12,47,8,61,8,71,13
2023-07-16,69,8,49,15,56,16,46,11,62,2,2,69,3,10,33,35,11,41,6,63,11,69,14
2023-07-23,74,7,47,15,61,17,46,10,65,4,2,66,2,10,29,30,14,45,6,65,15,66,17
2023-07-30,72,7,49,16,56,17,47,12,59,3,2,63,2,11,39,38,15,42,8,58,11,68,18
2023-08-06,80,8,46,16,53,0,46,12,66,4,2,66,3,10,28,30,16,41,7,60,15,67,21
2023-08-13,74,7,50,16,51,11,46,8,66,4,2,62,3,10,29,34,9,44,7,62,11,71,18
2023-08-20,67,6,45,15,52,19,48,10,63,3,2,61,2,9,25,27,14,36,6,54,12,68,16
2023-08-27,73,6,45,13,66,0,45,9,69,3,2,69,2,8,33,32,14,40,6,60,11,65,15
2023-09-03,77,6,42,13,62,13,44,10,56,3,2,82,2,8,30,33,9,39,6,59,11,64,18
2023-09-10,69,8,44,15,61,14,45,9,60,3,2,61,2,8,27,38,6,41,3,56,16,63,16
2023-09-17,62,6,44,12,47,10,51,10,59,3,1,61,2,8,26,25,13,39,4,56,14,67,17
2023-09-24,61,7,41,13,45,0,45,7,58,4,1,63,2,8,32,32,15,37,6,49,12,55,16
2023-10-01,59,7,41,12,39,9,42,12,55,2,1,58,2,7,30,34,13,36,5,57,12,56,17
2023-10-08,58,8,39,11,47,10,41,8,56,3,1,53,2,7,26,33,13,36,4,51,6,60,14
2023-10-15,58,8,39,11,52,13,43,8,53,4,1,52,2,7,26,36,8,33,6,52,9,67,11
2023-10-22,54,8,37,10,49,12,38,8,53,2,1,54,2,7,27,33,13,32,6,56,10,54,17
2023-10-29,54,7,36,10,35,14,39,7,51,2,1,51,2,6,27,36,11,34,0,46,7,53,15
2023-11-05,51,7,35,10,41,0,40,7,46,0,2,52,2,6,28,23,12,33,5,48,8,63,19
2023-11-12,52,7,36,10,46,0,38,7,52,1,2,53,2,7,31,32,10,30,5,43,11,52,14
2023-11-19,53,7,35,9,26,0,40,6,52,1,2,57,2,8,22,33,11,34,4,46,10,50,14
2023-11-26,52,7,39,10,45,11,42,7,50,2,2,54,2,8,26,36,13,44,3,42,7,57,14
2023-12-03,52,7,36,9,42,13,43,7,50,2,1,55,2,7,19,32,7,39,3,51,8,59,13
2023-12-10,51,8,37,10,41,10,38,8,53,3,1,53,2,8,26,29,14,46,5,50,7,52,13
2023-12-17,56,9,42,10,57,0,42,8,62,2,1,57,2,9,23,31,16,41,8,60,6,60,16
2023-12-24,67,9,50,12,63,20,48,11,83,3,2,70,3,10,26,38,15,50,9,70,10,72,18
2023-12-31,67,9,49,13,64,0,50,12,63,2,2,72,3,11,37,40,13,50,10,53,8,64,17
2024-01-07,68,8,41,12,38,0,26,4,30,1,2,71,2,10,42,40,13,69,11,6,1,8,2
2024-01-14,60,8,41,12,37,6,24,5,30,2,2,68,2,11,26,29,15,64,8,6,1,7,2
2024-01-21,55,7,38,11,36,9,26,5,29,1,2,66,3,10,34,36,11,59,8,6,1,7,2
2024-01-28,58,8,38,12,34,0,24,4,29,1,1,67,4,9,35,33,15,52,5,5,1,7,2
2024-02-04,57,7,37,13,32,0,23,4,31,1,1,64,2,10,28,31,10,57,6,6,1,8,1
2024-02-11,58,7,37,11,35,6,26,3,29,2,1,65,3,10,31,30,16,47,5,6,1,7,2
2024-02-18,59,8,41,12,34,8,25,5,28,1,1,73,3,9,36,35,15,59,6,7,1,8,2
2024-02-25,60,8,37,12,35,0,27,4,32,0,1,68,3,10,33,32,15,62,6,6,1,7,2
2024-03-03,57,6,39,10,32,8,25,4,31,1,1,67,2,8,31,36,16,47,6,7,1,8,2
2024-03-10,60,5,38,12,35,8,22,6,28,1,1,65,3,9,36,27,16,55,5,6,1,7,2
2024-03-17,60,6,38,12,38,9,26,4,31,2,1,66,2,8,40,26,17,59,6,6,1,8,2
2024-03-24,62,5,38,13,46,7,28,4,31,2,1,70,2,8,37,42,19,53,7,7,1,8,3
2024-03-31,65,5,39,13,32,13,27,5,32,2,1,65,3,9,30,33,17,48,7,7,1,8,1
2024-04-07,67,6,44,14,32,8,28,5,38,2,2,69,2,9,45,46,13,44,7,8,1,8,2
2024-04-14,63,7,41,13,38,0,26,5,32,1,1,72,3,9,30,29,12,51,8,7,1,7,1
2024-04-21,66,7,42,12,34,0,25,5,33,2,2,70,2,9,36,38,12,46,7,6,1,10,2
2024-04-28,68,8,43,14,37,0,27,6,36,1,2,75,2,10,35,24,14,54,11,7,1,9,2
2024-05-05,65,8,41,14,33,9,27,5,35,1,1,68,3,9,33,43,15,45,9,7,1,9,2
2024-05-12,67,8,43,13,30,7,27,6,33,2,1,72,3,8,32,48,19,46,9,8,1,10,2
2024-05-19,67,8,44,12,38,12,27,6,39,2,2,70,3,10,37,44,13,49,10,8,1,10,2
2024-05-26,66,7,43,14,35,9,30,5,35,2,1,68,2,9,37,38,12,50,9,8,2,9,2
2024-06-02,65,6,41,13,39,6,28,6,35,2,1,67,2,9,33,42,16,46,11,7,1,10,3
2024-06-09,69,7,47,14,39,11,33,4,37,3,2,73,3,9,38,39,14,51,9,8,2,9,2
2024-06-16,62,8,45,13,44,9,34,6,36,2,1,71,3,8,38,47,16,50,11,8,1,9,2
2024-06-23,68,6,45,13,31,11,30,6,38,2,1,72,3,8,41,47,13,49,12,9,1,9,2
2024-06-30,66,7,44,13,32,14,30,7,35,3,2,71,2,9,34,45,16,42,10,8,1,10,2
2024-07-07,64,6,46,13,44,9,31,5,35,3,2,72,3,9,40,41,16,50,8,7,1,10,2
2024-07-14,67,6,47,14,37,7,31,6,39,3,2,74,3,10,30,43,10,46,8,7,2,10,1
2024-07-21,67,7,52,15,34,7,26,5,37,2,2,76,3,10,27,39,11,54,11,6,2,9,2
2024-07-28,68,6,47,13,100,14,28,5,36,2,1,74,3,9,28,40,11,44,10,8,2,9,2
2024-08-04,68,6,46,14,43,0,27,6,35,1,2,70,3,9,27,39,13,46,9,7,1,11,2
2024-08-11,76,5,47,14,42,9,28,6,34,2,1,73,3,9,31,40,13,41,4,7,1,9,2
2024-08-18,68,7,46,13,33,8,28,6,37,2,2,71,2,9,37,53,14,45,9,7,1,11,2
2024-08-25,69,6,44,14,36,8,28,5,36,2,1,67,3,8,29,45,13,45,6,7,1,9,2
2024-09-01,63,6,44,14,28,8,28,5,34,2,2,71,2,8,33,43,16,43,7,7,1,10,2
2024-09-08,68,6,43,13,34,9,28,6,36,2,1,66,2,8,35,40,13,45,6,7,1,9,2
2024-09-15,63,6,41,12,42,0,28,6,36,1,1,67,3,8,35,40,14,48,6,6,2,8,2
2024-09-22,56,5,39,12,26,7,26,5,33,2,1,66,2,7,34,40,12,47,6,6,1,8,2
2024-09-29,57,6,39,11,34,0,25,4,31,1,1,62,2,7,30,40,16,38,6,7,1,7,2
2024-10-06,56,5,41,11,25,6,25,5,33,2,1,66,2,7,34,41,11,44,6,7,1,8,2
2024-10-13,56,5,37,10,30,7,24,4,36,3,1,60,2,6,33,43,19,44,0,6,1,8,2
2024-10-20,53,5,36,10,33,0,25,4,32,1,1,58,2,8,35,42,12,49,0,7,1,7,2
2024-10-27,50,5,37,9,30,0,27,4,29,0,1,55,2,6,32,41,13,38,4,6,1,9,2
2024-11-03,48,4,37,10,35,0,23,5,31,2,1,57,2,7,36,36,16,41,5,7,1,8,2
2024-11-10,48,4,37,9,34,0,27,4,31,1,1,57,3,8,32,38,16,49,6,8,1,7,2
2024-11-17,49,4,35,9,27,0,25,5,28,1,1,57,2,6,32,41,12,51,4,6,1,8,2
2024-11-24,45,3,35,8,34,0,26,3,28,0,1,57,2,7,31,36,14,44,5,7,1,8,2
2024-12-01,48,5,33,8,30,7,26,3,29,2,2,53,2,7,26,38,14,50,4,7,1,7,2
2024-12-08,51,4,34,8,23,0,25,4,31,2,2,51,2,8,33,39,11,46,5,7,1,8,2
2024-12-15,49,4,31,9,26,9,26,4,28,1,1,50,2,6,35,40,21,40,4,7,1,7,2
2024-12-22,55,6,43,9,37,0,32,5,35,2,2,61,2,7,36,51,19,51,11,8,1,9,2
2024-12-29,56,5,42,9,30,7,32,5,39,2,1,63,2,8,42,47,23,100,10,8,1,9,2
2025-01-05,60,5,42,10,38,7,30,5,32,2,2,66,2,9,42,43,13,53,9,7,1,8,2
2025-01-12,55,5,39,10,22,7,27,5,27,2,2,70,3,8,36,35,10,47,7,7,1,7,2
2025-01-19,56,5,37,9,40,0,27,3,29,2,2,73,2,9,36,32,13,44,7,7,1,8,2
2025-01-26,55,5,36,10,30,0,27,3,29,2,1,61,3,8,40,35,16,44,8,6,0,7,2
2025-02-02,51,4,35,10,34,10,22,4,27,1,2,58,3,8,30,34,13,41,5,6,1,6,2
2025-02-09,55,3,34,10,25,0,27,5,32,2,2,62,2,9,30,50,14,47,0,6,1,7,1
2025-02-16,53,4,36,9,25,0,27,4,26,1,1,60,2,9,30,37,16,55,4,6,1,8,2
2025-02-23,51,4,34,10,31,0,24,4,25,1,1,58,3,8,37,33,16,50,3,6,1,6,1
2025-03-02,52,4,34,10,25,7,26,4,28,2,1,58,2,9,30,34,12,38,0,6,1,8,2
2025-03-09,52,4,35,10,24,0,26,5,28,2,1,61,3,9,38,38,13,48,3,6,1,7,1
2025-03-16,57,3,36,12,25,0,27,4,28,1,1,63,2,9,34,42,16,49,7,7,1,8,2
2025-03-23,56,3,36,12,39,0,23,5,26,2,2,60,2,9,28,28,14,39,5,5,1,8,2
2025-03-30,60,5,39,11,33,0,24,5,31,2,1,62,2,8,32,39,0,44,7,7,0,9,2
2025-04-06,60,4,37,11,31,7,25,5,31,2,1,63,3,9,41,40,24,40,5,6,1,10,1
2025-04-13,64,5,39,11,37,9,27,5,29,1,1,63,2,8,34,36,17,40,7,8,1,8,2
2025-04-20,60,5,39,10,35,8,29,5,32,2,2,64,3,8,41,43,18,50,5,8,1,10,3
2025-04-27,61,4,41,11,36,8,27,4,29,3,2,64,3,8,41,43,21,41,6,7,1,10,2
2025-05-04,62,4,42,12,36,0,30,5,32,0,1,63,2,7,31,44,16,41,7,7,1,9,2
2025-05-11,67,5,40,12,41,7,29,6,35,2,1,67,3,8,27,44,17,51,6,7,1,9,2
2025-05-18,63,4,38,12,31,7,27,5,43,2,1,67,2,9,38,35,13,42,9,7,1,9,2
2025-05-25,63,4,38,12,36,6,27,4,30,2,2,69,3,8,30,47,16,45,6,6,1,9,2
2025-06-01,62,4,43,12,37,13,32,5,32,2,2,78,2,8,38,46,24,44,4,7,1,10,2
2025-06-08,64,4,43,11,34,0,32,5,33,2,1,68,3,8,26,45,16,42,6,8,1,12,2
2025-06-15,61,5,41,12,37,8,30,6,34,1,1,68,3,8,20,45,13,42,7,9,1,12,2
2025-06-22,62,5,40,11,38,11,30,7,36,1,1,64,2,8,26,46,15,53,7,7,1,10,2
2025-06-29,64,4,41,12,41,8,29,5,34,2,1,65,3,8,33,42,15,43,8,8,1,10,2
2025-07-06,65,4,42,12,38,9,35,6,35,1,1,72,3,8,35,41,22,51,6,9,1,12,2
2025-07-13,65,4,41,13,37,9,35,8,39,2,2,72,3,9,32,46,19,45,6,9,1,15,3
2025-07-20,70,5,44,12,36,12,39,11,40,3,2,68,3,8,36,48,36,49,6,10,2,20,4
2025-07-27,73,4,45,14,38,7,46,14,47,2,2,77,3,9,26,65,25,45,8,10,2,30,5
2025-08-03,95,5,58,18,53,11,83,33,65,3,3,90,5,13,53,92,46,53,10,16,3,78,12
2025-08-10,100,5,62,16,62,11,100,34,66,3,5,100,6,15,50,95,55,60,10,18,3,100,16
2025-08-17,92,5,59,16,66,8,93,27,62,4,4,99,5,15,47,82,59,60,13,17,3,97,13
2025-08-24,88,5,51,14,47,0,78,21,51,3,4,91,5,12,49,76,38,58,12,15,3,67,11
2025-08-31,87,5,57,15,54,10,83,23,54,3,4,83,5,11,45,82,35,67,9,15,2,72,12
2025-09-07,87,5,59,15,48,7,88,20,50,3,4,83,5,12,43,70,32,62,8,14,2,70,13
2025-09-14,75,4,49,13,38,0,69,13,39,2,2,72,3,10,39,67,25,62,6,13,2,58,9
2025-09-21,69,5,46,12,46,11,76,12,44,2,3,71,3,10,29,54,29,52,7,13,2,60,13
2025-09-28,73,4,48,11,44,0,68,14,46,2,3,73,4,10,44,66,35,55,7,13,2,58,11
2025-10-05,71,4,44,11,43,7,61,11,47,3,2,71,4,10,30,57,22,53,5,11,2,54,9
2025-10-12,66,3,45,10,42,0,60,10,41,3,3,69,3,10,42,53,27,50,6,11,2,51,10
2025-10-19,60,4,42,10,35,0,57,8,41,2,2,70,3,10,43,54,22,48,8,10,2,50,9
2025-10-26,60,4,44,10,32,0,52,8,40,2,3,74,3,9,37,51,24,52,5,10,1,44,8
2025-11-02,62,3,44,11,35,9,54,9,40,1,3,73,3,10,36,52,26,48,7,11,2,48,7
2025-11-09,63,4,46,10,33,0,59,9,37,2,3,73,4,10,41,63,28,56,5,11,2,47,7
2025-11-16,69,4,47,10,42,0,67,9,42,2,3,72,3,10,39,61,24,50,7,12,2,54,8
2025-11-23,67,4,52,14,42,0,83,13,40,2,3,81,3,10,54,78,32,56,7,17,2,66,10
2025-11-30,71,5,50,12,50,8,91,19,47,2,3,79,4,13,50,100,42,62,7,20,2,72,11
2025-12-07,65,4,44,11,40,0,81,18,40,2,3,71,4,13,34,77,41,67,7,17,2,60,11
2025-12-14,67,3,45,11,44,9,76,20,39,2,3,74,3,11,38,81,39,55,7,15,1,51,11
2025-12-21,75,4,45,11,40,0,70,28,46,2,3,74,2,10,35,86,36,53,9,17,2,42,10
2025-12-28,75,4,51,12,46,8,77,32,52,2,3,84,4,10,40,96,43,68,7,16,1,46,10
